﻿<?xml version="1.0" encoding="utf-8"?>
<!-- Edited with XiRUTE .NET Library 01-04 -->
<link:linkbase xmlns:xlink="http://www.w3.org/1999/xlink" xmlns:xsi="http://www.w3.org/2001/XMLSchema-instance" xmlns:link="http://www.xbrl.org/2003/linkbase">
  <link:labelLink xlink:type="extended" xlink:role="http://www.xbrl.org/2003/role/link">
    <link:label xml:lang="en" xlink:type="resource" xlink:label="jpfr-asr-E02778-000_TelecommunicationsEquipmentNet_label_2" xlink:role="http://www.xbrl.org/2003/role/verboseLabel">Telecommunications equipment, net</link:label>
    <link:label xml:lang="en" xlink:type="resource" xlink:label="jpfr-asr-E02778-000_IncomeFromInvestmentsInPartnershipsIncomeNOI_label_1" xlink:role="http://www.xbrl.org/2003/role/verboseLabel">Income from investments in partnerships income-NOI</link:label>
    <link:label xml:lang="en" xlink:type="resource" xlink:label="jpfr-asr-E02778-000_IncomeFromInvestmentsInPartnershipsIncomeNOI_label" xlink:role="http://www.xbrl.org/2003/role/documentation">Income from investments in partnerships income-NOI</link:label>
    <link:label xml:lang="en" xlink:type="resource" xlink:label="jpfr-asr-E02778-000_UnrealizedLossGainOnValuationOfInvestmentAndLossGainOnSalesOfInvestmentAtSubsidiariesInTheUSNetEI_label_2" xlink:role="http://www.xbrl.org/2003/role/label">Unrealized loss/gain on valuation of investment and loss/gain on sales of investment at subsidiaries in the U.S., net</link:label>
    <link:label xml:lang="en" xlink:type="resource" xlink:label="jpfr-asr-E02778-000_IncreaseDueToMergerOfConsolidatedAndNonConsolidatedSubsidiariesNA_label_1" xlink:role="http://www.xbrl.org/2003/role/verboseLabel">Increase due to merger of consolidated and non-consolidated subsidiaries-NA</link:label>
    <link:label xml:lang="en" xlink:type="resource" xlink:label="jpfr-asr-E02778-000_IncreaseDueToMergerOfConsolidatedAndNonConsolidatedSubsidiariesSE_label_2" xlink:role="http://www.xbrl.org/2003/role/label">Increase due to merger of consolidated and non-consolidated subsidiaries</link:label>
    <link:label xml:lang="en" xlink:type="resource" xlink:label="jpfr-asr-E02778-000_InterestExpensesFromSubsidiariesAndAffiliatesNOE_label_1" xlink:role="http://www.xbrl.org/2003/role/documentation">Interest expenses from subsidiaries and affiliates-NOE</link:label>
    <link:label xml:lang="en" xlink:type="resource" xlink:label="jpfr-asr-E02778-000_PaymentsForAcquisitionOfMinorityInterestsAndLongTemDebtFinCF_label_2" xlink:role="http://www.xbrl.org/2003/role/documentation">Payments for acquisition of minority interests and long-tem debt-FinCF</link:label>
    <link:label xml:lang="en" xlink:type="resource" xlink:label="jpfr-asr-E02778-000_ChangesInAForeignAffiliateSOwnershipInterestInItsSubsidiaryThatDoNotResultInALossOfControlNA_label" xlink:role="http://www.xbrl.org/2003/role/documentation">Changes in a foreign affiliate's ownership interest in its subsidiary that do not result in a loss of control-NA</link:label>
    <link:label xml:lang="en" xlink:type="resource" xlink:label="jpfr-asr-E02778-000_ValuationLossOnOptionEL_label_1" xlink:role="http://www.xbrl.org/2003/role/verboseLabel">Valuation loss on option-EL</link:label>
    <link:label xml:lang="en" xlink:type="resource" xlink:label="jpfr-asr-E02778-000_DecreaseInCashAndCashEquivalentsResultingFromCorporateCCE_label_2" xlink:role="http://www.xbrl.org/2003/role/documentation">Decrease in cash and cash equivalents resulting from corporate-CCE</link:label>
    <link:label xml:lang="en" xlink:type="resource" xlink:label="jpfr-asr-E02778-000_DecreaseInRetainedEarningsDueToAdoptionOfPracticalSolutionOnUnificationOfAccountingPoliciesAppliedToAssociatesAccountedForUsingTheEquityMethodRE_label" xlink:role="http://www.xbrl.org/2003/role/label">Decrease in retained earnings due to adoption of practical solution on unification of accounting policies applied to associates accounted for using the equity method</link:label>
    <link:label xml:lang="en" xlink:type="resource" xlink:label="jpfr-asr-E02778-000_DecreaseInRetainedEarningsDueToAdoptionOfPracticalSolutionOnUnificationOfAccountingPoliciesAppliedToAssociatesAccountedForUsingTheEquityMethodNA_label_1" xlink:role="http://www.xbrl.org/2003/role/verboseLabel">Decrease in retained earnings due to adoption of practical solution on unification of accounting policies applied to associates accounted for using the equity method-NA</link:label>
    <link:label xml:lang="en" xlink:type="resource" xlink:label="jpfr-asr-E02778-000_LossOnSalesPriceAdjustmentsOfInvestmentsInSubsidiariesAndAffiliatesEL_label_1" xlink:role="http://www.xbrl.org/2003/role/documentation">Loss on sales price adjustments of investments in subsidiaries and affiliates-EL</link:label>
    <link:label xml:lang="en" xlink:type="resource" xlink:label="jpfr-asr-E02778-000_InterestOnLoansToSubsidiariesSonAffiliatesNOI_label" xlink:role="http://www.xbrl.org/2003/role/verboseLabel">Interest on loans to subsidiaries son affiliates-NOI</link:label>
    <link:label xml:lang="en" xlink:type="resource" xlink:label="jpfr-asr-E02778-000_InterestOnLoansToSubsidiariesSonAffiliatesNOI_label_1" xlink:role="http://www.xbrl.org/2003/role/documentation">Interest on loans to subsidiaries son affiliates-NOI</link:label>
    <link:label xml:lang="en" xlink:type="resource" xlink:label="jpfr-asr-E02778-000_TelecommunicationsServiceLinesNet_label" xlink:role="http://www.xbrl.org/2003/role/label">Telecommunications service lines, net</link:label>
    <link:label xml:lang="en" xlink:type="resource" xlink:label="jpfr-asr-E02778-000_UnrealizedLossGainOnValuationOfInvestmentAndLossGainOnSalesOfInvestmentAtSubsidiariesInTheUSNetOpeCF_label" xlink:role="http://www.xbrl.org/2003/role/documentation">Unrealized loss (gain) on valuation of investment and loss (gain) on sales of investment at subsidiaries in the U.S., net-OpeCF</link:label>
    <link:label xml:lang="en" xlink:type="resource" xlink:label="jpfr-asr-E02778-000_DecreaseInCashAndCashEquivalentsResultingFromCorporateCCE_label_1" xlink:role="http://www.xbrl.org/2003/role/verboseLabel">Decrease in cash and cash equivalents resulting from corporate-CCE</link:label>
    <link:label xml:lang="en" xlink:type="resource" xlink:label="jpfr-asr-E02778-000_GainOnAcquisitionOfMinorityInterestsAndLongTermDebtEI_label" xlink:role="http://www.xbrl.org/2003/role/documentation">Gain on acquisition of minority interests and long-term debt-EI</link:label>
    <link:label xml:lang="en" xlink:type="resource" xlink:label="jpfr-asr-E02778-000_GainOnAcquisitionOfMinorityInterestsAndLongTermDebtEI_label_1" xlink:role="http://www.xbrl.org/2003/role/label">Gain on acquisition of minority interests and long-term debt</link:label>
    <link:label xml:lang="en" xlink:type="resource" xlink:label="jpfr-asr-E02778-000_DividendsFromSubsidiariesAndAffiliatesNOI_label_2" xlink:role="http://www.xbrl.org/2003/role/verboseLabel">Dividends from subsidiaries and affiliates-NOI</link:label>
    <link:label xml:lang="en" xlink:type="resource" xlink:label="jpfr-asr-E02778-000_DecreaseInRetainedEarningsDueToAdoptionOfPracticalSolutionOnUnificationOfAccountingPoliciesAppliedToAssociatesAccountedForUsingTheEquityMethodSE_label_2" xlink:role="http://www.xbrl.org/2003/role/verboseLabel">Decrease in retained earnings due to adoption of practical solution on unification of accounting policies applied to associates accounted for using the equity method-SE</link:label>
    <link:label xml:lang="en" xlink:type="resource" xlink:label="jpfr-asr-E02778-000_IncreaseDueToMergerOfConsolidatedAndNonConsolidatedSubsidiariesRE_label_2" xlink:role="http://www.xbrl.org/2003/role/verboseLabel">Increase due to merger of consolidated and non-consolidated subsidiaries-RE</link:label>
    <link:label xml:lang="en" xlink:type="resource" xlink:label="jpfr-asr-E02778-000_UnrealizedLossGainOnValuationOfInvestmentAndLossGainOnSalesOfInvestmentAtSubsidiariesInTheUSNetEL_label" xlink:role="http://www.xbrl.org/2003/role/label">Unrealized loss/gain on valuation of investment and loss/gain on sales of investment at subsidiaries in the U.S., net</link:label>
    <link:label xml:lang="en" xlink:type="resource" xlink:label="jpfr-asr-E02778-000_LossOnSalesPriceAdjustmentsOfInvestmentsInSubsidiariesAndAffiliatesEL_label_2" xlink:role="http://www.xbrl.org/2003/role/label">Loss on sales price adjustments of investments in subsidiaries and affiliates</link:label>
    <link:label xml:lang="en" xlink:type="resource" xlink:label="jpfr-asr-E02778-000_UnrealizedLossGainOnValuationOfInvestmentAndLossGainOnSalesOfInvestmentAtSubsidiariesInTheUSNetEI_label" xlink:role="http://www.xbrl.org/2003/role/documentation">Unrealized loss/gain on valuation of investment and loss/gain on sales of investment at subsidiaries in the U.S., net-EI</link:label>
    <link:label xml:lang="en" xlink:type="resource" xlink:label="jpfr-asr-E02778-000_ProceedsFromSaleAndLeaseBackOfEquipmentNewlyAcquiredFinCF_label_1" xlink:role="http://www.xbrl.org/2003/role/label">Proceeds from sale and lease back of equipment newly acquired</link:label>
    <link:label xml:lang="en" xlink:type="resource" xlink:label="jpfr-asr-E02778-000_DecreaseInRetainedEarningsDueToAdoptionOfPracticalSolutionOnUnificationOfAccountingPoliciesAppliedToAssociatesAccountedForUsingTheEquityMethodNA_label_2" xlink:role="http://www.xbrl.org/2003/role/documentation">Decrease in retained earnings due to adoption of practical solution on unification of accounting policies applied to associates accounted for using the equity method-NA</link:label>
    <link:label xml:lang="en" xlink:type="resource" xlink:label="jpfr-asr-E02778-000_UnrealizedLossGainOnValuationOfInvestmentAndLossGainOnSalesOfInvestmentAtSubsidiariesInTheUSNetOpeCF_label_2" xlink:role="http://www.xbrl.org/2003/role/verboseLabel">Unrealized loss (gain) on valuation of investment and loss (gain) on sales of investment at subsidiaries in the U.S., net-OpeCF</link:label>
    <link:label xml:lang="en" xlink:type="resource" xlink:label="jpfr-asr-E02778-000_UnrealizedLossGainOnValuationOfInvestmentAndLossGainOnSalesOfInvestmentAtSubsidiariesInTheUSNetEL_label_1" xlink:role="http://www.xbrl.org/2003/role/documentation">Unrealized loss/gain on valuation of investment and loss/gain on sales of investment at subsidiaries in the U.S., net-EL</link:label>
    <link:label xml:lang="en" xlink:type="resource" xlink:label="jpfr-asr-E02778-000_GainOnAcquisitionOfMinorityInterestsAndLongTermDebtEI_label_2" xlink:role="http://www.xbrl.org/2003/role/verboseLabel">Gain on acquisition of minority interests and long-term debt-EI</link:label>
    <link:label xml:lang="en" xlink:type="resource" xlink:label="jpfr-asr-E02778-000_ValuationLossOnOptionEL_label" xlink:role="http://www.xbrl.org/2003/role/documentation">Valuation loss on option-EL</link:label>
    <link:label xml:lang="en" xlink:type="resource" xlink:label="jpfr-asr-E02778-000_TelecommunicationsServiceLinesNet_label_1" xlink:role="http://www.xbrl.org/2003/role/documentation">Telecommunications service lines, net</link:label>
    <link:label xml:lang="en" xlink:type="resource" xlink:label="jpfr-asr-E02778-000_TelecommunicationsEquipmentNet_label" xlink:role="http://www.xbrl.org/2003/role/label">Telecommunications equipment, net</link:label>
    <link:label xml:lang="en" xlink:type="resource" xlink:label="jpfr-asr-E02778-000_DividendsFromSubsidiariesAndAffiliatesNOI_label_1" xlink:role="http://www.xbrl.org/2003/role/documentation">Dividends from subsidiaries and affiliates-NOI</link:label>
    <link:label xml:lang="en" xlink:type="resource" xlink:label="jpfr-asr-E02778-000_ChangesInAForeignAffiliateSOwnershipInterestInItsSubsidiaryThatDoNotResultInALossOfControlCS_label" xlink:role="http://www.xbrl.org/2003/role/verboseLabel">Changes in a foreign affiliate's ownership interest in its subsidiary that do not result in a loss of control-CS</link:label>
    <link:label xml:lang="en" xlink:type="resource" xlink:label="jpfr-asr-E02778-000_IncreaseDueToMergerOfConsolidatedAndNonConsolidatedSubsidiariesRE_label_1" xlink:role="http://www.xbrl.org/2003/role/label">Increase due to merger of consolidated and non-consolidated subsidiaries</link:label>
    <link:label xml:lang="en" xlink:type="resource" xlink:label="jpfr-asr-E02778-000_IncreaseDueToMergerOfConsolidatedAndNonConsolidatedSubsidiariesSE_label" xlink:role="http://www.xbrl.org/2003/role/documentation">Increase due to merger of consolidated and non-consolidated subsidiaries-SE</link:label>
    <link:label xml:lang="en" xlink:type="resource" xlink:label="jpfr-asr-E02778-000_ProceedsFromSaleAndLeaseBackOfEquipmentNewlyAcquiredFinCF_label_2" xlink:role="http://www.xbrl.org/2003/role/documentation">Proceeds from sale and lease back of equipment newly acquired-FinCF</link:label>
    <link:label xml:lang="en" xlink:type="resource" xlink:label="jpfr-asr-E02778-000_PaymentsForAcquisitionOfMinorityInterestsAndLongTemDebtFinCF_label" xlink:role="http://www.xbrl.org/2003/role/verboseLabel">Payments for acquisition of minority interests and long-tem debt-FinCF</link:label>
    <link:label xml:lang="en" xlink:type="resource" xlink:label="jpfr-asr-E02778-000_PaymentsForAdditionalEntrustmentForDebtAssumptionFinCF_label" xlink:role="http://www.xbrl.org/2003/role/verboseLabel">Payments for additional entrustment for debt assumption-FinCF</link:label>
    <link:label xml:lang="en" xlink:type="resource" xlink:label="jpfr-asr-E02778-000_ChangesInAForeignAffiliateSOwnershipInterestInItsSubsidiaryThatDoNotResultInALossOfControlNA_label_2" xlink:role="http://www.xbrl.org/2003/role/label">Changes in a foreign affiliate's ownership interest in its subsidiary that do not result in a loss of control</link:label>
    <link:label xml:lang="en" xlink:type="resource" xlink:label="jpfr-asr-E02778-000_ChangesInAForeignAffiliateSOwnershipInterestInItsSubsidiaryThatDoNotResultInALossOfControlSE_label_1" xlink:role="http://www.xbrl.org/2003/role/verboseLabel">Changes in a foreign affiliate's ownership interest in its subsidiary that do not result in a loss of control-SE</link:label>
    <link:label xml:lang="en" xlink:type="resource" xlink:label="jpfr-asr-E02778-000_DecreaseInCashAndCashEquivalentsResultingFromCorporateCCE_label" xlink:role="http://www.xbrl.org/2003/role/label">Decrease in cash and cash equivalents resulting from corporate</link:label>
    <link:label xml:lang="en" xlink:type="resource" xlink:label="jpfr-asr-E02778-000_UnrealizedLossGainOnValuationOfInvestmentAndLossGainOnSalesOfInvestmentAtSubsidiariesInTheUSNetEI_label_1" xlink:role="http://www.xbrl.org/2003/role/verboseLabel">Unrealized loss/gain on valuation of investment and loss/gain on sales of investment at subsidiaries in the U.S., net-EI</link:label>
    <link:label xml:lang="en" xlink:type="resource" xlink:label="jpfr-asr-E02778-000_ProceedsFromSalesAndLeaseBackOfEquipmentNewlyAcquiredFinCF_label_1" xlink:role="http://www.xbrl.org/2003/role/documentation">Proceeds from sales and lease back of equipment newly acquired-FinCF</link:label>
    <link:label xml:lang="en" xlink:type="resource" xlink:label="jpfr-asr-E02778-000_LossOnSalesPriceAdjustmentsOfInvestmentsInSubsidiariesAndAffiliatesEL_label" xlink:role="http://www.xbrl.org/2003/role/verboseLabel">Loss on sales price adjustments of investments in subsidiaries and affiliates-EL</link:label>
    <link:label xml:lang="en" xlink:type="resource" xlink:label="jpfr-asr-E02778-000_DecreaseInRetainedEarningsDueToAdoptionOfPracticalSolutionOnUnificationOfAccountingPoliciesAppliedToAssociatesAccountedForUsingTheEquityMethodSE_label" xlink:role="http://www.xbrl.org/2003/role/label">Decrease in retained earnings due to adoption of practical solution on unification of accounting policies applied to associates accounted for using the equity method</link:label>
    <link:label xml:lang="en" xlink:type="resource" xlink:label="jpfr-asr-E02778-000_ChangesInAForeignAffiliateSOwnershipInterestInItsSubsidiaryThatDoNotResultInALossOfControlNA_label_1" xlink:role="http://www.xbrl.org/2003/role/verboseLabel">Changes in a foreign affiliate's ownership interest in its subsidiary that do not result in a loss of control-NA</link:label>
    <link:label xml:lang="en" xlink:type="resource" xlink:label="jpfr-asr-E02778-000_InterestExpensesFromSubsidiariesAndAffiliatesNOE_label_2" xlink:role="http://www.xbrl.org/2003/role/label">Interest expenses from subsidiaries and affiliates</link:label>
    <link:label xml:lang="en" xlink:type="resource" xlink:label="jpfr-asr-E02778-000_IncreaseDueToMergerOfConsolidatedAndNonConsolidatedSubsidiariesRE_label" xlink:role="http://www.xbrl.org/2003/role/documentation">Increase due to merger of consolidated and non-consolidated subsidiaries-RE</link:label>
    <link:label xml:lang="en" xlink:type="resource" xlink:label="jpfr-asr-E02778-000_DecreaseInRetainedEarningsDueToAdoptionOfPracticalSolutionOnUnificationOfAccountingPoliciesAppliedToAssociatesAccountedForUsingTheEquityMethodNA_label" xlink:role="http://www.xbrl.org/2003/role/label">Decrease in retained earnings due to adoption of practical solution on unification of accounting policies applied to associates accounted for using the equity method</link:label>
    <link:label xml:lang="en" xlink:type="resource" xlink:label="jpfr-asr-E02778-000_IncreaseDueToMergerOfConsolidatedAndNonConsolidatedSubsidiariesSE_label_1" xlink:role="http://www.xbrl.org/2003/role/verboseLabel">Increase due to merger of consolidated and non-consolidated subsidiaries-SE</link:label>
    <link:label xml:lang="en" xlink:type="resource" xlink:label="jpfr-asr-E02778-000_DecreaseInRetainedEarningsDueToAdoptionOfPracticalSolutionOnUnificationOfAccountingPoliciesAppliedToAssociatesAccountedForUsingTheEquityMethodSE_label_1" xlink:role="http://www.xbrl.org/2003/role/documentation">Decrease in retained earnings due to adoption of practical solution on unification of accounting policies applied to associates accounted for using the equity method-SE</link:label>
    <link:label xml:lang="en" xlink:type="resource" xlink:label="jpfr-asr-E02778-000_DecreaseInRetainedEarningsDueToAdoptionOfPracticalSolutionOnUnificationOfAccountingPoliciesAppliedToAssociatesAccountedForUsingTheEquityMethodRE_label_1" xlink:role="http://www.xbrl.org/2003/role/documentation">Decrease in retained earnings due to adoption of practical solution on unification of accounting policies applied to associates accounted for using the equity method-RE</link:label>
    <link:label xml:lang="en" xlink:type="resource" xlink:label="jpfr-asr-E02778-000_ContributionForConstructionNOI_label_2" xlink:role="http://www.xbrl.org/2003/role/verboseLabel">Contribution for construction-NOI</link:label>
    <link:label xml:lang="en" xlink:type="resource" xlink:label="jpfr-asr-E02778-000_ContributionForConstructionNOI_label_1" xlink:role="http://www.xbrl.org/2003/role/documentation">Contribution for construction-NOI</link:label>
    <link:label xml:lang="en" xlink:type="resource" xlink:label="jpfr-asr-E02778-000_ProceedsFromSalesAndLeaseBackOfEquipmentNewlyAcquiredFinCF_label" xlink:role="http://www.xbrl.org/2003/role/verboseLabel">Proceeds from sales and lease back of equipment newly acquired-FinCF</link:label>
    <link:label xml:lang="en" xlink:type="resource" xlink:label="jpfr-asr-E02778-000_ChangesInAForeignAffiliateSOwnershipInterestInItsSubsidiaryThatDoNotResultInALossOfControlSE_label_2" xlink:role="http://www.xbrl.org/2003/role/documentation">Changes in a foreign affiliate's ownership interest in its subsidiary that do not result in a loss of control-SE</link:label>
    <link:label xml:lang="en" xlink:type="resource" xlink:label="jpfr-asr-E02778-000_UnrealizedLossGainOnValuationOfInvestmentAndLossGainOnSalesOfInvestmentAtSubsidiariesInTheUSNetEL_label_2" xlink:role="http://www.xbrl.org/2003/role/verboseLabel">Unrealized loss/gain on valuation of investment and loss/gain on sales of investment at subsidiaries in the U.S., net-EL</link:label>
    <link:label xml:lang="en" xlink:type="resource" xlink:label="jpfr-asr-E02778-000_TelecommunicationsEquipmentNet_label_1" xlink:role="http://www.xbrl.org/2003/role/documentation">Telecommunications equipment, net</link:label>
    <link:label xml:lang="en" xlink:type="resource" xlink:label="jpfr-asr-E02778-000_DividendsFromSubsidiariesAndAffiliatesNOI_label" xlink:role="http://www.xbrl.org/2003/role/label">Dividends from subsidiaries and affiliates</link:label>
    <link:label xml:lang="en" xlink:type="resource" xlink:label="jpfr-asr-E02778-000_IncomeFromInvestmentsInPartnershipsIncomeNOI_label_2" xlink:role="http://www.xbrl.org/2003/role/label">Income from investments in partnerships income</link:label>
    <link:label xml:lang="en" xlink:type="resource" xlink:label="jpfr-asr-E02778-000_ValuationLossOnOptionEL_label_2" xlink:role="http://www.xbrl.org/2003/role/label">Valuation loss on option</link:label>
    <link:label xml:lang="en" xlink:type="resource" xlink:label="jpfr-asr-E02778-000_UnrealizedLossGainOnValuationOfInvestmentAndLossGainOnSalesOfInvestmentAtSubsidiariesInTheUSNetOpeCF_label_1" xlink:role="http://www.xbrl.org/2003/role/label">Unrealized loss (gain) on valuation of investment and loss (gain) on sales of investment at subsidiaries in the U.S., net</link:label>
    <link:label xml:lang="en" xlink:type="resource" xlink:label="jpfr-asr-E02778-000_PaymentsForAdditionalEntrustmentForDebtAssumptionFinCF_label_1" xlink:role="http://www.xbrl.org/2003/role/documentation">Payments for additional entrustment for debt assumption-FinCF</link:label>
    <link:label xml:lang="en" xlink:type="resource" xlink:label="jpfr-asr-E02778-000_ContributionForConstructionNOI_label" xlink:role="http://www.xbrl.org/2003/role/label">Contribution for construction</link:label>
    <link:label xml:lang="en" xlink:type="resource" xlink:label="jpfr-asr-E02778-000_PaymentsForAcquisitionOfMinorityInterestsAndLongTemDebtFinCF_label_1" xlink:role="http://www.xbrl.org/2003/role/label">Payments for acquisition of minority interests and long-tem debt</link:label>
    <link:label xml:lang="en" xlink:type="resource" xlink:label="jpfr-asr-E02778-000_IncreaseDueToMergerOfConsolidatedAndNonConsolidatedSubsidiariesNA_label" xlink:role="http://www.xbrl.org/2003/role/label">Increase due to merger of consolidated and non-consolidated subsidiaries</link:label>
    <link:label xml:lang="en" xlink:type="resource" xlink:label="jpfr-asr-E02778-000_InterestOnLoansToSubsidiariesSonAffiliatesNOI_label_2" xlink:role="http://www.xbrl.org/2003/role/label">Interest on loans to subsidiaries and affiliates</link:label>
    <link:label xml:lang="en" xlink:type="resource" xlink:label="jpfr-asr-E02778-000_ProceedsFromSaleAndLeaseBackOfEquipmentNewlyAcquiredFinCF_label" xlink:role="http://www.xbrl.org/2003/role/verboseLabel">Proceeds from sale and lease back of equipment newly acquired-FinCF</link:label>
    <link:label xml:lang="en" xlink:type="resource" xlink:label="jpfr-asr-E02778-000_ChangesInAForeignAffiliateSOwnershipInterestInItsSubsidiaryThatDoNotResultInALossOfControlSE_label" xlink:role="http://www.xbrl.org/2003/role/label">Changes in a foreign affiliate's ownership interest in its subsidiary that do not result in a loss of control</link:label>
    <link:label xml:lang="en" xlink:type="resource" xlink:label="jpfr-asr-E02778-000_ChangesInAForeignAffiliateSOwnershipInterestInItsSubsidiaryThatDoNotResultInALossOfControlCS_label_2" xlink:role="http://www.xbrl.org/2003/role/documentation">Changes in a foreign affiliate's ownership interest in its subsidiary that do not result in a loss of control-CS</link:label>
    <link:label xml:lang="en" xlink:type="resource" xlink:label="jpfr-asr-E02778-000_ChangesInAForeignAffiliateSOwnershipInterestInItsSubsidiaryThatDoNotResultInALossOfControlCS_label_1" xlink:role="http://www.xbrl.org/2003/role/label">Changes in a foreign affiliate's ownership interest in its subsidiary that do not result in a loss of control</link:label>
    <link:label xml:lang="en" xlink:type="resource" xlink:label="jpfr-asr-E02778-000_DecreaseInRetainedEarningsDueToAdoptionOfPracticalSolutionOnUnificationOfAccountingPoliciesAppliedToAssociatesAccountedForUsingTheEquityMethodRE_label_2" xlink:role="http://www.xbrl.org/2003/role/verboseLabel">Decrease in retained earnings due to adoption of practical solution on unification of accounting policies applied to associates accounted for using the equity method-RE</link:label>
    <link:label xml:lang="en" xlink:type="resource" xlink:label="jpfr-asr-E02778-000_InterestExpensesFromSubsidiariesAndAffiliatesNOE_label" xlink:role="http://www.xbrl.org/2003/role/verboseLabel">Interest expenses from subsidiaries and affiliates-NOE</link:label>
    <link:label xml:lang="en" xlink:type="resource" xlink:label="jpfr-asr-E02778-000_PaymentsForAdditionalEntrustmentForDebtAssumptionFinCF_label_2" xlink:role="http://www.xbrl.org/2003/role/label">Payments for additional entrustment for debt assumption</link:label>
    <link:label xml:lang="en" xlink:type="resource" xlink:label="jpfr-asr-E02778-000_ProceedsFromSalesAndLeaseBackOfEquipmentNewlyAcquiredFinCF_label_2" xlink:role="http://www.xbrl.org/2003/role/label">Proceeds from sales and lease back of equipment newly acquired</link:label>
    <link:label xml:lang="en" xlink:type="resource" xlink:label="jpfr-asr-E02778-000_IncreaseDueToMergerOfConsolidatedAndNonConsolidatedSubsidiariesNA_label_2" xlink:role="http://www.xbrl.org/2003/role/documentation">Increase due to merger of consolidated and non-consolidated subsidiaries-NA</link:label>
    <link:label xml:lang="en" xlink:type="resource" xlink:label="jpfr-asr-E02778-000_TelecommunicationsServiceLinesNet_label_2" xlink:role="http://www.xbrl.org/2003/role/verboseLabel">Telecommunications service lines, net</link:label>
    <link:loc xlink:type="locator" xlink:href="jpfr-asr-E02778-000-2011-03-31-01-2011-06-24.xsd#jpfr-asr-E02778-000_TelecommunicationsEquipmentNet" xlink:label="jpfr-asr-E02778-000_TelecommunicationsEquipmentNet" />
    <link:loc xlink:type="locator" xlink:href="jpfr-asr-E02778-000-2011-03-31-01-2011-06-24.xsd#jpfr-asr-E02778-000_DecreaseInRetainedEarningsDueToAdoptionOfPracticalSolutionOnUnificationOfAccountingPoliciesAppliedToAssociatesAccountedForUsingTheEquityMethodSE" xlink:label="jpfr-asr-E02778-000_DecreaseInRetainedEarningsDueToAdoptionOfPracticalSolutionOnUnificationOfAccountingPoliciesAppliedToAssociatesAccountedForUsingTheEquityMethodSE" />
    <link:loc xlink:type="locator" xlink:href="jpfr-asr-E02778-000-2011-03-31-01-2011-06-24.xsd#jpfr-asr-E02778-000_ContributionForConstructionNOI" xlink:label="jpfr-asr-E02778-000_ContributionForConstructionNOI" />
    <link:loc xlink:type="locator" xlink:href="jpfr-asr-E02778-000-2011-03-31-01-2011-06-24.xsd#jpfr-asr-E02778-000_UnrealizedLossGainOnValuationOfInvestmentAndLossGainOnSalesOfInvestmentAtSubsidiariesInTheUSNetEI" xlink:label="jpfr-asr-E02778-000_UnrealizedLossGainOnValuationOfInvestmentAndLossGainOnSalesOfInvestmentAtSubsidiariesInTheUSNetEI" />
    <link:loc xlink:type="locator" xlink:href="jpfr-asr-E02778-000-2011-03-31-01-2011-06-24.xsd#jpfr-asr-E02778-000_ProceedsFromSaleAndLeaseBackOfEquipmentNewlyAcquiredFinCF" xlink:label="jpfr-asr-E02778-000_ProceedsFromSaleAndLeaseBackOfEquipmentNewlyAcquiredFinCF" />
    <link:loc xlink:type="locator" xlink:href="jpfr-asr-E02778-000-2011-03-31-01-2011-06-24.xsd#jpfr-asr-E02778-000_DividendsFromSubsidiariesAndAffiliatesNOI" xlink:label="jpfr-asr-E02778-000_DividendsFromSubsidiariesAndAffiliatesNOI" />
    <link:loc xlink:type="locator" xlink:href="jpfr-asr-E02778-000-2011-03-31-01-2011-06-24.xsd#jpfr-asr-E02778-000_TelecommunicationsServiceLinesNet" xlink:label="jpfr-asr-E02778-000_TelecommunicationsServiceLinesNet" />
    <link:loc xlink:type="locator" xlink:href="jpfr-asr-E02778-000-2011-03-31-01-2011-06-24.xsd#jpfr-asr-E02778-000_ChangesInAForeignAffiliateSOwnershipInterestInItsSubsidiaryThatDoNotResultInALossOfControlCS" xlink:label="jpfr-asr-E02778-000_ChangesInAForeignAffiliateSOwnershipInterestInItsSubsidiaryThatDoNotResultInALossOfControlCS" />
    <link:loc xlink:type="locator" xlink:href="jpfr-asr-E02778-000-2011-03-31-01-2011-06-24.xsd#jpfr-asr-E02778-000_PaymentsForAcquisitionOfMinorityInterestsAndLongTemDebtFinCF" xlink:label="jpfr-asr-E02778-000_PaymentsForAcquisitionOfMinorityInterestsAndLongTemDebtFinCF" />
    <link:loc xlink:type="locator" xlink:href="jpfr-asr-E02778-000-2011-03-31-01-2011-06-24.xsd#jpfr-asr-E02778-000_ChangesInAForeignAffiliateSOwnershipInterestInItsSubsidiaryThatDoNotResultInALossOfControlNA" xlink:label="jpfr-asr-E02778-000_ChangesInAForeignAffiliateSOwnershipInterestInItsSubsidiaryThatDoNotResultInALossOfControlNA" />
    <link:loc xlink:type="locator" xlink:href="jpfr-asr-E02778-000-2011-03-31-01-2011-06-24.xsd#jpfr-asr-E02778-000_IncreaseDueToMergerOfConsolidatedAndNonConsolidatedSubsidiariesSE" xlink:label="jpfr-asr-E02778-000_IncreaseDueToMergerOfConsolidatedAndNonConsolidatedSubsidiariesSE" />
    <link:loc xlink:type="locator" xlink:href="jpfr-asr-E02778-000-2011-03-31-01-2011-06-24.xsd#jpfr-asr-E02778-000_IncreaseDueToMergerOfConsolidatedAndNonConsolidatedSubsidiariesRE" xlink:label="jpfr-asr-E02778-000_IncreaseDueToMergerOfConsolidatedAndNonConsolidatedSubsidiariesRE" />
    <link:loc xlink:type="locator" xlink:href="jpfr-asr-E02778-000-2011-03-31-01-2011-06-24.xsd#jpfr-asr-E02778-000_GainOnAcquisitionOfMinorityInterestsAndLongTermDebtEI" xlink:label="jpfr-asr-E02778-000_GainOnAcquisitionOfMinorityInterestsAndLongTermDebtEI" />
    <link:loc xlink:type="locator" xlink:href="jpfr-asr-E02778-000-2011-03-31-01-2011-06-24.xsd#jpfr-asr-E02778-000_UnrealizedLossGainOnValuationOfInvestmentAndLossGainOnSalesOfInvestmentAtSubsidiariesInTheUSNetEL" xlink:label="jpfr-asr-E02778-000_UnrealizedLossGainOnValuationOfInvestmentAndLossGainOnSalesOfInvestmentAtSubsidiariesInTheUSNetEL" />
    <link:loc xlink:type="locator" xlink:href="jpfr-asr-E02778-000-2011-03-31-01-2011-06-24.xsd#jpfr-asr-E02778-000_ChangesInAForeignAffiliateSOwnershipInterestInItsSubsidiaryThatDoNotResultInALossOfControlSE" xlink:label="jpfr-asr-E02778-000_ChangesInAForeignAffiliateSOwnershipInterestInItsSubsidiaryThatDoNotResultInALossOfControlSE" />
    <link:loc xlink:type="locator" xlink:href="jpfr-asr-E02778-000-2011-03-31-01-2011-06-24.xsd#jpfr-asr-E02778-000_PaymentsForAdditionalEntrustmentForDebtAssumptionFinCF" xlink:label="jpfr-asr-E02778-000_PaymentsForAdditionalEntrustmentForDebtAssumptionFinCF" />
    <link:loc xlink:type="locator" xlink:href="jpfr-asr-E02778-000-2011-03-31-01-2011-06-24.xsd#jpfr-asr-E02778-000_ValuationLossOnOptionEL" xlink:label="jpfr-asr-E02778-000_ValuationLossOnOptionEL" />
    <link:loc xlink:type="locator" xlink:href="jpfr-asr-E02778-000-2011-03-31-01-2011-06-24.xsd#jpfr-asr-E02778-000_DecreaseInRetainedEarningsDueToAdoptionOfPracticalSolutionOnUnificationOfAccountingPoliciesAppliedToAssociatesAccountedForUsingTheEquityMethodNA" xlink:label="jpfr-asr-E02778-000_DecreaseInRetainedEarningsDueToAdoptionOfPracticalSolutionOnUnificationOfAccountingPoliciesAppliedToAssociatesAccountedForUsingTheEquityMethodNA" />
    <link:loc xlink:type="locator" xlink:href="jpfr-asr-E02778-000-2011-03-31-01-2011-06-24.xsd#jpfr-asr-E02778-000_InterestExpensesFromSubsidiariesAndAffiliatesNOE" xlink:label="jpfr-asr-E02778-000_InterestExpensesFromSubsidiariesAndAffiliatesNOE" />
    <link:loc xlink:type="locator" xlink:href="jpfr-asr-E02778-000-2011-03-31-01-2011-06-24.xsd#jpfr-asr-E02778-000_IncreaseDueToMergerOfConsolidatedAndNonConsolidatedSubsidiariesNA" xlink:label="jpfr-asr-E02778-000_IncreaseDueToMergerOfConsolidatedAndNonConsolidatedSubsidiariesNA" />
    <link:loc xlink:type="locator" xlink:href="jpfr-asr-E02778-000-2011-03-31-01-2011-06-24.xsd#jpfr-asr-E02778-000_DecreaseInCashAndCashEquivalentsResultingFromCorporateCCE" xlink:label="jpfr-asr-E02778-000_DecreaseInCashAndCashEquivalentsResultingFromCorporateCCE" />
    <link:loc xlink:type="locator" xlink:href="jpfr-asr-E02778-000-2011-03-31-01-2011-06-24.xsd#jpfr-asr-E02778-000_DecreaseInRetainedEarningsDueToAdoptionOfPracticalSolutionOnUnificationOfAccountingPoliciesAppliedToAssociatesAccountedForUsingTheEquityMethodRE" xlink:label="jpfr-asr-E02778-000_DecreaseInRetainedEarningsDueToAdoptionOfPracticalSolutionOnUnificationOfAccountingPoliciesAppliedToAssociatesAccountedForUsingTheEquityMethodRE" />
    <link:loc xlink:type="locator" xlink:href="jpfr-asr-E02778-000-2011-03-31-01-2011-06-24.xsd#jpfr-asr-E02778-000_ProceedsFromSalesAndLeaseBackOfEquipmentNewlyAcquiredFinCF" xlink:label="jpfr-asr-E02778-000_ProceedsFromSalesAndLeaseBackOfEquipmentNewlyAcquiredFinCF" />
    <link:loc xlink:type="locator" xlink:href="jpfr-asr-E02778-000-2011-03-31-01-2011-06-24.xsd#jpfr-asr-E02778-000_UnrealizedLossGainOnValuationOfInvestmentAndLossGainOnSalesOfInvestmentAtSubsidiariesInTheUSNetOpeCF" xlink:label="jpfr-asr-E02778-000_UnrealizedLossGainOnValuationOfInvestmentAndLossGainOnSalesOfInvestmentAtSubsidiariesInTheUSNetOpeCF" />
    <link:loc xlink:type="locator" xlink:href="jpfr-asr-E02778-000-2011-03-31-01-2011-06-24.xsd#jpfr-asr-E02778-000_LossOnSalesPriceAdjustmentsOfInvestmentsInSubsidiariesAndAffiliatesEL" xlink:label="jpfr-asr-E02778-000_LossOnSalesPriceAdjustmentsOfInvestmentsInSubsidiariesAndAffiliatesEL" />
    <link:loc xlink:type="locator" xlink:href="jpfr-asr-E02778-000-2011-03-31-01-2011-06-24.xsd#jpfr-asr-E02778-000_InterestOnLoansToSubsidiariesSonAffiliatesNOI" xlink:label="jpfr-asr-E02778-000_InterestOnLoansToSubsidiariesSonAffiliatesNOI" />
    <link:loc xlink:type="locator" xlink:href="jpfr-asr-E02778-000-2011-03-31-01-2011-06-24.xsd#jpfr-asr-E02778-000_IncomeFromInvestmentsInPartnershipsIncomeNOI" xlink:label="jpfr-asr-E02778-000_IncomeFromInvestmentsInPartnershipsIncomeNOI" />
    <link:labelArc xlink:type="arc" xlink:from="jpfr-asr-E02778-000_IncreaseDueToMergerOfConsolidatedAndNonConsolidatedSubsidiariesSE" xlink:to="jpfr-asr-E02778-000_IncreaseDueToMergerOfConsolidatedAndNonConsolidatedSubsidiariesSE_label" xlink:arcrole="http://www.xbrl.org/2003/arcrole/concept-label" order="1" />
    <link:labelArc xlink:type="arc" xlink:from="jpfr-asr-E02778-000_ContributionForConstructionNOI" xlink:to="jpfr-asr-E02778-000_ContributionForConstructionNOI_label" xlink:arcrole="http://www.xbrl.org/2003/arcrole/concept-label" order="1" />
    <link:labelArc xlink:type="arc" xlink:from="jpfr-asr-E02778-000_ChangesInAForeignAffiliateSOwnershipInterestInItsSubsidiaryThatDoNotResultInALossOfControlNA" xlink:to="jpfr-asr-E02778-000_ChangesInAForeignAffiliateSOwnershipInterestInItsSubsidiaryThatDoNotResultInALossOfControlNA_label" xlink:arcrole="http://www.xbrl.org/2003/arcrole/concept-label" order="1" />
    <link:labelArc xlink:type="arc" xlink:from="jpfr-asr-E02778-000_DividendsFromSubsidiariesAndAffiliatesNOI" xlink:to="jpfr-asr-E02778-000_DividendsFromSubsidiariesAndAffiliatesNOI_label" xlink:arcrole="http://www.xbrl.org/2003/arcrole/concept-label" order="1" />
    <link:labelArc xlink:type="arc" xlink:from="jpfr-asr-E02778-000_InterestOnLoansToSubsidiariesSonAffiliatesNOI" xlink:to="jpfr-asr-E02778-000_InterestOnLoansToSubsidiariesSonAffiliatesNOI_label" xlink:arcrole="http://www.xbrl.org/2003/arcrole/concept-label" order="1" />
    <link:labelArc xlink:type="arc" xlink:from="jpfr-asr-E02778-000_IncomeFromInvestmentsInPartnershipsIncomeNOI" xlink:to="jpfr-asr-E02778-000_IncomeFromInvestmentsInPartnershipsIncomeNOI_label" xlink:arcrole="http://www.xbrl.org/2003/arcrole/concept-label" order="1" />
    <link:labelArc xlink:type="arc" xlink:from="jpfr-asr-E02778-000_UnrealizedLossGainOnValuationOfInvestmentAndLossGainOnSalesOfInvestmentAtSubsidiariesInTheUSNetEL" xlink:to="jpfr-asr-E02778-000_UnrealizedLossGainOnValuationOfInvestmentAndLossGainOnSalesOfInvestmentAtSubsidiariesInTheUSNetEL_label" xlink:arcrole="http://www.xbrl.org/2003/arcrole/concept-label" order="1" />
    <link:labelArc xlink:type="arc" xlink:from="jpfr-asr-E02778-000_IncomeFromInvestmentsInPartnershipsIncomeNOI" xlink:to="jpfr-asr-E02778-000_IncomeFromInvestmentsInPartnershipsIncomeNOI_label_1" xlink:arcrole="http://www.xbrl.org/2003/arcrole/concept-label" order="1" />
    <link:labelArc xlink:type="arc" xlink:from="jpfr-asr-E02778-000_ChangesInAForeignAffiliateSOwnershipInterestInItsSubsidiaryThatDoNotResultInALossOfControlCS" xlink:to="jpfr-asr-E02778-000_ChangesInAForeignAffiliateSOwnershipInterestInItsSubsidiaryThatDoNotResultInALossOfControlCS_label" xlink:arcrole="http://www.xbrl.org/2003/arcrole/concept-label" order="1" />
    <link:labelArc xlink:type="arc" xlink:from="jpfr-asr-E02778-000_IncomeFromInvestmentsInPartnershipsIncomeNOI" xlink:to="jpfr-asr-E02778-000_IncomeFromInvestmentsInPartnershipsIncomeNOI_label_2" xlink:arcrole="http://www.xbrl.org/2003/arcrole/concept-label" order="1" />
    <link:labelArc xlink:type="arc" xlink:from="jpfr-asr-E02778-000_IncreaseDueToMergerOfConsolidatedAndNonConsolidatedSubsidiariesNA" xlink:to="jpfr-asr-E02778-000_IncreaseDueToMergerOfConsolidatedAndNonConsolidatedSubsidiariesNA_label" xlink:arcrole="http://www.xbrl.org/2003/arcrole/concept-label" order="1" />
    <link:labelArc xlink:type="arc" xlink:from="jpfr-asr-E02778-000_UnrealizedLossGainOnValuationOfInvestmentAndLossGainOnSalesOfInvestmentAtSubsidiariesInTheUSNetEL" xlink:to="jpfr-asr-E02778-000_UnrealizedLossGainOnValuationOfInvestmentAndLossGainOnSalesOfInvestmentAtSubsidiariesInTheUSNetEL_label_1" xlink:arcrole="http://www.xbrl.org/2003/arcrole/concept-label" order="1" />
    <link:labelArc xlink:type="arc" xlink:from="jpfr-asr-E02778-000_TelecommunicationsServiceLinesNet" xlink:to="jpfr-asr-E02778-000_TelecommunicationsServiceLinesNet_label" xlink:arcrole="http://www.xbrl.org/2003/arcrole/concept-label" order="1" />
    <link:labelArc xlink:type="arc" xlink:from="jpfr-asr-E02778-000_ContributionForConstructionNOI" xlink:to="jpfr-asr-E02778-000_ContributionForConstructionNOI_label_1" xlink:arcrole="http://www.xbrl.org/2003/arcrole/concept-label" order="1" />
    <link:labelArc xlink:type="arc" xlink:from="jpfr-asr-E02778-000_UnrealizedLossGainOnValuationOfInvestmentAndLossGainOnSalesOfInvestmentAtSubsidiariesInTheUSNetOpeCF" xlink:to="jpfr-asr-E02778-000_UnrealizedLossGainOnValuationOfInvestmentAndLossGainOnSalesOfInvestmentAtSubsidiariesInTheUSNetOpeCF_label" xlink:arcrole="http://www.xbrl.org/2003/arcrole/concept-label" order="1" />
    <link:labelArc xlink:type="arc" xlink:from="jpfr-asr-E02778-000_DecreaseInRetainedEarningsDueToAdoptionOfPracticalSolutionOnUnificationOfAccountingPoliciesAppliedToAssociatesAccountedForUsingTheEquityMethodNA" xlink:to="jpfr-asr-E02778-000_DecreaseInRetainedEarningsDueToAdoptionOfPracticalSolutionOnUnificationOfAccountingPoliciesAppliedToAssociatesAccountedForUsingTheEquityMethodNA_label" xlink:arcrole="http://www.xbrl.org/2003/arcrole/concept-label" order="1" />
    <link:labelArc xlink:type="arc" xlink:from="jpfr-asr-E02778-000_DividendsFromSubsidiariesAndAffiliatesNOI" xlink:to="jpfr-asr-E02778-000_DividendsFromSubsidiariesAndAffiliatesNOI_label_1" xlink:arcrole="http://www.xbrl.org/2003/arcrole/concept-label" order="1" />
    <link:labelArc xlink:type="arc" xlink:from="jpfr-asr-E02778-000_DecreaseInRetainedEarningsDueToAdoptionOfPracticalSolutionOnUnificationOfAccountingPoliciesAppliedToAssociatesAccountedForUsingTheEquityMethodRE" xlink:to="jpfr-asr-E02778-000_DecreaseInRetainedEarningsDueToAdoptionOfPracticalSolutionOnUnificationOfAccountingPoliciesAppliedToAssociatesAccountedForUsingTheEquityMethodRE_label" xlink:arcrole="http://www.xbrl.org/2003/arcrole/concept-label" order="1" />
    <link:labelArc xlink:type="arc" xlink:from="jpfr-asr-E02778-000_IncreaseDueToMergerOfConsolidatedAndNonConsolidatedSubsidiariesRE" xlink:to="jpfr-asr-E02778-000_IncreaseDueToMergerOfConsolidatedAndNonConsolidatedSubsidiariesRE_label" xlink:arcrole="http://www.xbrl.org/2003/arcrole/concept-label" order="1" />
    <link:labelArc xlink:type="arc" xlink:from="jpfr-asr-E02778-000_TelecommunicationsEquipmentNet" xlink:to="jpfr-asr-E02778-000_TelecommunicationsEquipmentNet_label" xlink:arcrole="http://www.xbrl.org/2003/arcrole/concept-label" order="1" />
    <link:labelArc xlink:type="arc" xlink:from="jpfr-asr-E02778-000_InterestExpensesFromSubsidiariesAndAffiliatesNOE" xlink:to="jpfr-asr-E02778-000_InterestExpensesFromSubsidiariesAndAffiliatesNOE_label" xlink:arcrole="http://www.xbrl.org/2003/arcrole/concept-label" order="1" />
    <link:labelArc xlink:type="arc" xlink:from="jpfr-asr-E02778-000_TelecommunicationsEquipmentNet" xlink:to="jpfr-asr-E02778-000_TelecommunicationsEquipmentNet_label_1" xlink:arcrole="http://www.xbrl.org/2003/arcrole/concept-label" order="1" />
    <link:labelArc xlink:type="arc" xlink:from="jpfr-asr-E02778-000_DecreaseInCashAndCashEquivalentsResultingFromCorporateCCE" xlink:to="jpfr-asr-E02778-000_DecreaseInCashAndCashEquivalentsResultingFromCorporateCCE_label" xlink:arcrole="http://www.xbrl.org/2003/arcrole/concept-label" order="1" />
    <link:labelArc xlink:type="arc" xlink:from="jpfr-asr-E02778-000_IncreaseDueToMergerOfConsolidatedAndNonConsolidatedSubsidiariesSE" xlink:to="jpfr-asr-E02778-000_IncreaseDueToMergerOfConsolidatedAndNonConsolidatedSubsidiariesSE_label_1" xlink:arcrole="http://www.xbrl.org/2003/arcrole/concept-label" order="1" />
    <link:labelArc xlink:type="arc" xlink:from="jpfr-asr-E02778-000_UnrealizedLossGainOnValuationOfInvestmentAndLossGainOnSalesOfInvestmentAtSubsidiariesInTheUSNetEI" xlink:to="jpfr-asr-E02778-000_UnrealizedLossGainOnValuationOfInvestmentAndLossGainOnSalesOfInvestmentAtSubsidiariesInTheUSNetEI_label" xlink:arcrole="http://www.xbrl.org/2003/arcrole/concept-label" order="1" />
    <link:labelArc xlink:type="arc" xlink:from="jpfr-asr-E02778-000_GainOnAcquisitionOfMinorityInterestsAndLongTermDebtEI" xlink:to="jpfr-asr-E02778-000_GainOnAcquisitionOfMinorityInterestsAndLongTermDebtEI_label" xlink:arcrole="http://www.xbrl.org/2003/arcrole/concept-label" order="1" />
    <link:labelArc xlink:type="arc" xlink:from="jpfr-asr-E02778-000_GainOnAcquisitionOfMinorityInterestsAndLongTermDebtEI" xlink:to="jpfr-asr-E02778-000_GainOnAcquisitionOfMinorityInterestsAndLongTermDebtEI_label_1" xlink:arcrole="http://www.xbrl.org/2003/arcrole/concept-label" order="1" />
    <link:labelArc xlink:type="arc" xlink:from="jpfr-asr-E02778-000_ValuationLossOnOptionEL" xlink:to="jpfr-asr-E02778-000_ValuationLossOnOptionEL_label" xlink:arcrole="http://www.xbrl.org/2003/arcrole/concept-label" order="1" />
    <link:labelArc xlink:type="arc" xlink:from="jpfr-asr-E02778-000_UnrealizedLossGainOnValuationOfInvestmentAndLossGainOnSalesOfInvestmentAtSubsidiariesInTheUSNetEL" xlink:to="jpfr-asr-E02778-000_UnrealizedLossGainOnValuationOfInvestmentAndLossGainOnSalesOfInvestmentAtSubsidiariesInTheUSNetEL_label_2" xlink:arcrole="http://www.xbrl.org/2003/arcrole/concept-label" order="1" />
    <link:labelArc xlink:type="arc" xlink:from="jpfr-asr-E02778-000_UnrealizedLossGainOnValuationOfInvestmentAndLossGainOnSalesOfInvestmentAtSubsidiariesInTheUSNetOpeCF" xlink:to="jpfr-asr-E02778-000_UnrealizedLossGainOnValuationOfInvestmentAndLossGainOnSalesOfInvestmentAtSubsidiariesInTheUSNetOpeCF_label_1" xlink:arcrole="http://www.xbrl.org/2003/arcrole/concept-label" order="1" />
    <link:labelArc xlink:type="arc" xlink:from="jpfr-asr-E02778-000_PaymentsForAdditionalEntrustmentForDebtAssumptionFinCF" xlink:to="jpfr-asr-E02778-000_PaymentsForAdditionalEntrustmentForDebtAssumptionFinCF_label" xlink:arcrole="http://www.xbrl.org/2003/arcrole/concept-label" order="1" />
    <link:labelArc xlink:type="arc" xlink:from="jpfr-asr-E02778-000_IncreaseDueToMergerOfConsolidatedAndNonConsolidatedSubsidiariesNA" xlink:to="jpfr-asr-E02778-000_IncreaseDueToMergerOfConsolidatedAndNonConsolidatedSubsidiariesNA_label_1" xlink:arcrole="http://www.xbrl.org/2003/arcrole/concept-label" order="1" />
    <link:labelArc xlink:type="arc" xlink:from="jpfr-asr-E02778-000_ValuationLossOnOptionEL" xlink:to="jpfr-asr-E02778-000_ValuationLossOnOptionEL_label_1" xlink:arcrole="http://www.xbrl.org/2003/arcrole/concept-label" order="1" />
    <link:labelArc xlink:type="arc" xlink:from="jpfr-asr-E02778-000_ChangesInAForeignAffiliateSOwnershipInterestInItsSubsidiaryThatDoNotResultInALossOfControlSE" xlink:to="jpfr-asr-E02778-000_ChangesInAForeignAffiliateSOwnershipInterestInItsSubsidiaryThatDoNotResultInALossOfControlSE_label" xlink:arcrole="http://www.xbrl.org/2003/arcrole/concept-label" order="1" />
    <link:labelArc xlink:type="arc" xlink:from="jpfr-asr-E02778-000_IncreaseDueToMergerOfConsolidatedAndNonConsolidatedSubsidiariesRE" xlink:to="jpfr-asr-E02778-000_IncreaseDueToMergerOfConsolidatedAndNonConsolidatedSubsidiariesRE_label_1" xlink:arcrole="http://www.xbrl.org/2003/arcrole/concept-label" order="1" />
    <link:labelArc xlink:type="arc" xlink:from="jpfr-asr-E02778-000_ProceedsFromSaleAndLeaseBackOfEquipmentNewlyAcquiredFinCF" xlink:to="jpfr-asr-E02778-000_ProceedsFromSaleAndLeaseBackOfEquipmentNewlyAcquiredFinCF_label" xlink:arcrole="http://www.xbrl.org/2003/arcrole/concept-label" order="1" />
    <link:labelArc xlink:type="arc" xlink:from="jpfr-asr-E02778-000_UnrealizedLossGainOnValuationOfInvestmentAndLossGainOnSalesOfInvestmentAtSubsidiariesInTheUSNetEI" xlink:to="jpfr-asr-E02778-000_UnrealizedLossGainOnValuationOfInvestmentAndLossGainOnSalesOfInvestmentAtSubsidiariesInTheUSNetEI_label_1" xlink:arcrole="http://www.xbrl.org/2003/arcrole/concept-label" order="1" />
    <link:labelArc xlink:type="arc" xlink:from="jpfr-asr-E02778-000_DecreaseInCashAndCashEquivalentsResultingFromCorporateCCE" xlink:to="jpfr-asr-E02778-000_DecreaseInCashAndCashEquivalentsResultingFromCorporateCCE_label_1" xlink:arcrole="http://www.xbrl.org/2003/arcrole/concept-label" order="1" />
    <link:labelArc xlink:type="arc" xlink:from="jpfr-asr-E02778-000_PaymentsForAcquisitionOfMinorityInterestsAndLongTemDebtFinCF" xlink:to="jpfr-asr-E02778-000_PaymentsForAcquisitionOfMinorityInterestsAndLongTemDebtFinCF_label" xlink:arcrole="http://www.xbrl.org/2003/arcrole/concept-label" order="1" />
    <link:labelArc xlink:type="arc" xlink:from="jpfr-asr-E02778-000_ChangesInAForeignAffiliateSOwnershipInterestInItsSubsidiaryThatDoNotResultInALossOfControlNA" xlink:to="jpfr-asr-E02778-000_ChangesInAForeignAffiliateSOwnershipInterestInItsSubsidiaryThatDoNotResultInALossOfControlNA_label_1" xlink:arcrole="http://www.xbrl.org/2003/arcrole/concept-label" order="1" />
    <link:labelArc xlink:type="arc" xlink:from="jpfr-asr-E02778-000_ValuationLossOnOptionEL" xlink:to="jpfr-asr-E02778-000_ValuationLossOnOptionEL_label_2" xlink:arcrole="http://www.xbrl.org/2003/arcrole/concept-label" order="1" />
    <link:labelArc xlink:type="arc" xlink:from="jpfr-asr-E02778-000_DecreaseInRetainedEarningsDueToAdoptionOfPracticalSolutionOnUnificationOfAccountingPoliciesAppliedToAssociatesAccountedForUsingTheEquityMethodNA" xlink:to="jpfr-asr-E02778-000_DecreaseInRetainedEarningsDueToAdoptionOfPracticalSolutionOnUnificationOfAccountingPoliciesAppliedToAssociatesAccountedForUsingTheEquityMethodNA_label_1" xlink:arcrole="http://www.xbrl.org/2003/arcrole/concept-label" order="1" />
    <link:labelArc xlink:type="arc" xlink:from="jpfr-asr-E02778-000_DecreaseInRetainedEarningsDueToAdoptionOfPracticalSolutionOnUnificationOfAccountingPoliciesAppliedToAssociatesAccountedForUsingTheEquityMethodSE" xlink:to="jpfr-asr-E02778-000_DecreaseInRetainedEarningsDueToAdoptionOfPracticalSolutionOnUnificationOfAccountingPoliciesAppliedToAssociatesAccountedForUsingTheEquityMethodSE_label" xlink:arcrole="http://www.xbrl.org/2003/arcrole/concept-label" order="1" />
    <link:labelArc xlink:type="arc" xlink:from="jpfr-asr-E02778-000_ChangesInAForeignAffiliateSOwnershipInterestInItsSubsidiaryThatDoNotResultInALossOfControlNA" xlink:to="jpfr-asr-E02778-000_ChangesInAForeignAffiliateSOwnershipInterestInItsSubsidiaryThatDoNotResultInALossOfControlNA_label_2" xlink:arcrole="http://www.xbrl.org/2003/arcrole/concept-label" order="1" />
    <link:labelArc xlink:type="arc" xlink:from="jpfr-asr-E02778-000_ChangesInAForeignAffiliateSOwnershipInterestInItsSubsidiaryThatDoNotResultInALossOfControlCS" xlink:to="jpfr-asr-E02778-000_ChangesInAForeignAffiliateSOwnershipInterestInItsSubsidiaryThatDoNotResultInALossOfControlCS_label_1" xlink:arcrole="http://www.xbrl.org/2003/arcrole/concept-label" order="1" />
    <link:labelArc xlink:type="arc" xlink:from="jpfr-asr-E02778-000_PaymentsForAcquisitionOfMinorityInterestsAndLongTemDebtFinCF" xlink:to="jpfr-asr-E02778-000_PaymentsForAcquisitionOfMinorityInterestsAndLongTemDebtFinCF_label_1" xlink:arcrole="http://www.xbrl.org/2003/arcrole/concept-label" order="1" />
    <link:labelArc xlink:type="arc" xlink:from="jpfr-asr-E02778-000_DecreaseInRetainedEarningsDueToAdoptionOfPracticalSolutionOnUnificationOfAccountingPoliciesAppliedToAssociatesAccountedForUsingTheEquityMethodSE" xlink:to="jpfr-asr-E02778-000_DecreaseInRetainedEarningsDueToAdoptionOfPracticalSolutionOnUnificationOfAccountingPoliciesAppliedToAssociatesAccountedForUsingTheEquityMethodSE_label_1" xlink:arcrole="http://www.xbrl.org/2003/arcrole/concept-label" order="1" />
    <link:labelArc xlink:type="arc" xlink:from="jpfr-asr-E02778-000_UnrealizedLossGainOnValuationOfInvestmentAndLossGainOnSalesOfInvestmentAtSubsidiariesInTheUSNetEI" xlink:to="jpfr-asr-E02778-000_UnrealizedLossGainOnValuationOfInvestmentAndLossGainOnSalesOfInvestmentAtSubsidiariesInTheUSNetEI_label_2" xlink:arcrole="http://www.xbrl.org/2003/arcrole/concept-label" order="1" />
    <link:labelArc xlink:type="arc" xlink:from="jpfr-asr-E02778-000_InterestExpensesFromSubsidiariesAndAffiliatesNOE" xlink:to="jpfr-asr-E02778-000_InterestExpensesFromSubsidiariesAndAffiliatesNOE_label_1" xlink:arcrole="http://www.xbrl.org/2003/arcrole/concept-label" order="1" />
    <link:labelArc xlink:type="arc" xlink:from="jpfr-asr-E02778-000_ProceedsFromSalesAndLeaseBackOfEquipmentNewlyAcquiredFinCF" xlink:to="jpfr-asr-E02778-000_ProceedsFromSalesAndLeaseBackOfEquipmentNewlyAcquiredFinCF_label" xlink:arcrole="http://www.xbrl.org/2003/arcrole/concept-label" order="1" />
    <link:labelArc xlink:type="arc" xlink:from="jpfr-asr-E02778-000_GainOnAcquisitionOfMinorityInterestsAndLongTermDebtEI" xlink:to="jpfr-asr-E02778-000_GainOnAcquisitionOfMinorityInterestsAndLongTermDebtEI_label_2" xlink:arcrole="http://www.xbrl.org/2003/arcrole/concept-label" order="1" />
    <link:labelArc xlink:type="arc" xlink:from="jpfr-asr-E02778-000_TelecommunicationsEquipmentNet" xlink:to="jpfr-asr-E02778-000_TelecommunicationsEquipmentNet_label_2" xlink:arcrole="http://www.xbrl.org/2003/arcrole/concept-label" order="1" />
    <link:labelArc xlink:type="arc" xlink:from="jpfr-asr-E02778-000_PaymentsForAdditionalEntrustmentForDebtAssumptionFinCF" xlink:to="jpfr-asr-E02778-000_PaymentsForAdditionalEntrustmentForDebtAssumptionFinCF_label_1" xlink:arcrole="http://www.xbrl.org/2003/arcrole/concept-label" order="1" />
    <link:labelArc xlink:type="arc" xlink:from="jpfr-asr-E02778-000_IncreaseDueToMergerOfConsolidatedAndNonConsolidatedSubsidiariesSE" xlink:to="jpfr-asr-E02778-000_IncreaseDueToMergerOfConsolidatedAndNonConsolidatedSubsidiariesSE_label_2" xlink:arcrole="http://www.xbrl.org/2003/arcrole/concept-label" order="1" />
    <link:labelArc xlink:type="arc" xlink:from="jpfr-asr-E02778-000_ChangesInAForeignAffiliateSOwnershipInterestInItsSubsidiaryThatDoNotResultInALossOfControlSE" xlink:to="jpfr-asr-E02778-000_ChangesInAForeignAffiliateSOwnershipInterestInItsSubsidiaryThatDoNotResultInALossOfControlSE_label_1" xlink:arcrole="http://www.xbrl.org/2003/arcrole/concept-label" order="1" />
    <link:labelArc xlink:type="arc" xlink:from="jpfr-asr-E02778-000_ProceedsFromSaleAndLeaseBackOfEquipmentNewlyAcquiredFinCF" xlink:to="jpfr-asr-E02778-000_ProceedsFromSaleAndLeaseBackOfEquipmentNewlyAcquiredFinCF_label_1" xlink:arcrole="http://www.xbrl.org/2003/arcrole/concept-label" order="1" />
    <link:labelArc xlink:type="arc" xlink:from="jpfr-asr-E02778-000_DividendsFromSubsidiariesAndAffiliatesNOI" xlink:to="jpfr-asr-E02778-000_DividendsFromSubsidiariesAndAffiliatesNOI_label_2" xlink:arcrole="http://www.xbrl.org/2003/arcrole/concept-label" order="1" />
    <link:labelArc xlink:type="arc" xlink:from="jpfr-asr-E02778-000_ProceedsFromSalesAndLeaseBackOfEquipmentNewlyAcquiredFinCF" xlink:to="jpfr-asr-E02778-000_ProceedsFromSalesAndLeaseBackOfEquipmentNewlyAcquiredFinCF_label_1" xlink:arcrole="http://www.xbrl.org/2003/arcrole/concept-label" order="1" />
    <link:labelArc xlink:type="arc" xlink:from="jpfr-asr-E02778-000_IncreaseDueToMergerOfConsolidatedAndNonConsolidatedSubsidiariesNA" xlink:to="jpfr-asr-E02778-000_IncreaseDueToMergerOfConsolidatedAndNonConsolidatedSubsidiariesNA_label_2" xlink:arcrole="http://www.xbrl.org/2003/arcrole/concept-label" order="1" />
    <link:labelArc xlink:type="arc" xlink:from="jpfr-asr-E02778-000_ContributionForConstructionNOI" xlink:to="jpfr-asr-E02778-000_ContributionForConstructionNOI_label_2" xlink:arcrole="http://www.xbrl.org/2003/arcrole/concept-label" order="1" />
    <link:labelArc xlink:type="arc" xlink:from="jpfr-asr-E02778-000_LossOnSalesPriceAdjustmentsOfInvestmentsInSubsidiariesAndAffiliatesEL" xlink:to="jpfr-asr-E02778-000_LossOnSalesPriceAdjustmentsOfInvestmentsInSubsidiariesAndAffiliatesEL_label" xlink:arcrole="http://www.xbrl.org/2003/arcrole/concept-label" order="1" />
    <link:labelArc xlink:type="arc" xlink:from="jpfr-asr-E02778-000_UnrealizedLossGainOnValuationOfInvestmentAndLossGainOnSalesOfInvestmentAtSubsidiariesInTheUSNetOpeCF" xlink:to="jpfr-asr-E02778-000_UnrealizedLossGainOnValuationOfInvestmentAndLossGainOnSalesOfInvestmentAtSubsidiariesInTheUSNetOpeCF_label_2" xlink:arcrole="http://www.xbrl.org/2003/arcrole/concept-label" order="1" />
    <link:labelArc xlink:type="arc" xlink:from="jpfr-asr-E02778-000_PaymentsForAdditionalEntrustmentForDebtAssumptionFinCF" xlink:to="jpfr-asr-E02778-000_PaymentsForAdditionalEntrustmentForDebtAssumptionFinCF_label_2" xlink:arcrole="http://www.xbrl.org/2003/arcrole/concept-label" order="1" />
    <link:labelArc xlink:type="arc" xlink:from="jpfr-asr-E02778-000_ChangesInAForeignAffiliateSOwnershipInterestInItsSubsidiaryThatDoNotResultInALossOfControlSE" xlink:to="jpfr-asr-E02778-000_ChangesInAForeignAffiliateSOwnershipInterestInItsSubsidiaryThatDoNotResultInALossOfControlSE_label_2" xlink:arcrole="http://www.xbrl.org/2003/arcrole/concept-label" order="1" />
    <link:labelArc xlink:type="arc" xlink:from="jpfr-asr-E02778-000_LossOnSalesPriceAdjustmentsOfInvestmentsInSubsidiariesAndAffiliatesEL" xlink:to="jpfr-asr-E02778-000_LossOnSalesPriceAdjustmentsOfInvestmentsInSubsidiariesAndAffiliatesEL_label_1" xlink:arcrole="http://www.xbrl.org/2003/arcrole/concept-label" order="1" />
    <link:labelArc xlink:type="arc" xlink:from="jpfr-asr-E02778-000_ChangesInAForeignAffiliateSOwnershipInterestInItsSubsidiaryThatDoNotResultInALossOfControlCS" xlink:to="jpfr-asr-E02778-000_ChangesInAForeignAffiliateSOwnershipInterestInItsSubsidiaryThatDoNotResultInALossOfControlCS_label_2" xlink:arcrole="http://www.xbrl.org/2003/arcrole/concept-label" order="1" />
    <link:labelArc xlink:type="arc" xlink:from="jpfr-asr-E02778-000_IncreaseDueToMergerOfConsolidatedAndNonConsolidatedSubsidiariesRE" xlink:to="jpfr-asr-E02778-000_IncreaseDueToMergerOfConsolidatedAndNonConsolidatedSubsidiariesRE_label_2" xlink:arcrole="http://www.xbrl.org/2003/arcrole/concept-label" order="1" />
    <link:labelArc xlink:type="arc" xlink:from="jpfr-asr-E02778-000_LossOnSalesPriceAdjustmentsOfInvestmentsInSubsidiariesAndAffiliatesEL" xlink:to="jpfr-asr-E02778-000_LossOnSalesPriceAdjustmentsOfInvestmentsInSubsidiariesAndAffiliatesEL_label_2" xlink:arcrole="http://www.xbrl.org/2003/arcrole/concept-label" order="1" />
    <link:labelArc xlink:type="arc" xlink:from="jpfr-asr-E02778-000_DecreaseInRetainedEarningsDueToAdoptionOfPracticalSolutionOnUnificationOfAccountingPoliciesAppliedToAssociatesAccountedForUsingTheEquityMethodRE" xlink:to="jpfr-asr-E02778-000_DecreaseInRetainedEarningsDueToAdoptionOfPracticalSolutionOnUnificationOfAccountingPoliciesAppliedToAssociatesAccountedForUsingTheEquityMethodRE_label_1" xlink:arcrole="http://www.xbrl.org/2003/arcrole/concept-label" order="1" />
    <link:labelArc xlink:type="arc" xlink:from="jpfr-asr-E02778-000_DecreaseInRetainedEarningsDueToAdoptionOfPracticalSolutionOnUnificationOfAccountingPoliciesAppliedToAssociatesAccountedForUsingTheEquityMethodNA" xlink:to="jpfr-asr-E02778-000_DecreaseInRetainedEarningsDueToAdoptionOfPracticalSolutionOnUnificationOfAccountingPoliciesAppliedToAssociatesAccountedForUsingTheEquityMethodNA_label_2" xlink:arcrole="http://www.xbrl.org/2003/arcrole/concept-label" order="1" />
    <link:labelArc xlink:type="arc" xlink:from="jpfr-asr-E02778-000_DecreaseInCashAndCashEquivalentsResultingFromCorporateCCE" xlink:to="jpfr-asr-E02778-000_DecreaseInCashAndCashEquivalentsResultingFromCorporateCCE_label_2" xlink:arcrole="http://www.xbrl.org/2003/arcrole/concept-label" order="1" />
    <link:labelArc xlink:type="arc" xlink:from="jpfr-asr-E02778-000_DecreaseInRetainedEarningsDueToAdoptionOfPracticalSolutionOnUnificationOfAccountingPoliciesAppliedToAssociatesAccountedForUsingTheEquityMethodSE" xlink:to="jpfr-asr-E02778-000_DecreaseInRetainedEarningsDueToAdoptionOfPracticalSolutionOnUnificationOfAccountingPoliciesAppliedToAssociatesAccountedForUsingTheEquityMethodSE_label_2" xlink:arcrole="http://www.xbrl.org/2003/arcrole/concept-label" order="1" />
    <link:labelArc xlink:type="arc" xlink:from="jpfr-asr-E02778-000_TelecommunicationsServiceLinesNet" xlink:to="jpfr-asr-E02778-000_TelecommunicationsServiceLinesNet_label_1" xlink:arcrole="http://www.xbrl.org/2003/arcrole/concept-label" order="1" />
    <link:labelArc xlink:type="arc" xlink:from="jpfr-asr-E02778-000_InterestExpensesFromSubsidiariesAndAffiliatesNOE" xlink:to="jpfr-asr-E02778-000_InterestExpensesFromSubsidiariesAndAffiliatesNOE_label_2" xlink:arcrole="http://www.xbrl.org/2003/arcrole/concept-label" order="1" />
    <link:labelArc xlink:type="arc" xlink:from="jpfr-asr-E02778-000_PaymentsForAcquisitionOfMinorityInterestsAndLongTemDebtFinCF" xlink:to="jpfr-asr-E02778-000_PaymentsForAcquisitionOfMinorityInterestsAndLongTemDebtFinCF_label_2" xlink:arcrole="http://www.xbrl.org/2003/arcrole/concept-label" order="1" />
    <link:labelArc xlink:type="arc" xlink:from="jpfr-asr-E02778-000_InterestOnLoansToSubsidiariesSonAffiliatesNOI" xlink:to="jpfr-asr-E02778-000_InterestOnLoansToSubsidiariesSonAffiliatesNOI_label_1" xlink:arcrole="http://www.xbrl.org/2003/arcrole/concept-label" order="1" />
    <link:labelArc xlink:type="arc" xlink:from="jpfr-asr-E02778-000_ProceedsFromSalesAndLeaseBackOfEquipmentNewlyAcquiredFinCF" xlink:to="jpfr-asr-E02778-000_ProceedsFromSalesAndLeaseBackOfEquipmentNewlyAcquiredFinCF_label_2" xlink:arcrole="http://www.xbrl.org/2003/arcrole/concept-label" order="1" />
    <link:labelArc xlink:type="arc" xlink:from="jpfr-asr-E02778-000_TelecommunicationsServiceLinesNet" xlink:to="jpfr-asr-E02778-000_TelecommunicationsServiceLinesNet_label_2" xlink:arcrole="http://www.xbrl.org/2003/arcrole/concept-label" order="1" />
    <link:labelArc xlink:type="arc" xlink:from="jpfr-asr-E02778-000_DecreaseInRetainedEarningsDueToAdoptionOfPracticalSolutionOnUnificationOfAccountingPoliciesAppliedToAssociatesAccountedForUsingTheEquityMethodRE" xlink:to="jpfr-asr-E02778-000_DecreaseInRetainedEarningsDueToAdoptionOfPracticalSolutionOnUnificationOfAccountingPoliciesAppliedToAssociatesAccountedForUsingTheEquityMethodRE_label_2" xlink:arcrole="http://www.xbrl.org/2003/arcrole/concept-label" order="1" />
    <link:labelArc xlink:type="arc" xlink:from="jpfr-asr-E02778-000_InterestOnLoansToSubsidiariesSonAffiliatesNOI" xlink:to="jpfr-asr-E02778-000_InterestOnLoansToSubsidiariesSonAffiliatesNOI_label_2" xlink:arcrole="http://www.xbrl.org/2003/arcrole/concept-label" order="1" />
    <link:labelArc xlink:type="arc" xlink:from="jpfr-asr-E02778-000_ProceedsFromSaleAndLeaseBackOfEquipmentNewlyAcquiredFinCF" xlink:to="jpfr-asr-E02778-000_ProceedsFromSaleAndLeaseBackOfEquipmentNewlyAcquiredFinCF_label_2" xlink:arcrole="http://www.xbrl.org/2003/arcrole/concept-label" order="1" />
  </link:labelLink>
</link:linkbase>