﻿<?xml version="1.0" encoding="utf-8"?>
<!-- Edited with XiRUTE .NET Library 01-04 -->
<link:linkbase xmlns:xlink="http://www.w3.org/1999/xlink" xmlns:xsi="http://www.w3.org/2001/XMLSchema-instance" xmlns:link="http://www.xbrl.org/2003/linkbase">
  <link:labelLink xlink:type="extended" xlink:role="http://www.xbrl.org/2003/role/link">
    <link:label xml:lang="ja" xlink:type="resource" xlink:label="jpfr-asr-E02778-000_TelecommunicationsEquipmentNet_label" xlink:role="http://www.xbrl.org/2003/role/label">通信機械設備（純額）</link:label>
    <link:label xml:lang="ja" xlink:type="resource" xlink:label="jpfr-asr-E02778-000_IncreaseDueToMergerOfConsolidatedAndNonConsolidatedSubsidiariesRE_label" xlink:role="http://www.xbrl.org/2003/role/documentation">連結子会社と非連結子会社の合併に伴う増加高、利益剰余金</link:label>
    <link:label xml:lang="ja" xlink:type="resource" xlink:label="jpfr-asr-E02778-000_DecreaseInCashAndCashEquivalentsResultingFromCorporateCCE_label_1" xlink:role="http://www.xbrl.org/2003/role/verboseLabel">会社分割に伴う現金及び現金同等物の減少額</link:label>
    <link:label xml:lang="ja" xlink:type="resource" xlink:label="jpfr-asr-E02778-000_LossOnSalesPriceAdjustmentsOfInvestmentsInSubsidiariesAndAffiliatesEL_label_2" xlink:role="http://www.xbrl.org/2003/role/label">関係会社株式売却価格調整損</link:label>
    <link:label xml:lang="ja" xlink:type="resource" xlink:label="jpfr-asr-E02778-000_DecreaseInRetainedEarningsDueToAdoptionOfPracticalSolutionOnUnificationOfAccountingPoliciesAppliedToAssociatesAccountedForUsingTheEquityMethodRE_label" xlink:role="http://www.xbrl.org/2003/role/label">実務対応報告24号の適用による影響額</link:label>
    <link:label xml:lang="ja" xlink:type="resource" xlink:label="jpfr-asr-E02778-000_InterestOnLoansToSubsidiariesSonAffiliatesNOI_label" xlink:role="http://www.xbrl.org/2003/role/verboseLabel">関係会社貸付金利息、営業外収益</link:label>
    <link:label xml:lang="ja" xlink:type="resource" xlink:label="jpfr-asr-E02778-000_DecreaseInCashAndCashEquivalentsResultingFromCorporateCCE_label" xlink:role="http://www.xbrl.org/2003/role/label">会社分割に伴う現金及び現金同等物の減少額</link:label>
    <link:label xml:lang="ja" xlink:type="resource" xlink:label="jpfr-asr-E02778-000_InterestExpensesFromSubsidiariesAndAffiliatesNOE_label" xlink:role="http://www.xbrl.org/2003/role/verboseLabel">関係会社支払利息、営業外費用</link:label>
    <link:label xml:lang="ja" xlink:type="resource" xlink:label="jpfr-asr-E02778-000_ChangesInAForeignAffiliateSOwnershipInterestInItsSubsidiaryThatDoNotResultInALossOfControlSE_label_2" xlink:role="http://www.xbrl.org/2003/role/documentation">在外関係会社の支配継続子会社に対する持分変動、株主資本</link:label>
    <link:label xml:lang="ja" xlink:type="resource" xlink:label="jpfr-asr-E02778-000_TelecommunicationsServiceLinesNet_label" xlink:role="http://www.xbrl.org/2003/role/label">通信線路設備（純額）</link:label>
    <link:label xml:lang="ja" xlink:type="resource" xlink:label="jpfr-asr-E02778-000_ContributionForConstructionNOI_label_2" xlink:role="http://www.xbrl.org/2003/role/verboseLabel">設備設置負担金収入、営業外収益</link:label>
    <link:label xml:lang="ja" xlink:type="resource" xlink:label="jpfr-asr-E02778-000_DecreaseInRetainedEarningsDueToAdoptionOfPracticalSolutionOnUnificationOfAccountingPoliciesAppliedToAssociatesAccountedForUsingTheEquityMethodNA_label_1" xlink:role="http://www.xbrl.org/2003/role/verboseLabel">実務対応報告24号の適用による影響額、純資産</link:label>
    <link:label xml:lang="ja" xlink:type="resource" xlink:label="jpfr-asr-E02778-000_ValuationLossOnOptionEL_label" xlink:role="http://www.xbrl.org/2003/role/documentation">オプション評価損、特別損失</link:label>
    <link:label xml:lang="ja" xlink:type="resource" xlink:label="jpfr-asr-E02778-000_GainOnAcquisitionOfMinorityInterestsAndLongTermDebtEI_label_1" xlink:role="http://www.xbrl.org/2003/role/label">少数株主持分及び長期借入金買戻差益</link:label>
    <link:label xml:lang="ja" xlink:type="resource" xlink:label="jpfr-asr-E02778-000_ChangesInAForeignAffiliateSOwnershipInterestInItsSubsidiaryThatDoNotResultInALossOfControlSE_label" xlink:role="http://www.xbrl.org/2003/role/label">在外関係会社の支配継続子会社に対する持分変動</link:label>
    <link:label xml:lang="ja" xlink:type="resource" xlink:label="jpfr-asr-E02778-000_DecreaseInRetainedEarningsDueToAdoptionOfPracticalSolutionOnUnificationOfAccountingPoliciesAppliedToAssociatesAccountedForUsingTheEquityMethodRE_label_2" xlink:role="http://www.xbrl.org/2003/role/verboseLabel">実務対応報告24号の適用による影響額、利益剰余金</link:label>
    <link:label xml:lang="ja" xlink:type="resource" xlink:label="jpfr-asr-E02778-000_ChangesInAForeignAffiliateSOwnershipInterestInItsSubsidiaryThatDoNotResultInALossOfControlCS_label_2" xlink:role="http://www.xbrl.org/2003/role/documentation">在外関係会社の支配継続子会社に対する持分変動、資本剰余金</link:label>
    <link:label xml:lang="ja" xlink:type="resource" xlink:label="jpfr-asr-E02778-000_TelecommunicationsEquipmentNet_label_1" xlink:role="http://www.xbrl.org/2003/role/documentation">通信機械設備（純額）</link:label>
    <link:label xml:lang="ja" xlink:type="resource" xlink:label="jpfr-asr-E02778-000_IncreaseDueToMergerOfConsolidatedAndNonConsolidatedSubsidiariesRE_label_1" xlink:role="http://www.xbrl.org/2003/role/label">連結子会社と非連結子会社の合併に伴う増加高</link:label>
    <link:label xml:lang="ja" xlink:type="resource" xlink:label="jpfr-asr-E02778-000_LossOnSalesPriceAdjustmentsOfInvestmentsInSubsidiariesAndAffiliatesEL_label" xlink:role="http://www.xbrl.org/2003/role/verboseLabel">関係会社株式売却価格調整損、特別損失</link:label>
    <link:label xml:lang="ja" xlink:type="resource" xlink:label="jpfr-asr-E02778-000_IncomeFromInvestmentsInPartnershipsIncomeNOI_label_1" xlink:role="http://www.xbrl.org/2003/role/verboseLabel">投資事業組合収益、営業外収益</link:label>
    <link:label xml:lang="ja" xlink:type="resource" xlink:label="jpfr-asr-E02778-000_ProceedsFromSalesAndLeaseBackOfEquipmentNewlyAcquiredFinCF_label" xlink:role="http://www.xbrl.org/2003/role/verboseLabel">新規取得設備のリース化による収入、財務活動によるキャッシュ・フロー</link:label>
    <link:label xml:lang="ja" xlink:type="resource" xlink:label="jpfr-asr-E02778-000_DecreaseInRetainedEarningsDueToAdoptionOfPracticalSolutionOnUnificationOfAccountingPoliciesAppliedToAssociatesAccountedForUsingTheEquityMethodNA_label_2" xlink:role="http://www.xbrl.org/2003/role/documentation">実務対応報告24号の適用による影響額、純資産</link:label>
    <link:label xml:lang="ja" xlink:type="resource" xlink:label="jpfr-asr-E02778-000_ChangesInAForeignAffiliateSOwnershipInterestInItsSubsidiaryThatDoNotResultInALossOfControlNA_label_1" xlink:role="http://www.xbrl.org/2003/role/verboseLabel">在外関係会社の支配継続子会社に対する持分変動、純資産</link:label>
    <link:label xml:lang="ja" xlink:type="resource" xlink:label="jpfr-asr-E02778-000_IncreaseDueToMergerOfConsolidatedAndNonConsolidatedSubsidiariesRE_label_2" xlink:role="http://www.xbrl.org/2003/role/verboseLabel">連結子会社と非連結子会社の合併に伴う増加高、利益剰余金</link:label>
    <link:label xml:lang="ja" xlink:type="resource" xlink:label="jpfr-asr-E02778-000_ValuationLossOnOptionEL_label_1" xlink:role="http://www.xbrl.org/2003/role/verboseLabel">オプション評価損、特別損失</link:label>
    <link:label xml:lang="ja" xlink:type="resource" xlink:label="jpfr-asr-E02778-000_IncreaseDueToMergerOfConsolidatedAndNonConsolidatedSubsidiariesSE_label_2" xlink:role="http://www.xbrl.org/2003/role/label">連結子会社と非連結子会社の合併に伴う増加高</link:label>
    <link:label xml:lang="ja" xlink:type="resource" xlink:label="jpfr-asr-E02778-000_DecreaseInRetainedEarningsDueToAdoptionOfPracticalSolutionOnUnificationOfAccountingPoliciesAppliedToAssociatesAccountedForUsingTheEquityMethodNA_label" xlink:role="http://www.xbrl.org/2003/role/label">実務対応報告24号の適用による影響額</link:label>
    <link:label xml:lang="ja" xlink:type="resource" xlink:label="jpfr-asr-E02778-000_ProceedsFromSaleAndLeaseBackOfEquipmentNewlyAcquiredFinCF_label" xlink:role="http://www.xbrl.org/2003/role/verboseLabel">新規取得設備のセール・アンド・リースバックによる収入、財務活動によるキャッシュ・フロー</link:label>
    <link:label xml:lang="ja" xlink:type="resource" xlink:label="jpfr-asr-E02778-000_IncreaseDueToMergerOfConsolidatedAndNonConsolidatedSubsidiariesSE_label_1" xlink:role="http://www.xbrl.org/2003/role/verboseLabel">連結子会社と非連結子会社の合併に伴う増加高、株主資本</link:label>
    <link:label xml:lang="ja" xlink:type="resource" xlink:label="jpfr-asr-E02778-000_ChangesInAForeignAffiliateSOwnershipInterestInItsSubsidiaryThatDoNotResultInALossOfControlNA_label_2" xlink:role="http://www.xbrl.org/2003/role/label">在外関係会社の支配継続子会社に対する持分変動</link:label>
    <link:label xml:lang="ja" xlink:type="resource" xlink:label="jpfr-asr-E02778-000_DividendsFromSubsidiariesAndAffiliatesNOI_label_2" xlink:role="http://www.xbrl.org/2003/role/verboseLabel">関係会社受取配当金、営業外収益</link:label>
    <link:label xml:lang="ja" xlink:type="resource" xlink:label="jpfr-asr-E02778-000_UnrealizedLossGainOnValuationOfInvestmentAndLossGainOnSalesOfInvestmentAtSubsidiariesInTheUSNetOpeCF_label_1" xlink:role="http://www.xbrl.org/2003/role/label">米国子会社の投資会社会計に基づく投資有価証券評価及び売却損益（△は益）</link:label>
    <link:label xml:lang="ja" xlink:type="resource" xlink:label="jpfr-asr-E02778-000_IncomeFromInvestmentsInPartnershipsIncomeNOI_label_2" xlink:role="http://www.xbrl.org/2003/role/label">投資事業組合収益</link:label>
    <link:label xml:lang="ja" xlink:type="resource" xlink:label="jpfr-asr-E02778-000_DecreaseInRetainedEarningsDueToAdoptionOfPracticalSolutionOnUnificationOfAccountingPoliciesAppliedToAssociatesAccountedForUsingTheEquityMethodSE_label_1" xlink:role="http://www.xbrl.org/2003/role/documentation">実務対応報告24号の適用による影響額、株主資本</link:label>
    <link:label xml:lang="ja" xlink:type="resource" xlink:label="jpfr-asr-E02778-000_UnrealizedLossGainOnValuationOfInvestmentAndLossGainOnSalesOfInvestmentAtSubsidiariesInTheUSNetEL_label_1" xlink:role="http://www.xbrl.org/2003/role/documentation">米国子会社の投資会社会計に基づく投資有価証券評価及び売却損、特別損失</link:label>
    <link:label xml:lang="ja" xlink:type="resource" xlink:label="jpfr-asr-E02778-000_PaymentsForAdditionalEntrustmentForDebtAssumptionFinCF_label" xlink:role="http://www.xbrl.org/2003/role/verboseLabel">デット・アサンプションに係る追加信託義務の履行による支払、財務活動によるキャッシュ・フロー</link:label>
    <link:label xml:lang="ja" xlink:type="resource" xlink:label="jpfr-asr-E02778-000_IncreaseDueToMergerOfConsolidatedAndNonConsolidatedSubsidiariesNA_label" xlink:role="http://www.xbrl.org/2003/role/label">連結子会社と非連結子会社の合併に伴う増加高</link:label>
    <link:label xml:lang="ja" xlink:type="resource" xlink:label="jpfr-asr-E02778-000_PaymentsForAcquisitionOfMinorityInterestsAndLongTemDebtFinCF_label" xlink:role="http://www.xbrl.org/2003/role/verboseLabel">少数株主持分及び長期借入金の買戻しによる支出、財務活動によるキャッシュ・フロー</link:label>
    <link:label xml:lang="ja" xlink:type="resource" xlink:label="jpfr-asr-E02778-000_IncreaseDueToMergerOfConsolidatedAndNonConsolidatedSubsidiariesNA_label_1" xlink:role="http://www.xbrl.org/2003/role/verboseLabel">連結子会社と非連結子会社の合併に伴う増加高、純資産</link:label>
    <link:label xml:lang="ja" xlink:type="resource" xlink:label="jpfr-asr-E02778-000_GainOnAcquisitionOfMinorityInterestsAndLongTermDebtEI_label" xlink:role="http://www.xbrl.org/2003/role/documentation">少数株主持分及び長期借入金買戻差益、特別利益</link:label>
    <link:label xml:lang="ja" xlink:type="resource" xlink:label="jpfr-asr-E02778-000_DecreaseInCashAndCashEquivalentsResultingFromCorporateCCE_label_2" xlink:role="http://www.xbrl.org/2003/role/documentation">会社分割に伴う現金及び現金同等物の減少額</link:label>
    <link:label xml:lang="ja" xlink:type="resource" xlink:label="jpfr-asr-E02778-000_ProceedsFromSalesAndLeaseBackOfEquipmentNewlyAcquiredFinCF_label_2" xlink:role="http://www.xbrl.org/2003/role/label">新規取得設備のリース化による収入</link:label>
    <link:label xml:lang="ja" xlink:type="resource" xlink:label="jpfr-asr-E02778-000_PaymentsForAcquisitionOfMinorityInterestsAndLongTemDebtFinCF_label_1" xlink:role="http://www.xbrl.org/2003/role/label">少数株主持分及び長期借入金の買戻しによる支出</link:label>
    <link:label xml:lang="ja" xlink:type="resource" xlink:label="jpfr-asr-E02778-000_ValuationLossOnOptionEL_label_2" xlink:role="http://www.xbrl.org/2003/role/label">オプション評価損</link:label>
    <link:label xml:lang="ja" xlink:type="resource" xlink:label="jpfr-asr-E02778-000_LossOnSalesPriceAdjustmentsOfInvestmentsInSubsidiariesAndAffiliatesEL_label_1" xlink:role="http://www.xbrl.org/2003/role/documentation">関係会社株式売却価格調整損、特別損失</link:label>
    <link:label xml:lang="ja" xlink:type="resource" xlink:label="jpfr-asr-E02778-000_DecreaseInRetainedEarningsDueToAdoptionOfPracticalSolutionOnUnificationOfAccountingPoliciesAppliedToAssociatesAccountedForUsingTheEquityMethodSE_label" xlink:role="http://www.xbrl.org/2003/role/label">実務対応報告24号の適用による影響額</link:label>
    <link:label xml:lang="ja" xlink:type="resource" xlink:label="jpfr-asr-E02778-000_InterestExpensesFromSubsidiariesAndAffiliatesNOE_label_2" xlink:role="http://www.xbrl.org/2003/role/label">関係会社支払利息</link:label>
    <link:label xml:lang="ja" xlink:type="resource" xlink:label="jpfr-asr-E02778-000_UnrealizedLossGainOnValuationOfInvestmentAndLossGainOnSalesOfInvestmentAtSubsidiariesInTheUSNetOpeCF_label" xlink:role="http://www.xbrl.org/2003/role/documentation">米国子会社の投資会社会計に基づく投資有価証券評価及び売却損益（△は益）、営業活動によるキャッシュ・フロー</link:label>
    <link:label xml:lang="ja" xlink:type="resource" xlink:label="jpfr-asr-E02778-000_TelecommunicationsServiceLinesNet_label_1" xlink:role="http://www.xbrl.org/2003/role/documentation">通信線路設備（純額）</link:label>
    <link:label xml:lang="ja" xlink:type="resource" xlink:label="jpfr-asr-E02778-000_UnrealizedLossGainOnValuationOfInvestmentAndLossGainOnSalesOfInvestmentAtSubsidiariesInTheUSNetEI_label" xlink:role="http://www.xbrl.org/2003/role/documentation">米国子会社の投資会社会計に基づく投資有価証券評価及び売却益、特別利益</link:label>
    <link:label xml:lang="ja" xlink:type="resource" xlink:label="jpfr-asr-E02778-000_ChangesInAForeignAffiliateSOwnershipInterestInItsSubsidiaryThatDoNotResultInALossOfControlCS_label_1" xlink:role="http://www.xbrl.org/2003/role/label">在外関係会社の支配継続子会社に対する持分変動</link:label>
    <link:label xml:lang="ja" xlink:type="resource" xlink:label="jpfr-asr-E02778-000_UnrealizedLossGainOnValuationOfInvestmentAndLossGainOnSalesOfInvestmentAtSubsidiariesInTheUSNetEL_label" xlink:role="http://www.xbrl.org/2003/role/label">米国子会社の投資会社会計に基づく投資有価証券評価及び売却損</link:label>
    <link:label xml:lang="ja" xlink:type="resource" xlink:label="jpfr-asr-E02778-000_PaymentsForAdditionalEntrustmentForDebtAssumptionFinCF_label_2" xlink:role="http://www.xbrl.org/2003/role/label">デット・アサンプションに係る追加信託義務の履行による支払</link:label>
    <link:label xml:lang="ja" xlink:type="resource" xlink:label="jpfr-asr-E02778-000_DividendsFromSubsidiariesAndAffiliatesNOI_label_1" xlink:role="http://www.xbrl.org/2003/role/documentation">関係会社受取配当金、営業外収益</link:label>
    <link:label xml:lang="ja" xlink:type="resource" xlink:label="jpfr-asr-E02778-000_ProceedsFromSalesAndLeaseBackOfEquipmentNewlyAcquiredFinCF_label_1" xlink:role="http://www.xbrl.org/2003/role/documentation">新規取得設備のリース化による収入、財務活動によるキャッシュ・フロー</link:label>
    <link:label xml:lang="ja" xlink:type="resource" xlink:label="jpfr-asr-E02778-000_UnrealizedLossGainOnValuationOfInvestmentAndLossGainOnSalesOfInvestmentAtSubsidiariesInTheUSNetOpeCF_label_2" xlink:role="http://www.xbrl.org/2003/role/verboseLabel">米国子会社の投資会社会計に基づく投資有価証券評価及び売却損益（△は益）、営業活動によるキャッシュ・フロー</link:label>
    <link:label xml:lang="ja" xlink:type="resource" xlink:label="jpfr-asr-E02778-000_InterestOnLoansToSubsidiariesSonAffiliatesNOI_label_1" xlink:role="http://www.xbrl.org/2003/role/documentation">関係会社貸付金利息、営業外収益</link:label>
    <link:label xml:lang="ja" xlink:type="resource" xlink:label="jpfr-asr-E02778-000_UnrealizedLossGainOnValuationOfInvestmentAndLossGainOnSalesOfInvestmentAtSubsidiariesInTheUSNetEL_label_2" xlink:role="http://www.xbrl.org/2003/role/verboseLabel">米国子会社の投資会社会計に基づく投資有価証券評価及び売却損、特別損失</link:label>
    <link:label xml:lang="ja" xlink:type="resource" xlink:label="jpfr-asr-E02778-000_ContributionForConstructionNOI_label_1" xlink:role="http://www.xbrl.org/2003/role/documentation">設備設置負担金収入、営業外収益</link:label>
    <link:label xml:lang="ja" xlink:type="resource" xlink:label="jpfr-asr-E02778-000_DecreaseInRetainedEarningsDueToAdoptionOfPracticalSolutionOnUnificationOfAccountingPoliciesAppliedToAssociatesAccountedForUsingTheEquityMethodSE_label_2" xlink:role="http://www.xbrl.org/2003/role/verboseLabel">実務対応報告24号の適用による影響額、株主資本</link:label>
    <link:label xml:lang="ja" xlink:type="resource" xlink:label="jpfr-asr-E02778-000_IncreaseDueToMergerOfConsolidatedAndNonConsolidatedSubsidiariesNA_label_2" xlink:role="http://www.xbrl.org/2003/role/documentation">連結子会社と非連結子会社の合併に伴う増加高、純資産</link:label>
    <link:label xml:lang="ja" xlink:type="resource" xlink:label="jpfr-asr-E02778-000_ProceedsFromSaleAndLeaseBackOfEquipmentNewlyAcquiredFinCF_label_2" xlink:role="http://www.xbrl.org/2003/role/documentation">新規取得設備のセール・アンド・リースバックによる収入、財務活動によるキャッシュ・フロー</link:label>
    <link:label xml:lang="ja" xlink:type="resource" xlink:label="jpfr-asr-E02778-000_TelecommunicationsServiceLinesNet_label_2" xlink:role="http://www.xbrl.org/2003/role/verboseLabel">通信線路設備（純額）</link:label>
    <link:label xml:lang="ja" xlink:type="resource" xlink:label="jpfr-asr-E02778-000_ContributionForConstructionNOI_label" xlink:role="http://www.xbrl.org/2003/role/label">設備設置負担金収入</link:label>
    <link:label xml:lang="ja" xlink:type="resource" xlink:label="jpfr-asr-E02778-000_ChangesInAForeignAffiliateSOwnershipInterestInItsSubsidiaryThatDoNotResultInALossOfControlCS_label" xlink:role="http://www.xbrl.org/2003/role/verboseLabel">在外関係会社の支配継続子会社に対する持分変動、資本剰余金</link:label>
    <link:label xml:lang="ja" xlink:type="resource" xlink:label="jpfr-asr-E02778-000_DecreaseInRetainedEarningsDueToAdoptionOfPracticalSolutionOnUnificationOfAccountingPoliciesAppliedToAssociatesAccountedForUsingTheEquityMethodRE_label_1" xlink:role="http://www.xbrl.org/2003/role/documentation">実務対応報告24号の適用による影響額、利益剰余金</link:label>
    <link:label xml:lang="ja" xlink:type="resource" xlink:label="jpfr-asr-E02778-000_ChangesInAForeignAffiliateSOwnershipInterestInItsSubsidiaryThatDoNotResultInALossOfControlSE_label_1" xlink:role="http://www.xbrl.org/2003/role/verboseLabel">在外関係会社の支配継続子会社に対する持分変動、株主資本</link:label>
    <link:label xml:lang="ja" xlink:type="resource" xlink:label="jpfr-asr-E02778-000_ProceedsFromSaleAndLeaseBackOfEquipmentNewlyAcquiredFinCF_label_1" xlink:role="http://www.xbrl.org/2003/role/label">新規取得設備のセール・アンド・リースバックによる収入</link:label>
    <link:label xml:lang="ja" xlink:type="resource" xlink:label="jpfr-asr-E02778-000_PaymentsForAcquisitionOfMinorityInterestsAndLongTemDebtFinCF_label_2" xlink:role="http://www.xbrl.org/2003/role/documentation">少数株主持分及び長期借入金の買戻しによる支出、財務活動によるキャッシュ・フロー</link:label>
    <link:label xml:lang="ja" xlink:type="resource" xlink:label="jpfr-asr-E02778-000_InterestExpensesFromSubsidiariesAndAffiliatesNOE_label_1" xlink:role="http://www.xbrl.org/2003/role/documentation">関係会社支払利息、営業外費用</link:label>
    <link:label xml:lang="ja" xlink:type="resource" xlink:label="jpfr-asr-E02778-000_IncreaseDueToMergerOfConsolidatedAndNonConsolidatedSubsidiariesSE_label" xlink:role="http://www.xbrl.org/2003/role/documentation">連結子会社と非連結子会社の合併に伴う増加高、株主資本</link:label>
    <link:label xml:lang="ja" xlink:type="resource" xlink:label="jpfr-asr-E02778-000_DividendsFromSubsidiariesAndAffiliatesNOI_label" xlink:role="http://www.xbrl.org/2003/role/label">関係会社受取配当金</link:label>
    <link:label xml:lang="ja" xlink:type="resource" xlink:label="jpfr-asr-E02778-000_IncomeFromInvestmentsInPartnershipsIncomeNOI_label" xlink:role="http://www.xbrl.org/2003/role/documentation">投資事業組合収益、営業外収益</link:label>
    <link:label xml:lang="ja" xlink:type="resource" xlink:label="jpfr-asr-E02778-000_TelecommunicationsEquipmentNet_label_2" xlink:role="http://www.xbrl.org/2003/role/verboseLabel">通信機械設備（純額）</link:label>
    <link:label xml:lang="ja" xlink:type="resource" xlink:label="jpfr-asr-E02778-000_PaymentsForAdditionalEntrustmentForDebtAssumptionFinCF_label_1" xlink:role="http://www.xbrl.org/2003/role/documentation">デット・アサンプションに係る追加信託義務の履行による支払、財務活動によるキャッシュ・フロー</link:label>
    <link:label xml:lang="ja" xlink:type="resource" xlink:label="jpfr-asr-E02778-000_UnrealizedLossGainOnValuationOfInvestmentAndLossGainOnSalesOfInvestmentAtSubsidiariesInTheUSNetEI_label_2" xlink:role="http://www.xbrl.org/2003/role/label">米国子会社の投資会社会計に基づく投資有価証券評価及び売却益</link:label>
    <link:label xml:lang="ja" xlink:type="resource" xlink:label="jpfr-asr-E02778-000_InterestOnLoansToSubsidiariesSonAffiliatesNOI_label_2" xlink:role="http://www.xbrl.org/2003/role/label">関係会社貸付金利息</link:label>
    <link:label xml:lang="ja" xlink:type="resource" xlink:label="jpfr-asr-E02778-000_UnrealizedLossGainOnValuationOfInvestmentAndLossGainOnSalesOfInvestmentAtSubsidiariesInTheUSNetEI_label_1" xlink:role="http://www.xbrl.org/2003/role/verboseLabel">米国子会社の投資会社会計に基づく投資有価証券評価及び売却益、特別利益</link:label>
    <link:label xml:lang="ja" xlink:type="resource" xlink:label="jpfr-asr-E02778-000_GainOnAcquisitionOfMinorityInterestsAndLongTermDebtEI_label_2" xlink:role="http://www.xbrl.org/2003/role/verboseLabel">少数株主持分及び長期借入金買戻差益、特別利益</link:label>
    <link:label xml:lang="ja" xlink:type="resource" xlink:label="jpfr-asr-E02778-000_ChangesInAForeignAffiliateSOwnershipInterestInItsSubsidiaryThatDoNotResultInALossOfControlNA_label" xlink:role="http://www.xbrl.org/2003/role/documentation">在外関係会社の支配継続子会社に対する持分変動、純資産</link:label>
    <link:loc xlink:type="locator" xlink:href="jpfr-asr-E02778-000-2011-03-31-01-2011-06-24.xsd#jpfr-asr-E02778-000_TelecommunicationsEquipmentNet" xlink:label="jpfr-asr-E02778-000_TelecommunicationsEquipmentNet" />
    <link:loc xlink:type="locator" xlink:href="jpfr-asr-E02778-000-2011-03-31-01-2011-06-24.xsd#jpfr-asr-E02778-000_DecreaseInRetainedEarningsDueToAdoptionOfPracticalSolutionOnUnificationOfAccountingPoliciesAppliedToAssociatesAccountedForUsingTheEquityMethodSE" xlink:label="jpfr-asr-E02778-000_DecreaseInRetainedEarningsDueToAdoptionOfPracticalSolutionOnUnificationOfAccountingPoliciesAppliedToAssociatesAccountedForUsingTheEquityMethodSE" />
    <link:loc xlink:type="locator" xlink:href="jpfr-asr-E02778-000-2011-03-31-01-2011-06-24.xsd#jpfr-asr-E02778-000_ContributionForConstructionNOI" xlink:label="jpfr-asr-E02778-000_ContributionForConstructionNOI" />
    <link:loc xlink:type="locator" xlink:href="jpfr-asr-E02778-000-2011-03-31-01-2011-06-24.xsd#jpfr-asr-E02778-000_UnrealizedLossGainOnValuationOfInvestmentAndLossGainOnSalesOfInvestmentAtSubsidiariesInTheUSNetEI" xlink:label="jpfr-asr-E02778-000_UnrealizedLossGainOnValuationOfInvestmentAndLossGainOnSalesOfInvestmentAtSubsidiariesInTheUSNetEI" />
    <link:loc xlink:type="locator" xlink:href="jpfr-asr-E02778-000-2011-03-31-01-2011-06-24.xsd#jpfr-asr-E02778-000_ProceedsFromSaleAndLeaseBackOfEquipmentNewlyAcquiredFinCF" xlink:label="jpfr-asr-E02778-000_ProceedsFromSaleAndLeaseBackOfEquipmentNewlyAcquiredFinCF" />
    <link:loc xlink:type="locator" xlink:href="jpfr-asr-E02778-000-2011-03-31-01-2011-06-24.xsd#jpfr-asr-E02778-000_DividendsFromSubsidiariesAndAffiliatesNOI" xlink:label="jpfr-asr-E02778-000_DividendsFromSubsidiariesAndAffiliatesNOI" />
    <link:loc xlink:type="locator" xlink:href="jpfr-asr-E02778-000-2011-03-31-01-2011-06-24.xsd#jpfr-asr-E02778-000_TelecommunicationsServiceLinesNet" xlink:label="jpfr-asr-E02778-000_TelecommunicationsServiceLinesNet" />
    <link:loc xlink:type="locator" xlink:href="jpfr-asr-E02778-000-2011-03-31-01-2011-06-24.xsd#jpfr-asr-E02778-000_ChangesInAForeignAffiliateSOwnershipInterestInItsSubsidiaryThatDoNotResultInALossOfControlCS" xlink:label="jpfr-asr-E02778-000_ChangesInAForeignAffiliateSOwnershipInterestInItsSubsidiaryThatDoNotResultInALossOfControlCS" />
    <link:loc xlink:type="locator" xlink:href="jpfr-asr-E02778-000-2011-03-31-01-2011-06-24.xsd#jpfr-asr-E02778-000_PaymentsForAcquisitionOfMinorityInterestsAndLongTemDebtFinCF" xlink:label="jpfr-asr-E02778-000_PaymentsForAcquisitionOfMinorityInterestsAndLongTemDebtFinCF" />
    <link:loc xlink:type="locator" xlink:href="jpfr-asr-E02778-000-2011-03-31-01-2011-06-24.xsd#jpfr-asr-E02778-000_ChangesInAForeignAffiliateSOwnershipInterestInItsSubsidiaryThatDoNotResultInALossOfControlNA" xlink:label="jpfr-asr-E02778-000_ChangesInAForeignAffiliateSOwnershipInterestInItsSubsidiaryThatDoNotResultInALossOfControlNA" />
    <link:loc xlink:type="locator" xlink:href="jpfr-asr-E02778-000-2011-03-31-01-2011-06-24.xsd#jpfr-asr-E02778-000_IncreaseDueToMergerOfConsolidatedAndNonConsolidatedSubsidiariesSE" xlink:label="jpfr-asr-E02778-000_IncreaseDueToMergerOfConsolidatedAndNonConsolidatedSubsidiariesSE" />
    <link:loc xlink:type="locator" xlink:href="jpfr-asr-E02778-000-2011-03-31-01-2011-06-24.xsd#jpfr-asr-E02778-000_IncreaseDueToMergerOfConsolidatedAndNonConsolidatedSubsidiariesRE" xlink:label="jpfr-asr-E02778-000_IncreaseDueToMergerOfConsolidatedAndNonConsolidatedSubsidiariesRE" />
    <link:loc xlink:type="locator" xlink:href="jpfr-asr-E02778-000-2011-03-31-01-2011-06-24.xsd#jpfr-asr-E02778-000_GainOnAcquisitionOfMinorityInterestsAndLongTermDebtEI" xlink:label="jpfr-asr-E02778-000_GainOnAcquisitionOfMinorityInterestsAndLongTermDebtEI" />
    <link:loc xlink:type="locator" xlink:href="jpfr-asr-E02778-000-2011-03-31-01-2011-06-24.xsd#jpfr-asr-E02778-000_UnrealizedLossGainOnValuationOfInvestmentAndLossGainOnSalesOfInvestmentAtSubsidiariesInTheUSNetEL" xlink:label="jpfr-asr-E02778-000_UnrealizedLossGainOnValuationOfInvestmentAndLossGainOnSalesOfInvestmentAtSubsidiariesInTheUSNetEL" />
    <link:loc xlink:type="locator" xlink:href="jpfr-asr-E02778-000-2011-03-31-01-2011-06-24.xsd#jpfr-asr-E02778-000_ChangesInAForeignAffiliateSOwnershipInterestInItsSubsidiaryThatDoNotResultInALossOfControlSE" xlink:label="jpfr-asr-E02778-000_ChangesInAForeignAffiliateSOwnershipInterestInItsSubsidiaryThatDoNotResultInALossOfControlSE" />
    <link:loc xlink:type="locator" xlink:href="jpfr-asr-E02778-000-2011-03-31-01-2011-06-24.xsd#jpfr-asr-E02778-000_PaymentsForAdditionalEntrustmentForDebtAssumptionFinCF" xlink:label="jpfr-asr-E02778-000_PaymentsForAdditionalEntrustmentForDebtAssumptionFinCF" />
    <link:loc xlink:type="locator" xlink:href="jpfr-asr-E02778-000-2011-03-31-01-2011-06-24.xsd#jpfr-asr-E02778-000_ValuationLossOnOptionEL" xlink:label="jpfr-asr-E02778-000_ValuationLossOnOptionEL" />
    <link:loc xlink:type="locator" xlink:href="jpfr-asr-E02778-000-2011-03-31-01-2011-06-24.xsd#jpfr-asr-E02778-000_DecreaseInRetainedEarningsDueToAdoptionOfPracticalSolutionOnUnificationOfAccountingPoliciesAppliedToAssociatesAccountedForUsingTheEquityMethodNA" xlink:label="jpfr-asr-E02778-000_DecreaseInRetainedEarningsDueToAdoptionOfPracticalSolutionOnUnificationOfAccountingPoliciesAppliedToAssociatesAccountedForUsingTheEquityMethodNA" />
    <link:loc xlink:type="locator" xlink:href="jpfr-asr-E02778-000-2011-03-31-01-2011-06-24.xsd#jpfr-asr-E02778-000_InterestExpensesFromSubsidiariesAndAffiliatesNOE" xlink:label="jpfr-asr-E02778-000_InterestExpensesFromSubsidiariesAndAffiliatesNOE" />
    <link:loc xlink:type="locator" xlink:href="jpfr-asr-E02778-000-2011-03-31-01-2011-06-24.xsd#jpfr-asr-E02778-000_IncreaseDueToMergerOfConsolidatedAndNonConsolidatedSubsidiariesNA" xlink:label="jpfr-asr-E02778-000_IncreaseDueToMergerOfConsolidatedAndNonConsolidatedSubsidiariesNA" />
    <link:loc xlink:type="locator" xlink:href="jpfr-asr-E02778-000-2011-03-31-01-2011-06-24.xsd#jpfr-asr-E02778-000_DecreaseInCashAndCashEquivalentsResultingFromCorporateCCE" xlink:label="jpfr-asr-E02778-000_DecreaseInCashAndCashEquivalentsResultingFromCorporateCCE" />
    <link:loc xlink:type="locator" xlink:href="jpfr-asr-E02778-000-2011-03-31-01-2011-06-24.xsd#jpfr-asr-E02778-000_DecreaseInRetainedEarningsDueToAdoptionOfPracticalSolutionOnUnificationOfAccountingPoliciesAppliedToAssociatesAccountedForUsingTheEquityMethodRE" xlink:label="jpfr-asr-E02778-000_DecreaseInRetainedEarningsDueToAdoptionOfPracticalSolutionOnUnificationOfAccountingPoliciesAppliedToAssociatesAccountedForUsingTheEquityMethodRE" />
    <link:loc xlink:type="locator" xlink:href="jpfr-asr-E02778-000-2011-03-31-01-2011-06-24.xsd#jpfr-asr-E02778-000_ProceedsFromSalesAndLeaseBackOfEquipmentNewlyAcquiredFinCF" xlink:label="jpfr-asr-E02778-000_ProceedsFromSalesAndLeaseBackOfEquipmentNewlyAcquiredFinCF" />
    <link:loc xlink:type="locator" xlink:href="jpfr-asr-E02778-000-2011-03-31-01-2011-06-24.xsd#jpfr-asr-E02778-000_UnrealizedLossGainOnValuationOfInvestmentAndLossGainOnSalesOfInvestmentAtSubsidiariesInTheUSNetOpeCF" xlink:label="jpfr-asr-E02778-000_UnrealizedLossGainOnValuationOfInvestmentAndLossGainOnSalesOfInvestmentAtSubsidiariesInTheUSNetOpeCF" />
    <link:loc xlink:type="locator" xlink:href="jpfr-asr-E02778-000-2011-03-31-01-2011-06-24.xsd#jpfr-asr-E02778-000_LossOnSalesPriceAdjustmentsOfInvestmentsInSubsidiariesAndAffiliatesEL" xlink:label="jpfr-asr-E02778-000_LossOnSalesPriceAdjustmentsOfInvestmentsInSubsidiariesAndAffiliatesEL" />
    <link:loc xlink:type="locator" xlink:href="jpfr-asr-E02778-000-2011-03-31-01-2011-06-24.xsd#jpfr-asr-E02778-000_InterestOnLoansToSubsidiariesSonAffiliatesNOI" xlink:label="jpfr-asr-E02778-000_InterestOnLoansToSubsidiariesSonAffiliatesNOI" />
    <link:loc xlink:type="locator" xlink:href="jpfr-asr-E02778-000-2011-03-31-01-2011-06-24.xsd#jpfr-asr-E02778-000_IncomeFromInvestmentsInPartnershipsIncomeNOI" xlink:label="jpfr-asr-E02778-000_IncomeFromInvestmentsInPartnershipsIncomeNOI" />
    <link:labelArc xlink:type="arc" xlink:from="jpfr-asr-E02778-000_IncreaseDueToMergerOfConsolidatedAndNonConsolidatedSubsidiariesSE" xlink:to="jpfr-asr-E02778-000_IncreaseDueToMergerOfConsolidatedAndNonConsolidatedSubsidiariesSE_label" xlink:arcrole="http://www.xbrl.org/2003/arcrole/concept-label" order="1" />
    <link:labelArc xlink:type="arc" xlink:from="jpfr-asr-E02778-000_ContributionForConstructionNOI" xlink:to="jpfr-asr-E02778-000_ContributionForConstructionNOI_label" xlink:arcrole="http://www.xbrl.org/2003/arcrole/concept-label" order="1" />
    <link:labelArc xlink:type="arc" xlink:from="jpfr-asr-E02778-000_ChangesInAForeignAffiliateSOwnershipInterestInItsSubsidiaryThatDoNotResultInALossOfControlNA" xlink:to="jpfr-asr-E02778-000_ChangesInAForeignAffiliateSOwnershipInterestInItsSubsidiaryThatDoNotResultInALossOfControlNA_label" xlink:arcrole="http://www.xbrl.org/2003/arcrole/concept-label" order="1" />
    <link:labelArc xlink:type="arc" xlink:from="jpfr-asr-E02778-000_DividendsFromSubsidiariesAndAffiliatesNOI" xlink:to="jpfr-asr-E02778-000_DividendsFromSubsidiariesAndAffiliatesNOI_label" xlink:arcrole="http://www.xbrl.org/2003/arcrole/concept-label" order="1" />
    <link:labelArc xlink:type="arc" xlink:from="jpfr-asr-E02778-000_InterestOnLoansToSubsidiariesSonAffiliatesNOI" xlink:to="jpfr-asr-E02778-000_InterestOnLoansToSubsidiariesSonAffiliatesNOI_label" xlink:arcrole="http://www.xbrl.org/2003/arcrole/concept-label" order="1" />
    <link:labelArc xlink:type="arc" xlink:from="jpfr-asr-E02778-000_IncomeFromInvestmentsInPartnershipsIncomeNOI" xlink:to="jpfr-asr-E02778-000_IncomeFromInvestmentsInPartnershipsIncomeNOI_label" xlink:arcrole="http://www.xbrl.org/2003/arcrole/concept-label" order="1" />
    <link:labelArc xlink:type="arc" xlink:from="jpfr-asr-E02778-000_UnrealizedLossGainOnValuationOfInvestmentAndLossGainOnSalesOfInvestmentAtSubsidiariesInTheUSNetEL" xlink:to="jpfr-asr-E02778-000_UnrealizedLossGainOnValuationOfInvestmentAndLossGainOnSalesOfInvestmentAtSubsidiariesInTheUSNetEL_label" xlink:arcrole="http://www.xbrl.org/2003/arcrole/concept-label" order="1" />
    <link:labelArc xlink:type="arc" xlink:from="jpfr-asr-E02778-000_IncomeFromInvestmentsInPartnershipsIncomeNOI" xlink:to="jpfr-asr-E02778-000_IncomeFromInvestmentsInPartnershipsIncomeNOI_label_1" xlink:arcrole="http://www.xbrl.org/2003/arcrole/concept-label" order="1" />
    <link:labelArc xlink:type="arc" xlink:from="jpfr-asr-E02778-000_ChangesInAForeignAffiliateSOwnershipInterestInItsSubsidiaryThatDoNotResultInALossOfControlCS" xlink:to="jpfr-asr-E02778-000_ChangesInAForeignAffiliateSOwnershipInterestInItsSubsidiaryThatDoNotResultInALossOfControlCS_label" xlink:arcrole="http://www.xbrl.org/2003/arcrole/concept-label" order="1" />
    <link:labelArc xlink:type="arc" xlink:from="jpfr-asr-E02778-000_IncomeFromInvestmentsInPartnershipsIncomeNOI" xlink:to="jpfr-asr-E02778-000_IncomeFromInvestmentsInPartnershipsIncomeNOI_label_2" xlink:arcrole="http://www.xbrl.org/2003/arcrole/concept-label" order="1" />
    <link:labelArc xlink:type="arc" xlink:from="jpfr-asr-E02778-000_IncreaseDueToMergerOfConsolidatedAndNonConsolidatedSubsidiariesNA" xlink:to="jpfr-asr-E02778-000_IncreaseDueToMergerOfConsolidatedAndNonConsolidatedSubsidiariesNA_label" xlink:arcrole="http://www.xbrl.org/2003/arcrole/concept-label" order="1" />
    <link:labelArc xlink:type="arc" xlink:from="jpfr-asr-E02778-000_UnrealizedLossGainOnValuationOfInvestmentAndLossGainOnSalesOfInvestmentAtSubsidiariesInTheUSNetEL" xlink:to="jpfr-asr-E02778-000_UnrealizedLossGainOnValuationOfInvestmentAndLossGainOnSalesOfInvestmentAtSubsidiariesInTheUSNetEL_label_1" xlink:arcrole="http://www.xbrl.org/2003/arcrole/concept-label" order="1" />
    <link:labelArc xlink:type="arc" xlink:from="jpfr-asr-E02778-000_TelecommunicationsServiceLinesNet" xlink:to="jpfr-asr-E02778-000_TelecommunicationsServiceLinesNet_label" xlink:arcrole="http://www.xbrl.org/2003/arcrole/concept-label" order="1" />
    <link:labelArc xlink:type="arc" xlink:from="jpfr-asr-E02778-000_ContributionForConstructionNOI" xlink:to="jpfr-asr-E02778-000_ContributionForConstructionNOI_label_1" xlink:arcrole="http://www.xbrl.org/2003/arcrole/concept-label" order="1" />
    <link:labelArc xlink:type="arc" xlink:from="jpfr-asr-E02778-000_UnrealizedLossGainOnValuationOfInvestmentAndLossGainOnSalesOfInvestmentAtSubsidiariesInTheUSNetOpeCF" xlink:to="jpfr-asr-E02778-000_UnrealizedLossGainOnValuationOfInvestmentAndLossGainOnSalesOfInvestmentAtSubsidiariesInTheUSNetOpeCF_label" xlink:arcrole="http://www.xbrl.org/2003/arcrole/concept-label" order="1" />
    <link:labelArc xlink:type="arc" xlink:from="jpfr-asr-E02778-000_DecreaseInRetainedEarningsDueToAdoptionOfPracticalSolutionOnUnificationOfAccountingPoliciesAppliedToAssociatesAccountedForUsingTheEquityMethodNA" xlink:to="jpfr-asr-E02778-000_DecreaseInRetainedEarningsDueToAdoptionOfPracticalSolutionOnUnificationOfAccountingPoliciesAppliedToAssociatesAccountedForUsingTheEquityMethodNA_label" xlink:arcrole="http://www.xbrl.org/2003/arcrole/concept-label" order="1" />
    <link:labelArc xlink:type="arc" xlink:from="jpfr-asr-E02778-000_DividendsFromSubsidiariesAndAffiliatesNOI" xlink:to="jpfr-asr-E02778-000_DividendsFromSubsidiariesAndAffiliatesNOI_label_1" xlink:arcrole="http://www.xbrl.org/2003/arcrole/concept-label" order="1" />
    <link:labelArc xlink:type="arc" xlink:from="jpfr-asr-E02778-000_DecreaseInRetainedEarningsDueToAdoptionOfPracticalSolutionOnUnificationOfAccountingPoliciesAppliedToAssociatesAccountedForUsingTheEquityMethodRE" xlink:to="jpfr-asr-E02778-000_DecreaseInRetainedEarningsDueToAdoptionOfPracticalSolutionOnUnificationOfAccountingPoliciesAppliedToAssociatesAccountedForUsingTheEquityMethodRE_label" xlink:arcrole="http://www.xbrl.org/2003/arcrole/concept-label" order="1" />
    <link:labelArc xlink:type="arc" xlink:from="jpfr-asr-E02778-000_IncreaseDueToMergerOfConsolidatedAndNonConsolidatedSubsidiariesRE" xlink:to="jpfr-asr-E02778-000_IncreaseDueToMergerOfConsolidatedAndNonConsolidatedSubsidiariesRE_label" xlink:arcrole="http://www.xbrl.org/2003/arcrole/concept-label" order="1" />
    <link:labelArc xlink:type="arc" xlink:from="jpfr-asr-E02778-000_TelecommunicationsEquipmentNet" xlink:to="jpfr-asr-E02778-000_TelecommunicationsEquipmentNet_label" xlink:arcrole="http://www.xbrl.org/2003/arcrole/concept-label" order="1" />
    <link:labelArc xlink:type="arc" xlink:from="jpfr-asr-E02778-000_InterestExpensesFromSubsidiariesAndAffiliatesNOE" xlink:to="jpfr-asr-E02778-000_InterestExpensesFromSubsidiariesAndAffiliatesNOE_label" xlink:arcrole="http://www.xbrl.org/2003/arcrole/concept-label" order="1" />
    <link:labelArc xlink:type="arc" xlink:from="jpfr-asr-E02778-000_TelecommunicationsEquipmentNet" xlink:to="jpfr-asr-E02778-000_TelecommunicationsEquipmentNet_label_1" xlink:arcrole="http://www.xbrl.org/2003/arcrole/concept-label" order="1" />
    <link:labelArc xlink:type="arc" xlink:from="jpfr-asr-E02778-000_DecreaseInCashAndCashEquivalentsResultingFromCorporateCCE" xlink:to="jpfr-asr-E02778-000_DecreaseInCashAndCashEquivalentsResultingFromCorporateCCE_label" xlink:arcrole="http://www.xbrl.org/2003/arcrole/concept-label" order="1" />
    <link:labelArc xlink:type="arc" xlink:from="jpfr-asr-E02778-000_IncreaseDueToMergerOfConsolidatedAndNonConsolidatedSubsidiariesSE" xlink:to="jpfr-asr-E02778-000_IncreaseDueToMergerOfConsolidatedAndNonConsolidatedSubsidiariesSE_label_1" xlink:arcrole="http://www.xbrl.org/2003/arcrole/concept-label" order="1" />
    <link:labelArc xlink:type="arc" xlink:from="jpfr-asr-E02778-000_UnrealizedLossGainOnValuationOfInvestmentAndLossGainOnSalesOfInvestmentAtSubsidiariesInTheUSNetEI" xlink:to="jpfr-asr-E02778-000_UnrealizedLossGainOnValuationOfInvestmentAndLossGainOnSalesOfInvestmentAtSubsidiariesInTheUSNetEI_label" xlink:arcrole="http://www.xbrl.org/2003/arcrole/concept-label" order="1" />
    <link:labelArc xlink:type="arc" xlink:from="jpfr-asr-E02778-000_GainOnAcquisitionOfMinorityInterestsAndLongTermDebtEI" xlink:to="jpfr-asr-E02778-000_GainOnAcquisitionOfMinorityInterestsAndLongTermDebtEI_label" xlink:arcrole="http://www.xbrl.org/2003/arcrole/concept-label" order="1" />
    <link:labelArc xlink:type="arc" xlink:from="jpfr-asr-E02778-000_GainOnAcquisitionOfMinorityInterestsAndLongTermDebtEI" xlink:to="jpfr-asr-E02778-000_GainOnAcquisitionOfMinorityInterestsAndLongTermDebtEI_label_1" xlink:arcrole="http://www.xbrl.org/2003/arcrole/concept-label" order="1" />
    <link:labelArc xlink:type="arc" xlink:from="jpfr-asr-E02778-000_ValuationLossOnOptionEL" xlink:to="jpfr-asr-E02778-000_ValuationLossOnOptionEL_label" xlink:arcrole="http://www.xbrl.org/2003/arcrole/concept-label" order="1" />
    <link:labelArc xlink:type="arc" xlink:from="jpfr-asr-E02778-000_UnrealizedLossGainOnValuationOfInvestmentAndLossGainOnSalesOfInvestmentAtSubsidiariesInTheUSNetEL" xlink:to="jpfr-asr-E02778-000_UnrealizedLossGainOnValuationOfInvestmentAndLossGainOnSalesOfInvestmentAtSubsidiariesInTheUSNetEL_label_2" xlink:arcrole="http://www.xbrl.org/2003/arcrole/concept-label" order="1" />
    <link:labelArc xlink:type="arc" xlink:from="jpfr-asr-E02778-000_UnrealizedLossGainOnValuationOfInvestmentAndLossGainOnSalesOfInvestmentAtSubsidiariesInTheUSNetOpeCF" xlink:to="jpfr-asr-E02778-000_UnrealizedLossGainOnValuationOfInvestmentAndLossGainOnSalesOfInvestmentAtSubsidiariesInTheUSNetOpeCF_label_1" xlink:arcrole="http://www.xbrl.org/2003/arcrole/concept-label" order="1" />
    <link:labelArc xlink:type="arc" xlink:from="jpfr-asr-E02778-000_PaymentsForAdditionalEntrustmentForDebtAssumptionFinCF" xlink:to="jpfr-asr-E02778-000_PaymentsForAdditionalEntrustmentForDebtAssumptionFinCF_label" xlink:arcrole="http://www.xbrl.org/2003/arcrole/concept-label" order="1" />
    <link:labelArc xlink:type="arc" xlink:from="jpfr-asr-E02778-000_IncreaseDueToMergerOfConsolidatedAndNonConsolidatedSubsidiariesNA" xlink:to="jpfr-asr-E02778-000_IncreaseDueToMergerOfConsolidatedAndNonConsolidatedSubsidiariesNA_label_1" xlink:arcrole="http://www.xbrl.org/2003/arcrole/concept-label" order="1" />
    <link:labelArc xlink:type="arc" xlink:from="jpfr-asr-E02778-000_ValuationLossOnOptionEL" xlink:to="jpfr-asr-E02778-000_ValuationLossOnOptionEL_label_1" xlink:arcrole="http://www.xbrl.org/2003/arcrole/concept-label" order="1" />
    <link:labelArc xlink:type="arc" xlink:from="jpfr-asr-E02778-000_ChangesInAForeignAffiliateSOwnershipInterestInItsSubsidiaryThatDoNotResultInALossOfControlSE" xlink:to="jpfr-asr-E02778-000_ChangesInAForeignAffiliateSOwnershipInterestInItsSubsidiaryThatDoNotResultInALossOfControlSE_label" xlink:arcrole="http://www.xbrl.org/2003/arcrole/concept-label" order="1" />
    <link:labelArc xlink:type="arc" xlink:from="jpfr-asr-E02778-000_IncreaseDueToMergerOfConsolidatedAndNonConsolidatedSubsidiariesRE" xlink:to="jpfr-asr-E02778-000_IncreaseDueToMergerOfConsolidatedAndNonConsolidatedSubsidiariesRE_label_1" xlink:arcrole="http://www.xbrl.org/2003/arcrole/concept-label" order="1" />
    <link:labelArc xlink:type="arc" xlink:from="jpfr-asr-E02778-000_ProceedsFromSaleAndLeaseBackOfEquipmentNewlyAcquiredFinCF" xlink:to="jpfr-asr-E02778-000_ProceedsFromSaleAndLeaseBackOfEquipmentNewlyAcquiredFinCF_label" xlink:arcrole="http://www.xbrl.org/2003/arcrole/concept-label" order="1" />
    <link:labelArc xlink:type="arc" xlink:from="jpfr-asr-E02778-000_UnrealizedLossGainOnValuationOfInvestmentAndLossGainOnSalesOfInvestmentAtSubsidiariesInTheUSNetEI" xlink:to="jpfr-asr-E02778-000_UnrealizedLossGainOnValuationOfInvestmentAndLossGainOnSalesOfInvestmentAtSubsidiariesInTheUSNetEI_label_1" xlink:arcrole="http://www.xbrl.org/2003/arcrole/concept-label" order="1" />
    <link:labelArc xlink:type="arc" xlink:from="jpfr-asr-E02778-000_DecreaseInCashAndCashEquivalentsResultingFromCorporateCCE" xlink:to="jpfr-asr-E02778-000_DecreaseInCashAndCashEquivalentsResultingFromCorporateCCE_label_1" xlink:arcrole="http://www.xbrl.org/2003/arcrole/concept-label" order="1" />
    <link:labelArc xlink:type="arc" xlink:from="jpfr-asr-E02778-000_PaymentsForAcquisitionOfMinorityInterestsAndLongTemDebtFinCF" xlink:to="jpfr-asr-E02778-000_PaymentsForAcquisitionOfMinorityInterestsAndLongTemDebtFinCF_label" xlink:arcrole="http://www.xbrl.org/2003/arcrole/concept-label" order="1" />
    <link:labelArc xlink:type="arc" xlink:from="jpfr-asr-E02778-000_ChangesInAForeignAffiliateSOwnershipInterestInItsSubsidiaryThatDoNotResultInALossOfControlNA" xlink:to="jpfr-asr-E02778-000_ChangesInAForeignAffiliateSOwnershipInterestInItsSubsidiaryThatDoNotResultInALossOfControlNA_label_1" xlink:arcrole="http://www.xbrl.org/2003/arcrole/concept-label" order="1" />
    <link:labelArc xlink:type="arc" xlink:from="jpfr-asr-E02778-000_ValuationLossOnOptionEL" xlink:to="jpfr-asr-E02778-000_ValuationLossOnOptionEL_label_2" xlink:arcrole="http://www.xbrl.org/2003/arcrole/concept-label" order="1" />
    <link:labelArc xlink:type="arc" xlink:from="jpfr-asr-E02778-000_DecreaseInRetainedEarningsDueToAdoptionOfPracticalSolutionOnUnificationOfAccountingPoliciesAppliedToAssociatesAccountedForUsingTheEquityMethodNA" xlink:to="jpfr-asr-E02778-000_DecreaseInRetainedEarningsDueToAdoptionOfPracticalSolutionOnUnificationOfAccountingPoliciesAppliedToAssociatesAccountedForUsingTheEquityMethodNA_label_1" xlink:arcrole="http://www.xbrl.org/2003/arcrole/concept-label" order="1" />
    <link:labelArc xlink:type="arc" xlink:from="jpfr-asr-E02778-000_DecreaseInRetainedEarningsDueToAdoptionOfPracticalSolutionOnUnificationOfAccountingPoliciesAppliedToAssociatesAccountedForUsingTheEquityMethodSE" xlink:to="jpfr-asr-E02778-000_DecreaseInRetainedEarningsDueToAdoptionOfPracticalSolutionOnUnificationOfAccountingPoliciesAppliedToAssociatesAccountedForUsingTheEquityMethodSE_label" xlink:arcrole="http://www.xbrl.org/2003/arcrole/concept-label" order="1" />
    <link:labelArc xlink:type="arc" xlink:from="jpfr-asr-E02778-000_ChangesInAForeignAffiliateSOwnershipInterestInItsSubsidiaryThatDoNotResultInALossOfControlNA" xlink:to="jpfr-asr-E02778-000_ChangesInAForeignAffiliateSOwnershipInterestInItsSubsidiaryThatDoNotResultInALossOfControlNA_label_2" xlink:arcrole="http://www.xbrl.org/2003/arcrole/concept-label" order="1" />
    <link:labelArc xlink:type="arc" xlink:from="jpfr-asr-E02778-000_ChangesInAForeignAffiliateSOwnershipInterestInItsSubsidiaryThatDoNotResultInALossOfControlCS" xlink:to="jpfr-asr-E02778-000_ChangesInAForeignAffiliateSOwnershipInterestInItsSubsidiaryThatDoNotResultInALossOfControlCS_label_1" xlink:arcrole="http://www.xbrl.org/2003/arcrole/concept-label" order="1" />
    <link:labelArc xlink:type="arc" xlink:from="jpfr-asr-E02778-000_PaymentsForAcquisitionOfMinorityInterestsAndLongTemDebtFinCF" xlink:to="jpfr-asr-E02778-000_PaymentsForAcquisitionOfMinorityInterestsAndLongTemDebtFinCF_label_1" xlink:arcrole="http://www.xbrl.org/2003/arcrole/concept-label" order="1" />
    <link:labelArc xlink:type="arc" xlink:from="jpfr-asr-E02778-000_DecreaseInRetainedEarningsDueToAdoptionOfPracticalSolutionOnUnificationOfAccountingPoliciesAppliedToAssociatesAccountedForUsingTheEquityMethodSE" xlink:to="jpfr-asr-E02778-000_DecreaseInRetainedEarningsDueToAdoptionOfPracticalSolutionOnUnificationOfAccountingPoliciesAppliedToAssociatesAccountedForUsingTheEquityMethodSE_label_1" xlink:arcrole="http://www.xbrl.org/2003/arcrole/concept-label" order="1" />
    <link:labelArc xlink:type="arc" xlink:from="jpfr-asr-E02778-000_UnrealizedLossGainOnValuationOfInvestmentAndLossGainOnSalesOfInvestmentAtSubsidiariesInTheUSNetEI" xlink:to="jpfr-asr-E02778-000_UnrealizedLossGainOnValuationOfInvestmentAndLossGainOnSalesOfInvestmentAtSubsidiariesInTheUSNetEI_label_2" xlink:arcrole="http://www.xbrl.org/2003/arcrole/concept-label" order="1" />
    <link:labelArc xlink:type="arc" xlink:from="jpfr-asr-E02778-000_InterestExpensesFromSubsidiariesAndAffiliatesNOE" xlink:to="jpfr-asr-E02778-000_InterestExpensesFromSubsidiariesAndAffiliatesNOE_label_1" xlink:arcrole="http://www.xbrl.org/2003/arcrole/concept-label" order="1" />
    <link:labelArc xlink:type="arc" xlink:from="jpfr-asr-E02778-000_ProceedsFromSalesAndLeaseBackOfEquipmentNewlyAcquiredFinCF" xlink:to="jpfr-asr-E02778-000_ProceedsFromSalesAndLeaseBackOfEquipmentNewlyAcquiredFinCF_label" xlink:arcrole="http://www.xbrl.org/2003/arcrole/concept-label" order="1" />
    <link:labelArc xlink:type="arc" xlink:from="jpfr-asr-E02778-000_GainOnAcquisitionOfMinorityInterestsAndLongTermDebtEI" xlink:to="jpfr-asr-E02778-000_GainOnAcquisitionOfMinorityInterestsAndLongTermDebtEI_label_2" xlink:arcrole="http://www.xbrl.org/2003/arcrole/concept-label" order="1" />
    <link:labelArc xlink:type="arc" xlink:from="jpfr-asr-E02778-000_TelecommunicationsEquipmentNet" xlink:to="jpfr-asr-E02778-000_TelecommunicationsEquipmentNet_label_2" xlink:arcrole="http://www.xbrl.org/2003/arcrole/concept-label" order="1" />
    <link:labelArc xlink:type="arc" xlink:from="jpfr-asr-E02778-000_PaymentsForAdditionalEntrustmentForDebtAssumptionFinCF" xlink:to="jpfr-asr-E02778-000_PaymentsForAdditionalEntrustmentForDebtAssumptionFinCF_label_1" xlink:arcrole="http://www.xbrl.org/2003/arcrole/concept-label" order="1" />
    <link:labelArc xlink:type="arc" xlink:from="jpfr-asr-E02778-000_IncreaseDueToMergerOfConsolidatedAndNonConsolidatedSubsidiariesSE" xlink:to="jpfr-asr-E02778-000_IncreaseDueToMergerOfConsolidatedAndNonConsolidatedSubsidiariesSE_label_2" xlink:arcrole="http://www.xbrl.org/2003/arcrole/concept-label" order="1" />
    <link:labelArc xlink:type="arc" xlink:from="jpfr-asr-E02778-000_ChangesInAForeignAffiliateSOwnershipInterestInItsSubsidiaryThatDoNotResultInALossOfControlSE" xlink:to="jpfr-asr-E02778-000_ChangesInAForeignAffiliateSOwnershipInterestInItsSubsidiaryThatDoNotResultInALossOfControlSE_label_1" xlink:arcrole="http://www.xbrl.org/2003/arcrole/concept-label" order="1" />
    <link:labelArc xlink:type="arc" xlink:from="jpfr-asr-E02778-000_ProceedsFromSaleAndLeaseBackOfEquipmentNewlyAcquiredFinCF" xlink:to="jpfr-asr-E02778-000_ProceedsFromSaleAndLeaseBackOfEquipmentNewlyAcquiredFinCF_label_1" xlink:arcrole="http://www.xbrl.org/2003/arcrole/concept-label" order="1" />
    <link:labelArc xlink:type="arc" xlink:from="jpfr-asr-E02778-000_DividendsFromSubsidiariesAndAffiliatesNOI" xlink:to="jpfr-asr-E02778-000_DividendsFromSubsidiariesAndAffiliatesNOI_label_2" xlink:arcrole="http://www.xbrl.org/2003/arcrole/concept-label" order="1" />
    <link:labelArc xlink:type="arc" xlink:from="jpfr-asr-E02778-000_ProceedsFromSalesAndLeaseBackOfEquipmentNewlyAcquiredFinCF" xlink:to="jpfr-asr-E02778-000_ProceedsFromSalesAndLeaseBackOfEquipmentNewlyAcquiredFinCF_label_1" xlink:arcrole="http://www.xbrl.org/2003/arcrole/concept-label" order="1" />
    <link:labelArc xlink:type="arc" xlink:from="jpfr-asr-E02778-000_IncreaseDueToMergerOfConsolidatedAndNonConsolidatedSubsidiariesNA" xlink:to="jpfr-asr-E02778-000_IncreaseDueToMergerOfConsolidatedAndNonConsolidatedSubsidiariesNA_label_2" xlink:arcrole="http://www.xbrl.org/2003/arcrole/concept-label" order="1" />
    <link:labelArc xlink:type="arc" xlink:from="jpfr-asr-E02778-000_ContributionForConstructionNOI" xlink:to="jpfr-asr-E02778-000_ContributionForConstructionNOI_label_2" xlink:arcrole="http://www.xbrl.org/2003/arcrole/concept-label" order="1" />
    <link:labelArc xlink:type="arc" xlink:from="jpfr-asr-E02778-000_LossOnSalesPriceAdjustmentsOfInvestmentsInSubsidiariesAndAffiliatesEL" xlink:to="jpfr-asr-E02778-000_LossOnSalesPriceAdjustmentsOfInvestmentsInSubsidiariesAndAffiliatesEL_label" xlink:arcrole="http://www.xbrl.org/2003/arcrole/concept-label" order="1" />
    <link:labelArc xlink:type="arc" xlink:from="jpfr-asr-E02778-000_UnrealizedLossGainOnValuationOfInvestmentAndLossGainOnSalesOfInvestmentAtSubsidiariesInTheUSNetOpeCF" xlink:to="jpfr-asr-E02778-000_UnrealizedLossGainOnValuationOfInvestmentAndLossGainOnSalesOfInvestmentAtSubsidiariesInTheUSNetOpeCF_label_2" xlink:arcrole="http://www.xbrl.org/2003/arcrole/concept-label" order="1" />
    <link:labelArc xlink:type="arc" xlink:from="jpfr-asr-E02778-000_PaymentsForAdditionalEntrustmentForDebtAssumptionFinCF" xlink:to="jpfr-asr-E02778-000_PaymentsForAdditionalEntrustmentForDebtAssumptionFinCF_label_2" xlink:arcrole="http://www.xbrl.org/2003/arcrole/concept-label" order="1" />
    <link:labelArc xlink:type="arc" xlink:from="jpfr-asr-E02778-000_ChangesInAForeignAffiliateSOwnershipInterestInItsSubsidiaryThatDoNotResultInALossOfControlSE" xlink:to="jpfr-asr-E02778-000_ChangesInAForeignAffiliateSOwnershipInterestInItsSubsidiaryThatDoNotResultInALossOfControlSE_label_2" xlink:arcrole="http://www.xbrl.org/2003/arcrole/concept-label" order="1" />
    <link:labelArc xlink:type="arc" xlink:from="jpfr-asr-E02778-000_LossOnSalesPriceAdjustmentsOfInvestmentsInSubsidiariesAndAffiliatesEL" xlink:to="jpfr-asr-E02778-000_LossOnSalesPriceAdjustmentsOfInvestmentsInSubsidiariesAndAffiliatesEL_label_1" xlink:arcrole="http://www.xbrl.org/2003/arcrole/concept-label" order="1" />
    <link:labelArc xlink:type="arc" xlink:from="jpfr-asr-E02778-000_ChangesInAForeignAffiliateSOwnershipInterestInItsSubsidiaryThatDoNotResultInALossOfControlCS" xlink:to="jpfr-asr-E02778-000_ChangesInAForeignAffiliateSOwnershipInterestInItsSubsidiaryThatDoNotResultInALossOfControlCS_label_2" xlink:arcrole="http://www.xbrl.org/2003/arcrole/concept-label" order="1" />
    <link:labelArc xlink:type="arc" xlink:from="jpfr-asr-E02778-000_IncreaseDueToMergerOfConsolidatedAndNonConsolidatedSubsidiariesRE" xlink:to="jpfr-asr-E02778-000_IncreaseDueToMergerOfConsolidatedAndNonConsolidatedSubsidiariesRE_label_2" xlink:arcrole="http://www.xbrl.org/2003/arcrole/concept-label" order="1" />
    <link:labelArc xlink:type="arc" xlink:from="jpfr-asr-E02778-000_LossOnSalesPriceAdjustmentsOfInvestmentsInSubsidiariesAndAffiliatesEL" xlink:to="jpfr-asr-E02778-000_LossOnSalesPriceAdjustmentsOfInvestmentsInSubsidiariesAndAffiliatesEL_label_2" xlink:arcrole="http://www.xbrl.org/2003/arcrole/concept-label" order="1" />
    <link:labelArc xlink:type="arc" xlink:from="jpfr-asr-E02778-000_DecreaseInRetainedEarningsDueToAdoptionOfPracticalSolutionOnUnificationOfAccountingPoliciesAppliedToAssociatesAccountedForUsingTheEquityMethodRE" xlink:to="jpfr-asr-E02778-000_DecreaseInRetainedEarningsDueToAdoptionOfPracticalSolutionOnUnificationOfAccountingPoliciesAppliedToAssociatesAccountedForUsingTheEquityMethodRE_label_1" xlink:arcrole="http://www.xbrl.org/2003/arcrole/concept-label" order="1" />
    <link:labelArc xlink:type="arc" xlink:from="jpfr-asr-E02778-000_DecreaseInRetainedEarningsDueToAdoptionOfPracticalSolutionOnUnificationOfAccountingPoliciesAppliedToAssociatesAccountedForUsingTheEquityMethodNA" xlink:to="jpfr-asr-E02778-000_DecreaseInRetainedEarningsDueToAdoptionOfPracticalSolutionOnUnificationOfAccountingPoliciesAppliedToAssociatesAccountedForUsingTheEquityMethodNA_label_2" xlink:arcrole="http://www.xbrl.org/2003/arcrole/concept-label" order="1" />
    <link:labelArc xlink:type="arc" xlink:from="jpfr-asr-E02778-000_DecreaseInCashAndCashEquivalentsResultingFromCorporateCCE" xlink:to="jpfr-asr-E02778-000_DecreaseInCashAndCashEquivalentsResultingFromCorporateCCE_label_2" xlink:arcrole="http://www.xbrl.org/2003/arcrole/concept-label" order="1" />
    <link:labelArc xlink:type="arc" xlink:from="jpfr-asr-E02778-000_DecreaseInRetainedEarningsDueToAdoptionOfPracticalSolutionOnUnificationOfAccountingPoliciesAppliedToAssociatesAccountedForUsingTheEquityMethodSE" xlink:to="jpfr-asr-E02778-000_DecreaseInRetainedEarningsDueToAdoptionOfPracticalSolutionOnUnificationOfAccountingPoliciesAppliedToAssociatesAccountedForUsingTheEquityMethodSE_label_2" xlink:arcrole="http://www.xbrl.org/2003/arcrole/concept-label" order="1" />
    <link:labelArc xlink:type="arc" xlink:from="jpfr-asr-E02778-000_TelecommunicationsServiceLinesNet" xlink:to="jpfr-asr-E02778-000_TelecommunicationsServiceLinesNet_label_1" xlink:arcrole="http://www.xbrl.org/2003/arcrole/concept-label" order="1" />
    <link:labelArc xlink:type="arc" xlink:from="jpfr-asr-E02778-000_InterestExpensesFromSubsidiariesAndAffiliatesNOE" xlink:to="jpfr-asr-E02778-000_InterestExpensesFromSubsidiariesAndAffiliatesNOE_label_2" xlink:arcrole="http://www.xbrl.org/2003/arcrole/concept-label" order="1" />
    <link:labelArc xlink:type="arc" xlink:from="jpfr-asr-E02778-000_PaymentsForAcquisitionOfMinorityInterestsAndLongTemDebtFinCF" xlink:to="jpfr-asr-E02778-000_PaymentsForAcquisitionOfMinorityInterestsAndLongTemDebtFinCF_label_2" xlink:arcrole="http://www.xbrl.org/2003/arcrole/concept-label" order="1" />
    <link:labelArc xlink:type="arc" xlink:from="jpfr-asr-E02778-000_InterestOnLoansToSubsidiariesSonAffiliatesNOI" xlink:to="jpfr-asr-E02778-000_InterestOnLoansToSubsidiariesSonAffiliatesNOI_label_1" xlink:arcrole="http://www.xbrl.org/2003/arcrole/concept-label" order="1" />
    <link:labelArc xlink:type="arc" xlink:from="jpfr-asr-E02778-000_ProceedsFromSalesAndLeaseBackOfEquipmentNewlyAcquiredFinCF" xlink:to="jpfr-asr-E02778-000_ProceedsFromSalesAndLeaseBackOfEquipmentNewlyAcquiredFinCF_label_2" xlink:arcrole="http://www.xbrl.org/2003/arcrole/concept-label" order="1" />
    <link:labelArc xlink:type="arc" xlink:from="jpfr-asr-E02778-000_TelecommunicationsServiceLinesNet" xlink:to="jpfr-asr-E02778-000_TelecommunicationsServiceLinesNet_label_2" xlink:arcrole="http://www.xbrl.org/2003/arcrole/concept-label" order="1" />
    <link:labelArc xlink:type="arc" xlink:from="jpfr-asr-E02778-000_DecreaseInRetainedEarningsDueToAdoptionOfPracticalSolutionOnUnificationOfAccountingPoliciesAppliedToAssociatesAccountedForUsingTheEquityMethodRE" xlink:to="jpfr-asr-E02778-000_DecreaseInRetainedEarningsDueToAdoptionOfPracticalSolutionOnUnificationOfAccountingPoliciesAppliedToAssociatesAccountedForUsingTheEquityMethodRE_label_2" xlink:arcrole="http://www.xbrl.org/2003/arcrole/concept-label" order="1" />
    <link:labelArc xlink:type="arc" xlink:from="jpfr-asr-E02778-000_InterestOnLoansToSubsidiariesSonAffiliatesNOI" xlink:to="jpfr-asr-E02778-000_InterestOnLoansToSubsidiariesSonAffiliatesNOI_label_2" xlink:arcrole="http://www.xbrl.org/2003/arcrole/concept-label" order="1" />
    <link:labelArc xlink:type="arc" xlink:from="jpfr-asr-E02778-000_ProceedsFromSaleAndLeaseBackOfEquipmentNewlyAcquiredFinCF" xlink:to="jpfr-asr-E02778-000_ProceedsFromSaleAndLeaseBackOfEquipmentNewlyAcquiredFinCF_label_2" xlink:arcrole="http://www.xbrl.org/2003/arcrole/concept-label" order="1" />
  </link:labelLink>
</link:linkbase>