﻿<?xml version="1.0" encoding="utf-8"?>
<!-- Edited with XiRUTE .NET Library 01-04 -->
<link:linkbase xmlns:xlink="http://www.w3.org/1999/xlink" xmlns:xsi="http://www.w3.org/2001/XMLSchema-instance" xmlns:link="http://www.xbrl.org/2003/linkbase">
  <link:labelLink xlink:type="extended" xlink:role="http://www.xbrl.org/2003/role/link">
    <link:label xml:lang="en" xlink:type="resource" xlink:label="jpfr-asr-E02778-000_IncreaseInAccumulatedDeficitDueToAdoptionOfANewAccountingStandardForAccountingPoliciesAtForeignSubsidiariesNA_label_1" xlink:role="http://www.xbrl.org/2003/role/documentation">Increase in accumulated deficit due to adoption of a new accounting standard for accounting policies at foreign subsidiaries-NA</link:label>
    <link:label xml:lang="en" xlink:type="resource" xlink:label="jpfr-asr-E02778-000_LossOnDisposalOfSuppliesEL_label" xlink:role="http://www.xbrl.org/2003/role/documentation">Loss on disposal of supplies-EL</link:label>
    <link:label xml:lang="en" xlink:type="resource" xlink:label="jpfr-asr-E02778-000_InterestExpensesFromSubsidiariesAndAffiliatesNOE_label" xlink:role="http://www.xbrl.org/2003/role/label">Interest expenses from subsidiaries and affiliates</link:label>
    <link:label xml:lang="en" xlink:type="resource" xlink:label="jpfr-asr-E02778-000_TotalChangesOfItemsDuringThePeriodCashReceiptsForNewStockSubscriptions_label_3" xlink:role="http://www.xbrl.org/2003/role/documentation">Total changes of items during the period-Cash receipts for new stock subscriptions</link:label>
    <link:label xml:lang="en" xlink:type="resource" xlink:label="jpfr-asr-E02778-000_UnrealizedLossGainOnValuationOfInvestmentAndLossGainOnSalesOfInvestmentAtSubsidiariesInTheUSNetOpeCF_label_1" xlink:role="http://www.xbrl.org/2003/role/documentation">Unrealized loss (gain) on valuation of  investment and loss (gain) on sales of  investment at subsidiaries in the U.S., net</link:label>
    <link:label xml:lang="en" xlink:type="resource" xlink:label="jpfr-asr-E02778-000_DividendsFromSubsidiariesAndAffiliatesNOI_label_1" xlink:role="http://www.xbrl.org/2003/role/verboseLabel">Dividends from subsidiaries and affiliates-NOI</link:label>
    <link:label xml:lang="en" xlink:type="resource" xlink:label="jpfr-asr-E02778-000_DividendsFromSubsidiariesAndAffiliatesNOI_label_2" xlink:role="http://www.xbrl.org/2003/role/label">Dividends from subsidiaries and affiliates</link:label>
    <link:label xml:lang="en" xlink:type="resource" xlink:label="jpfr-asr-E02778-000_TotalChangesOfItemsDuringThePeriodCashReceiptsForNewStockSubscriptions_label_1" xlink:role="http://www.xbrl.org/2003/role/totalLabel">Total changes of items during the period</link:label>
    <link:label xml:lang="en" xlink:type="resource" xlink:label="jpfr-asr-E02778-000_UnrealizedGainLossOnValuationOfInvestmentAndGainLossOnSalesOfInvestmentAtSubsidiariesInTheUSNetEI_label" xlink:role="http://www.xbrl.org/2003/role/label">Unrealized gain/loss on valuation of  investment and gain/loss on sales of  investment at subsidiaries in the U.S., net</link:label>
    <link:label xml:lang="en" xlink:type="resource" xlink:label="jpfr-asr-E02778-000_IncreaseInAccumulatedDeficitDueToAdoptionOfNewAccountingStandardsAtASubsidiaryInTheUSSE_label_2" xlink:role="http://www.xbrl.org/2003/role/label">Increase in accumulated deficit due to adoption of new accounting standards at a subsidiary in the U.S.</link:label>
    <link:label xml:lang="en" xlink:type="resource" xlink:label="jpfr-asr-E02778-000_ProceedsFromSaleAndLeaseBackOfEquipmentNewlyAcquiredFinCF_label_1" xlink:role="http://www.xbrl.org/2003/role/verboseLabel">Proceeds from sale and lease back of equipment newly acquired-FinCF</link:label>
    <link:label xml:lang="en" xlink:type="resource" xlink:label="jpfr-asr-E02778-000_IssuanceOfNewSharesExerciseOfSubscriptionRightsToSharesCashReceiptsForNewStockSubscriptions_label_1" xlink:role="http://www.xbrl.org/2003/role/label">Issuance of new shares-exercise of subscription rights to shares</link:label>
    <link:label xml:lang="en" xlink:type="resource" xlink:label="jpfr-asr-E02778-000_InterestOnLoansToSubsidiariesSonAffiliatesNOI_label_1" xlink:role="http://www.xbrl.org/2003/role/label">Interest on loans to subsidiaries and affiliates</link:label>
    <link:label xml:lang="en" xlink:type="resource" xlink:label="jpfr-asr-E02778-000_LossOnDisposalOfSuppliesEL_label_1" xlink:role="http://www.xbrl.org/2003/role/verboseLabel">Loss on disposal of supplies-EL</link:label>
    <link:label xml:lang="en" xlink:type="resource" xlink:label="jpfr-asr-E02778-000_IncreaseInAccumulatedDeficitDueToAdoptionOfANewAccountingStandardForAccountingPoliciesAtForeignSubsidiariesSE_label_2" xlink:role="http://www.xbrl.org/2003/role/label">Increase in accumulated deficit due to adoption of a new accounting standard for accounting policies at foreign subsidiaries</link:label>
    <link:label xml:lang="en" xlink:type="resource" xlink:label="jpfr-asr-E02778-000_UnrealizedLossGainOnValuationOfInvestmentAndLossGainOnSalesOfInvestmentAtSubsidiariesInTheUSNetOpeCF_label_2" xlink:role="http://www.xbrl.org/2003/role/verboseLabel">Unrealized loss (gain) on valuation of  investment and loss (gain) on sales of  investment at subsidiaries in the U.S., net-OpeCF</link:label>
    <link:label xml:lang="en" xlink:type="resource" xlink:label="jpfr-asr-E02778-000_ChangesOfItemsDuringThePeriodCashReceiptsForNewStockSubscriptionsAbstract_label_2" xlink:role="http://www.xbrl.org/2003/role/verboseLabel">Changes of items during the period-Cash receipts for new stock subscriptions-abstract</link:label>
    <link:label xml:lang="en" xlink:type="resource" xlink:label="jpfr-asr-E02778-000_IncreaseInAccumulatedDeficitDueToAdoptionOfNewAccountingStandardsAtASubsidiaryInTheUSNA_label" xlink:role="http://www.xbrl.org/2003/role/verboseLabel">Increase in accumulated deficit due to adoption of new accounting standards at a subsidiary in the U.S.-NA</link:label>
    <link:label xml:lang="en" xlink:type="resource" xlink:label="jpfr-asr-E02778-000_ChangesOfItemsDuringThePeriodCashReceiptsForNewStockSubscriptionsAbstract_label_1" xlink:role="http://www.xbrl.org/2003/role/documentation">Changes of items during the period-Cash receipts for new stock subscriptions-abstract</link:label>
    <link:label xml:lang="en" xlink:type="resource" xlink:label="jpfr-asr-E02778-000_IncreaseInAccumulatedDeficitDueToAdoptionOfANewAccountingStandardForAccountingPoliciesAtForeignSubsidiariesSE_label" xlink:role="http://www.xbrl.org/2003/role/verboseLabel">Increase in accumulated deficit due to adoption of a new accounting standard for accounting policies at foreign subsidiaries-SE</link:label>
    <link:label xml:lang="en" xlink:type="resource" xlink:label="jpfr-asr-E02778-000_LossOnAdditionalEntrustmentForDebtAssumptionEL_label_1" xlink:role="http://www.xbrl.org/2003/role/documentation">Loss on additional entrustment for debt assumption-EL</link:label>
    <link:label xml:lang="en" xlink:type="resource" xlink:label="jpfr-asr-E02778-000_TelecommunicationsServiceLinesNetPPE_label_1" xlink:role="http://www.xbrl.org/2003/role/verboseLabel">Telecommunications service lines, net-PPE</link:label>
    <link:label xml:lang="en" xlink:type="resource" xlink:label="jpfr-asr-E02778-000_ProceedsFromSaleAndLeaseBackOfEquipmentNewlyAcquiredFinCF_label" xlink:role="http://www.xbrl.org/2003/role/documentation">Proceeds from sale and lease back of equipment newly acquired</link:label>
    <link:label xml:lang="en" xlink:type="resource" xlink:label="jpfr-asr-E02778-000_TelecommunicationsEquipmentNetPPE_label_2" xlink:role="http://www.xbrl.org/2003/role/verboseLabel">Telecommunications equipment, net-PPE</link:label>
    <link:label xml:lang="en" xlink:type="resource" xlink:label="jpfr-asr-E02778-000_UnrealizedLossGainOnValuationOfInvestmentAndLossGainOnSalesOfInvestmentAtSubsidiariesInTheUSNetOpeCF_label" xlink:role="http://www.xbrl.org/2003/role/label">Unrealized loss (gain) on valuation of  investment and loss (gain) on sales of  investment at subsidiaries in the U.S., net</link:label>
    <link:label xml:lang="en" xlink:type="resource" xlink:label="jpfr-asr-E02778-000_TelecommunicationsEquipmentNetPPE_label_1" xlink:role="http://www.xbrl.org/2003/role/documentation">Telecommunications equipment, net-PPE</link:label>
    <link:label xml:lang="en" xlink:type="resource" xlink:label="jpfr-asr-E02778-000_CashReceiptsForNewStockSubscriptionsSSAbstract_label_2" xlink:role="http://www.xbrl.org/2003/role/documentation">Cash receipts for new stock subscriptions-SS-abstract</link:label>
    <link:label xml:lang="en" xlink:type="resource" xlink:label="jpfr-asr-E02778-000_IncreaseInAccumulatedDeficitDueToAdoptionOfANewAccountingStandardForAccountingPoliciesAtForeignSubsidiariesNA_label" xlink:role="http://www.xbrl.org/2003/role/label">Increase in accumulated deficit due to adoption of a new accounting standard for accounting policies at foreign subsidiaries</link:label>
    <link:label xml:lang="en" xlink:type="resource" xlink:label="jpfr-asr-E02778-000_IncreaseInAccumulatedDeficitDueToAdoptionOfANewAccountingStandardForAccountingPoliciesAtForeignSubsidiariesRE_label" xlink:role="http://www.xbrl.org/2003/role/verboseLabel">Increase in accumulated deficit due to adoption of a new accounting standard for accounting policies at foreign subsidiaries-RE</link:label>
    <link:label xml:lang="en" xlink:type="resource" xlink:label="jpfr-asr-E02778-000_ContributionForConstructionNOI_label_2" xlink:role="http://www.xbrl.org/2003/role/verboseLabel">Contribution for construction-NOI</link:label>
    <link:label xml:lang="en" xlink:type="resource" xlink:label="jpfr-asr-E02778-000_InterestExpensesFromSubsidiariesAndAffiliatesNOE_label_1" xlink:role="http://www.xbrl.org/2003/role/documentation">Interest expenses from subsidiaries and affiliates-NOE</link:label>
    <link:label xml:lang="en" xlink:type="resource" xlink:label="jpfr-asr-E02778-000_LossOnDisposalOfSuppliesEL_label_2" xlink:role="http://www.xbrl.org/2003/role/label">Loss on disposal of supplies</link:label>
    <link:label xml:lang="en" xlink:type="resource" xlink:label="jpfr-asr-E02778-000_TotalChangesOfItemsDuringThePeriodCashReceiptsForNewStockSubscriptions_label_2" xlink:role="http://www.xbrl.org/2003/role/label">Total changes of items during the period</link:label>
    <link:label xml:lang="en" xlink:type="resource" xlink:label="jpfr-asr-E02778-000_UnrealizedGainLossOnValuationOfInvestmentAndGainLossOnSalesOfInvestmentAtSubsidiariesInTheUSNetEI_label_1" xlink:role="http://www.xbrl.org/2003/role/documentation">Unrealized gain/loss on valuation of  investment and gain/loss on sales of  investment at subsidiaries in the U.S., net-EI</link:label>
    <link:label xml:lang="en" xlink:type="resource" xlink:label="jpfr-asr-E02778-000_CashReceiptsForNewStockSubscriptionsSSAbstract_label_1" xlink:role="http://www.xbrl.org/2003/role/label">Cash receipts for new stock subscriptions</link:label>
    <link:label xml:lang="en" xlink:type="resource" xlink:label="jpfr-asr-E02778-000_LossOnAdditionalEntrustmentForDebtAssumptionEL_label" xlink:role="http://www.xbrl.org/2003/role/label">Loss on additional entrustment for debt assumption</link:label>
    <link:label xml:lang="en" xlink:type="resource" xlink:label="jpfr-asr-E02778-000_UnrealizedLossGainOnValuationOfInvestmentAndLossGainOnSalesOfInvestmentAtSubsidiariesInTheUSNetEL_label" xlink:role="http://www.xbrl.org/2003/role/label">Unrealized loss/gain on valuation of  investment and loss/gain on sales of  investment at subsidiaries in the U.S., net</link:label>
    <link:label xml:lang="en" xlink:type="resource" xlink:label="jpfr-asr-E02778-000_CashReceiptsForNewStockSubscriptionsSSAbstract_label" xlink:role="http://www.xbrl.org/2003/role/verboseLabel">Cash receipts for new stock subscriptions-SS-abstract</link:label>
    <link:label xml:lang="en" xlink:type="resource" xlink:label="jpfr-asr-E02778-000_IncreaseInAccumulatedDeficitDueToAdoptionOfANewAccountingStandardForAccountingPoliciesAtForeignSubsidiariesRE_label_2" xlink:role="http://www.xbrl.org/2003/role/label">Increase in accumulated deficit due to adoption of a new accounting standard for accounting policies at foreign subsidiaries</link:label>
    <link:label xml:lang="en" xlink:type="resource" xlink:label="jpfr-asr-E02778-000_ProceedsFromSaleAndLeaseBackOfEquipmentNewlyAcquiredFinCF_label_2" xlink:role="http://www.xbrl.org/2003/role/label">Proceeds from sale and lease back of equipment newly acquired</link:label>
    <link:label xml:lang="en" xlink:type="resource" xlink:label="jpfr-asr-E02778-000_IncreaseInAccumulatedDeficitDueToAdoptionOfNewAccountingStandardsAtASubsidiaryInTheUSNA_label_2" xlink:role="http://www.xbrl.org/2003/role/documentation">Increase in accumulated deficit due to adoption of new accounting standards at a subsidiary in the U.S.-NA</link:label>
    <link:label xml:lang="en" xlink:type="resource" xlink:label="jpfr-asr-E02778-000_IncreaseInAccumulatedDeficitDueToAdoptionOfNewAccountingStandardsAtASubsidiaryInTheUSNA_label_1" xlink:role="http://www.xbrl.org/2003/role/label">Increase in accumulated deficit due to adoption of new accounting standards at a subsidiary in the U.S.</link:label>
    <link:label xml:lang="en" xlink:type="resource" xlink:label="jpfr-asr-E02778-000_IncreaseInAccumulatedDeficitDueToAdoptionOfNewAccountingStandardsAtASubsidiaryInTheUSSE_label_1" xlink:role="http://www.xbrl.org/2003/role/documentation">Increase in accumulated deficit due to adoption of new accounting standards at a subsidiary in the U.S.Increase in accumulated deficit due to adoption of new accounting standards at a subsidiary in the U.S.-SE</link:label>
    <link:label xml:lang="en" xlink:type="resource" xlink:label="jpfr-asr-E02778-000_IncreaseInAccumulatedDeficitDueToAdoptionOfNewAccountingStandardsAtASubsidiaryInTheUSRE_label_1" xlink:role="http://www.xbrl.org/2003/role/verboseLabel">Increase in accumulated deficit due to adoption of new accounting standards at a subsidiary in the U.S.-RE</link:label>
    <link:label xml:lang="en" xlink:type="resource" xlink:label="jpfr-asr-E02778-000_IncreaseInAccumulatedDeficitDueToAdoptionOfNewAccountingStandardsAtASubsidiaryInTheUSRE_label_2" xlink:role="http://www.xbrl.org/2003/role/label">Increase in accumulated deficit due to adoption of new accounting standards at a subsidiary in the U.S.</link:label>
    <link:label xml:lang="en" xlink:type="resource" xlink:label="jpfr-asr-E02778-000_InterestOnLoansToSubsidiariesSonAffiliatesNOI_label_2" xlink:role="http://www.xbrl.org/2003/role/documentation">Interest on loans to subsidiaries son affiliates-NOI</link:label>
    <link:label xml:lang="en" xlink:type="resource" xlink:label="jpfr-asr-E02778-000_IssuanceOfNewSharesExerciseOfSubscriptionRightsToSharesCashReceiptsForNewStockSubscriptions_label" xlink:role="http://www.xbrl.org/2003/role/verboseLabel">Issuance of new shares-exercise of subscription rights to shares-Cash receipts for new stock subscriptions</link:label>
    <link:label xml:lang="en" xlink:type="resource" xlink:label="jpfr-asr-E02778-000_TelecommunicationsServiceLinesNetPPE_label_2" xlink:role="http://www.xbrl.org/2003/role/label">Telecommunications service lines, net</link:label>
    <link:label xml:lang="en" xlink:type="resource" xlink:label="jpfr-asr-E02778-000_TelecommunicationsServiceLinesNetPPE_label" xlink:role="http://www.xbrl.org/2003/role/documentation">Telecommunications service lines, net-PPE</link:label>
    <link:label xml:lang="en" xlink:type="resource" xlink:label="jpfr-asr-E02778-000_IncreaseInAccumulatedDeficitDueToAdoptionOfNewAccountingStandardsAtASubsidiaryInTheUSRE_label" xlink:role="http://www.xbrl.org/2003/role/documentation">Increase in accumulated deficit due to adoption of new accounting standards at a subsidiary in the U.S.-RE</link:label>
    <link:label xml:lang="en" xlink:type="resource" xlink:label="jpfr-asr-E02778-000_IncreaseInAccumulatedDeficitDueToAdoptionOfANewAccountingStandardForAccountingPoliciesAtForeignSubsidiariesSE_label_1" xlink:role="http://www.xbrl.org/2003/role/documentation">Increase in accumulated deficit due to adoption of a new accounting standard for accounting policies at foreign subsidiaries-SE</link:label>
    <link:label xml:lang="en" xlink:type="resource" xlink:label="jpfr-asr-E02778-000_InterestOnLoansToSubsidiariesSonAffiliatesNOI_label" xlink:role="http://www.xbrl.org/2003/role/verboseLabel">Interest on loans to subsidiaries son affiliates-NOI</link:label>
    <link:label xml:lang="en" xlink:type="resource" xlink:label="jpfr-asr-E02778-000_UnrealizedLossGainOnValuationOfInvestmentAndLossGainOnSalesOfInvestmentAtSubsidiariesInTheUSNetEL_label_2" xlink:role="http://www.xbrl.org/2003/role/verboseLabel">Unrealized loss/gain on valuation of  investment and loss/gain on sales of  investment at subsidiaries in the u.s., net-EL</link:label>
    <link:label xml:lang="en" xlink:type="resource" xlink:label="jpfr-asr-E02778-000_IncreaseInAccumulatedDeficitDueToAdoptionOfNewAccountingStandardsAtASubsidiaryInTheUSSE_label" xlink:role="http://www.xbrl.org/2003/role/verboseLabel">Increase in accumulated deficit due to adoption of new accounting standards at a subsidiary in the U.S.-SE</link:label>
    <link:label xml:lang="en" xlink:type="resource" xlink:label="jpfr-asr-E02778-000_TotalChangesOfItemsDuringThePeriodCashReceiptsForNewStockSubscriptions_label" xlink:role="http://www.xbrl.org/2003/role/verboseLabel">Total changes of items during the period-Cash receipts for new stock subscriptions</link:label>
    <link:label xml:lang="en" xlink:type="resource" xlink:label="jpfr-asr-E02778-000_IssuanceOfNewSharesExerciseOfSubscriptionRightsToSharesCashReceiptsForNewStockSubscriptions_label_2" xlink:role="http://www.xbrl.org/2003/role/documentation">Issuance of new shares-exercise of subscription rights to shares-Cash receipts for new stock subscriptions</link:label>
    <link:label xml:lang="en" xlink:type="resource" xlink:label="jpfr-asr-E02778-000_ChangesOfItemsDuringThePeriodCashReceiptsForNewStockSubscriptionsAbstract_label" xlink:role="http://www.xbrl.org/2003/role/label">Changes of items during the period</link:label>
    <link:label xml:lang="en" xlink:type="resource" xlink:label="jpfr-asr-E02778-000_IncreaseInAccumulatedDeficitDueToAdoptionOfANewAccountingStandardForAccountingPoliciesAtForeignSubsidiariesRE_label_1" xlink:role="http://www.xbrl.org/2003/role/documentation">Increase in accumulated deficit due to adoption of a new accounting standard for accounting policies at foreign subsidiaries-RE</link:label>
    <link:label xml:lang="en" xlink:type="resource" xlink:label="jpfr-asr-E02778-000_ContributionForConstructionNOI_label" xlink:role="http://www.xbrl.org/2003/role/label">Contribution for construction</link:label>
    <link:label xml:lang="en" xlink:type="resource" xlink:label="jpfr-asr-E02778-000_IncreaseInAccumulatedDeficitDueToAdoptionOfANewAccountingStandardForAccountingPoliciesAtForeignSubsidiariesNA_label_2" xlink:role="http://www.xbrl.org/2003/role/verboseLabel">Increase in accumulated deficit due to adoption of a new accounting standard for accounting policies at foreign subsidiaries-NA</link:label>
    <link:label xml:lang="en" xlink:type="resource" xlink:label="jpfr-asr-E02778-000_LossOnAdditionalEntrustmentForDebtAssumptionEL_label_2" xlink:role="http://www.xbrl.org/2003/role/verboseLabel">Loss on additional entrustment for debt assumption-EL</link:label>
    <link:label xml:lang="en" xlink:type="resource" xlink:label="jpfr-asr-E02778-000_TelecommunicationsEquipmentNetPPE_label" xlink:role="http://www.xbrl.org/2003/role/label">Telecommunications equipment, net</link:label>
    <link:label xml:lang="en" xlink:type="resource" xlink:label="jpfr-asr-E02778-000_ContributionForConstructionNOI_label_1" xlink:role="http://www.xbrl.org/2003/role/documentation">Contribution for construction-NOI</link:label>
    <link:label xml:lang="en" xlink:type="resource" xlink:label="jpfr-asr-E02778-000_InterestExpensesFromSubsidiariesAndAffiliatesNOE_label_2" xlink:role="http://www.xbrl.org/2003/role/verboseLabel">Interest expenses from subsidiaries and affiliates-NOE</link:label>
    <link:label xml:lang="en" xlink:type="resource" xlink:label="jpfr-asr-E02778-000_UnrealizedLossGainOnValuationOfInvestmentAndLossGainOnSalesOfInvestmentAtSubsidiariesInTheUSNetEL_label_1" xlink:role="http://www.xbrl.org/2003/role/documentation">Unrealized loss/gain on valuation of  investment and loss/gain on sales of  investment at subsidiaries in the u.s., net-EL</link:label>
    <link:label xml:lang="en" xlink:type="resource" xlink:label="jpfr-asr-E02778-000_UnrealizedGainLossOnValuationOfInvestmentAndGainLossOnSalesOfInvestmentAtSubsidiariesInTheUSNetEI_label_2" xlink:role="http://www.xbrl.org/2003/role/verboseLabel">Unrealized gain/loss on valuation of  investment and gain/loss on sales of  investment at subsidiaries in the U.S., net-EI</link:label>
    <link:label xml:lang="en" xlink:type="resource" xlink:label="jpfr-asr-E02778-000_DividendsFromSubsidiariesAndAffiliatesNOI_label" xlink:role="http://www.xbrl.org/2003/role/documentation">Dividends from subsidiaries and affiliates-NOI</link:label>
    <link:loc xlink:type="locator" xlink:href="jpfr-asr-E02778-000-2009-03-31-01-2009-06-24.xsd#jpfr-asr-E02778-000_LossOnAdditionalEntrustmentForDebtAssumptionEL" xlink:label="jpfr-asr-E02778-000_LossOnAdditionalEntrustmentForDebtAssumptionEL" />
    <link:loc xlink:type="locator" xlink:href="jpfr-asr-E02778-000-2009-03-31-01-2009-06-24.xsd#jpfr-asr-E02778-000_IncreaseInAccumulatedDeficitDueToAdoptionOfNewAccountingStandardsAtASubsidiaryInTheUSNA" xlink:label="jpfr-asr-E02778-000_IncreaseInAccumulatedDeficitDueToAdoptionOfNewAccountingStandardsAtASubsidiaryInTheUSNA" />
    <link:loc xlink:type="locator" xlink:href="jpfr-asr-E02778-000-2009-03-31-01-2009-06-24.xsd#jpfr-asr-E02778-000_DividendsFromSubsidiariesAndAffiliatesNOI" xlink:label="jpfr-asr-E02778-000_DividendsFromSubsidiariesAndAffiliatesNOI" />
    <link:loc xlink:type="locator" xlink:href="jpfr-asr-E02778-000-2009-03-31-01-2009-06-24.xsd#jpfr-asr-E02778-000_UnrealizedLossGainOnValuationOfInvestmentAndLossGainOnSalesOfInvestmentAtSubsidiariesInTheUSNetEL" xlink:label="jpfr-asr-E02778-000_UnrealizedLossGainOnValuationOfInvestmentAndLossGainOnSalesOfInvestmentAtSubsidiariesInTheUSNetEL" />
    <link:loc xlink:type="locator" xlink:href="jpfr-asr-E02778-000-2009-03-31-01-2009-06-24.xsd#jpfr-asr-E02778-000_ProceedsFromSaleAndLeaseBackOfEquipmentNewlyAcquiredFinCF" xlink:label="jpfr-asr-E02778-000_ProceedsFromSaleAndLeaseBackOfEquipmentNewlyAcquiredFinCF" />
    <link:loc xlink:type="locator" xlink:href="jpfr-asr-E02778-000-2009-03-31-01-2009-06-24.xsd#jpfr-asr-E02778-000_UnrealizedLossGainOnValuationOfInvestmentAndLossGainOnSalesOfInvestmentAtSubsidiariesInTheUSNetOpeCF" xlink:label="jpfr-asr-E02778-000_UnrealizedLossGainOnValuationOfInvestmentAndLossGainOnSalesOfInvestmentAtSubsidiariesInTheUSNetOpeCF" />
    <link:loc xlink:type="locator" xlink:href="jpfr-asr-E02778-000-2009-03-31-01-2009-06-24.xsd#jpfr-asr-E02778-000_TelecommunicationsServiceLinesNetPPE" xlink:label="jpfr-asr-E02778-000_TelecommunicationsServiceLinesNetPPE" />
    <link:loc xlink:type="locator" xlink:href="jpfr-asr-E02778-000-2009-03-31-01-2009-06-24.xsd#jpfr-asr-E02778-000_InterestExpensesFromSubsidiariesAndAffiliatesNOE" xlink:label="jpfr-asr-E02778-000_InterestExpensesFromSubsidiariesAndAffiliatesNOE" />
    <link:loc xlink:type="locator" xlink:href="jpfr-asr-E02778-000-2009-03-31-01-2009-06-24.xsd#jpfr-asr-E02778-000_LossOnDisposalOfSuppliesEL" xlink:label="jpfr-asr-E02778-000_LossOnDisposalOfSuppliesEL" />
    <link:loc xlink:type="locator" xlink:href="jpfr-asr-E02778-000-2009-03-31-01-2009-06-24.xsd#jpfr-asr-E02778-000_IncreaseInAccumulatedDeficitDueToAdoptionOfANewAccountingStandardForAccountingPoliciesAtForeignSubsidiariesSE" xlink:label="jpfr-asr-E02778-000_IncreaseInAccumulatedDeficitDueToAdoptionOfANewAccountingStandardForAccountingPoliciesAtForeignSubsidiariesSE" />
    <link:loc xlink:type="locator" xlink:href="jpfr-asr-E02778-000-2009-03-31-01-2009-06-24.xsd#jpfr-asr-E02778-000_IncreaseInAccumulatedDeficitDueToAdoptionOfNewAccountingStandardsAtASubsidiaryInTheUSRE" xlink:label="jpfr-asr-E02778-000_IncreaseInAccumulatedDeficitDueToAdoptionOfNewAccountingStandardsAtASubsidiaryInTheUSRE" />
    <link:loc xlink:type="locator" xlink:href="jpfr-asr-E02778-000-2009-03-31-01-2009-06-24.xsd#jpfr-asr-E02778-000_InterestOnLoansToSubsidiariesSonAffiliatesNOI" xlink:label="jpfr-asr-E02778-000_InterestOnLoansToSubsidiariesSonAffiliatesNOI" />
    <link:loc xlink:type="locator" xlink:href="jpfr-asr-E02778-000-2009-03-31-01-2009-06-24.xsd#jpfr-asr-E02778-000_CashReceiptsForNewStockSubscriptionsSSAbstract" xlink:label="jpfr-asr-E02778-000_CashReceiptsForNewStockSubscriptionsSSAbstract" />
    <link:loc xlink:type="locator" xlink:href="jpfr-asr-E02778-000-2009-03-31-01-2009-06-24.xsd#jpfr-asr-E02778-000_UnrealizedGainLossOnValuationOfInvestmentAndGainLossOnSalesOfInvestmentAtSubsidiariesInTheUSNetEI" xlink:label="jpfr-asr-E02778-000_UnrealizedGainLossOnValuationOfInvestmentAndGainLossOnSalesOfInvestmentAtSubsidiariesInTheUSNetEI" />
    <link:loc xlink:type="locator" xlink:href="jpfr-asr-E02778-000-2009-03-31-01-2009-06-24.xsd#jpfr-asr-E02778-000_ChangesOfItemsDuringThePeriodCashReceiptsForNewStockSubscriptionsAbstract" xlink:label="jpfr-asr-E02778-000_ChangesOfItemsDuringThePeriodCashReceiptsForNewStockSubscriptionsAbstract" />
    <link:loc xlink:type="locator" xlink:href="jpfr-asr-E02778-000-2009-03-31-01-2009-06-24.xsd#jpfr-asr-E02778-000_TelecommunicationsEquipmentNetPPE" xlink:label="jpfr-asr-E02778-000_TelecommunicationsEquipmentNetPPE" />
    <link:loc xlink:type="locator" xlink:href="jpfr-asr-E02778-000-2009-03-31-01-2009-06-24.xsd#jpfr-asr-E02778-000_IssuanceOfNewSharesExerciseOfSubscriptionRightsToSharesCashReceiptsForNewStockSubscriptions" xlink:label="jpfr-asr-E02778-000_IssuanceOfNewSharesExerciseOfSubscriptionRightsToSharesCashReceiptsForNewStockSubscriptions" />
    <link:loc xlink:type="locator" xlink:href="jpfr-asr-E02778-000-2009-03-31-01-2009-06-24.xsd#jpfr-asr-E02778-000_ContributionForConstructionNOI" xlink:label="jpfr-asr-E02778-000_ContributionForConstructionNOI" />
    <link:loc xlink:type="locator" xlink:href="jpfr-asr-E02778-000-2009-03-31-01-2009-06-24.xsd#jpfr-asr-E02778-000_TotalChangesOfItemsDuringThePeriodCashReceiptsForNewStockSubscriptions" xlink:label="jpfr-asr-E02778-000_TotalChangesOfItemsDuringThePeriodCashReceiptsForNewStockSubscriptions" />
    <link:loc xlink:type="locator" xlink:href="jpfr-asr-E02778-000-2009-03-31-01-2009-06-24.xsd#jpfr-asr-E02778-000_IncreaseInAccumulatedDeficitDueToAdoptionOfANewAccountingStandardForAccountingPoliciesAtForeignSubsidiariesNA" xlink:label="jpfr-asr-E02778-000_IncreaseInAccumulatedDeficitDueToAdoptionOfANewAccountingStandardForAccountingPoliciesAtForeignSubsidiariesNA" />
    <link:loc xlink:type="locator" xlink:href="jpfr-asr-E02778-000-2009-03-31-01-2009-06-24.xsd#jpfr-asr-E02778-000_IncreaseInAccumulatedDeficitDueToAdoptionOfANewAccountingStandardForAccountingPoliciesAtForeignSubsidiariesRE" xlink:label="jpfr-asr-E02778-000_IncreaseInAccumulatedDeficitDueToAdoptionOfANewAccountingStandardForAccountingPoliciesAtForeignSubsidiariesRE" />
    <link:loc xlink:type="locator" xlink:href="jpfr-asr-E02778-000-2009-03-31-01-2009-06-24.xsd#jpfr-asr-E02778-000_IncreaseInAccumulatedDeficitDueToAdoptionOfNewAccountingStandardsAtASubsidiaryInTheUSSE" xlink:label="jpfr-asr-E02778-000_IncreaseInAccumulatedDeficitDueToAdoptionOfNewAccountingStandardsAtASubsidiaryInTheUSSE" />
    <link:labelArc xlink:type="arc" xlink:from="jpfr-asr-E02778-000_UnrealizedLossGainOnValuationOfInvestmentAndLossGainOnSalesOfInvestmentAtSubsidiariesInTheUSNetEL" xlink:to="jpfr-asr-E02778-000_UnrealizedLossGainOnValuationOfInvestmentAndLossGainOnSalesOfInvestmentAtSubsidiariesInTheUSNetEL_label" xlink:arcrole="http://www.xbrl.org/2003/arcrole/concept-label" order="1" />
    <link:labelArc xlink:type="arc" xlink:from="jpfr-asr-E02778-000_IncreaseInAccumulatedDeficitDueToAdoptionOfANewAccountingStandardForAccountingPoliciesAtForeignSubsidiariesRE" xlink:to="jpfr-asr-E02778-000_IncreaseInAccumulatedDeficitDueToAdoptionOfANewAccountingStandardForAccountingPoliciesAtForeignSubsidiariesRE_label" xlink:arcrole="http://www.xbrl.org/2003/arcrole/concept-label" order="1" />
    <link:labelArc xlink:type="arc" xlink:from="jpfr-asr-E02778-000_InterestExpensesFromSubsidiariesAndAffiliatesNOE" xlink:to="jpfr-asr-E02778-000_InterestExpensesFromSubsidiariesAndAffiliatesNOE_label" xlink:arcrole="http://www.xbrl.org/2003/arcrole/concept-label" order="1" />
    <link:labelArc xlink:type="arc" xlink:from="jpfr-asr-E02778-000_IncreaseInAccumulatedDeficitDueToAdoptionOfNewAccountingStandardsAtASubsidiaryInTheUSRE" xlink:to="jpfr-asr-E02778-000_IncreaseInAccumulatedDeficitDueToAdoptionOfNewAccountingStandardsAtASubsidiaryInTheUSRE_label" xlink:arcrole="http://www.xbrl.org/2003/arcrole/concept-label" order="1" />
    <link:labelArc xlink:type="arc" xlink:from="jpfr-asr-E02778-000_TotalChangesOfItemsDuringThePeriodCashReceiptsForNewStockSubscriptions" xlink:to="jpfr-asr-E02778-000_TotalChangesOfItemsDuringThePeriodCashReceiptsForNewStockSubscriptions_label" xlink:arcrole="http://www.xbrl.org/2003/arcrole/concept-label" order="1" />
    <link:labelArc xlink:type="arc" xlink:from="jpfr-asr-E02778-000_UnrealizedLossGainOnValuationOfInvestmentAndLossGainOnSalesOfInvestmentAtSubsidiariesInTheUSNetEL" xlink:to="jpfr-asr-E02778-000_UnrealizedLossGainOnValuationOfInvestmentAndLossGainOnSalesOfInvestmentAtSubsidiariesInTheUSNetEL_label_1" xlink:arcrole="http://www.xbrl.org/2003/arcrole/concept-label" order="1" />
    <link:labelArc xlink:type="arc" xlink:from="jpfr-asr-E02778-000_CashReceiptsForNewStockSubscriptionsSSAbstract" xlink:to="jpfr-asr-E02778-000_CashReceiptsForNewStockSubscriptionsSSAbstract_label" xlink:arcrole="http://www.xbrl.org/2003/arcrole/concept-label" order="1" />
    <link:labelArc xlink:type="arc" xlink:from="jpfr-asr-E02778-000_UnrealizedLossGainOnValuationOfInvestmentAndLossGainOnSalesOfInvestmentAtSubsidiariesInTheUSNetOpeCF" xlink:to="jpfr-asr-E02778-000_UnrealizedLossGainOnValuationOfInvestmentAndLossGainOnSalesOfInvestmentAtSubsidiariesInTheUSNetOpeCF_label" xlink:arcrole="http://www.xbrl.org/2003/arcrole/concept-label" order="1" />
    <link:labelArc xlink:type="arc" xlink:from="jpfr-asr-E02778-000_UnrealizedGainLossOnValuationOfInvestmentAndGainLossOnSalesOfInvestmentAtSubsidiariesInTheUSNetEI" xlink:to="jpfr-asr-E02778-000_UnrealizedGainLossOnValuationOfInvestmentAndGainLossOnSalesOfInvestmentAtSubsidiariesInTheUSNetEI_label" xlink:arcrole="http://www.xbrl.org/2003/arcrole/concept-label" order="1" />
    <link:labelArc xlink:type="arc" xlink:from="jpfr-asr-E02778-000_IncreaseInAccumulatedDeficitDueToAdoptionOfNewAccountingStandardsAtASubsidiaryInTheUSRE" xlink:to="jpfr-asr-E02778-000_IncreaseInAccumulatedDeficitDueToAdoptionOfNewAccountingStandardsAtASubsidiaryInTheUSRE_label_1" xlink:arcrole="http://www.xbrl.org/2003/arcrole/concept-label" order="1" />
    <link:labelArc xlink:type="arc" xlink:from="jpfr-asr-E02778-000_IncreaseInAccumulatedDeficitDueToAdoptionOfANewAccountingStandardForAccountingPoliciesAtForeignSubsidiariesSE" xlink:to="jpfr-asr-E02778-000_IncreaseInAccumulatedDeficitDueToAdoptionOfANewAccountingStandardForAccountingPoliciesAtForeignSubsidiariesSE_label" xlink:arcrole="http://www.xbrl.org/2003/arcrole/concept-label" order="1" />
    <link:labelArc xlink:type="arc" xlink:from="jpfr-asr-E02778-000_IncreaseInAccumulatedDeficitDueToAdoptionOfANewAccountingStandardForAccountingPoliciesAtForeignSubsidiariesRE" xlink:to="jpfr-asr-E02778-000_IncreaseInAccumulatedDeficitDueToAdoptionOfANewAccountingStandardForAccountingPoliciesAtForeignSubsidiariesRE_label_1" xlink:arcrole="http://www.xbrl.org/2003/arcrole/concept-label" order="1" />
    <link:labelArc xlink:type="arc" xlink:from="jpfr-asr-E02778-000_ProceedsFromSaleAndLeaseBackOfEquipmentNewlyAcquiredFinCF" xlink:to="jpfr-asr-E02778-000_ProceedsFromSaleAndLeaseBackOfEquipmentNewlyAcquiredFinCF_label" xlink:arcrole="http://www.xbrl.org/2003/arcrole/concept-label" order="1" />
    <link:labelArc xlink:type="arc" xlink:from="jpfr-asr-E02778-000_LossOnDisposalOfSuppliesEL" xlink:to="jpfr-asr-E02778-000_LossOnDisposalOfSuppliesEL_label" xlink:arcrole="http://www.xbrl.org/2003/arcrole/concept-label" order="1" />
    <link:labelArc xlink:type="arc" xlink:from="jpfr-asr-E02778-000_TelecommunicationsEquipmentNetPPE" xlink:to="jpfr-asr-E02778-000_TelecommunicationsEquipmentNetPPE_label" xlink:arcrole="http://www.xbrl.org/2003/arcrole/concept-label" order="1" />
    <link:labelArc xlink:type="arc" xlink:from="jpfr-asr-E02778-000_TelecommunicationsServiceLinesNetPPE" xlink:to="jpfr-asr-E02778-000_TelecommunicationsServiceLinesNetPPE_label" xlink:arcrole="http://www.xbrl.org/2003/arcrole/concept-label" order="1" />
    <link:labelArc xlink:type="arc" xlink:from="jpfr-asr-E02778-000_ContributionForConstructionNOI" xlink:to="jpfr-asr-E02778-000_ContributionForConstructionNOI_label" xlink:arcrole="http://www.xbrl.org/2003/arcrole/concept-label" order="1" />
    <link:labelArc xlink:type="arc" xlink:from="jpfr-asr-E02778-000_IncreaseInAccumulatedDeficitDueToAdoptionOfANewAccountingStandardForAccountingPoliciesAtForeignSubsidiariesRE" xlink:to="jpfr-asr-E02778-000_IncreaseInAccumulatedDeficitDueToAdoptionOfANewAccountingStandardForAccountingPoliciesAtForeignSubsidiariesRE_label_2" xlink:arcrole="http://www.xbrl.org/2003/arcrole/concept-label" order="1" />
    <link:labelArc xlink:type="arc" xlink:from="jpfr-asr-E02778-000_ProceedsFromSaleAndLeaseBackOfEquipmentNewlyAcquiredFinCF" xlink:to="jpfr-asr-E02778-000_ProceedsFromSaleAndLeaseBackOfEquipmentNewlyAcquiredFinCF_label_1" xlink:arcrole="http://www.xbrl.org/2003/arcrole/concept-label" order="1" />
    <link:labelArc xlink:type="arc" xlink:from="jpfr-asr-E02778-000_IncreaseInAccumulatedDeficitDueToAdoptionOfNewAccountingStandardsAtASubsidiaryInTheUSSE" xlink:to="jpfr-asr-E02778-000_IncreaseInAccumulatedDeficitDueToAdoptionOfNewAccountingStandardsAtASubsidiaryInTheUSSE_label" xlink:arcrole="http://www.xbrl.org/2003/arcrole/concept-label" order="1" />
    <link:labelArc xlink:type="arc" xlink:from="jpfr-asr-E02778-000_TotalChangesOfItemsDuringThePeriodCashReceiptsForNewStockSubscriptions" xlink:to="jpfr-asr-E02778-000_TotalChangesOfItemsDuringThePeriodCashReceiptsForNewStockSubscriptions_label_1" xlink:arcrole="http://www.xbrl.org/2003/arcrole/concept-label" order="1" />
    <link:labelArc xlink:type="arc" xlink:from="jpfr-asr-E02778-000_LossOnAdditionalEntrustmentForDebtAssumptionEL" xlink:to="jpfr-asr-E02778-000_LossOnAdditionalEntrustmentForDebtAssumptionEL_label" xlink:arcrole="http://www.xbrl.org/2003/arcrole/concept-label" order="1" />
    <link:labelArc xlink:type="arc" xlink:from="jpfr-asr-E02778-000_LossOnAdditionalEntrustmentForDebtAssumptionEL" xlink:to="jpfr-asr-E02778-000_LossOnAdditionalEntrustmentForDebtAssumptionEL_label_1" xlink:arcrole="http://www.xbrl.org/2003/arcrole/concept-label" order="1" />
    <link:labelArc xlink:type="arc" xlink:from="jpfr-asr-E02778-000_InterestOnLoansToSubsidiariesSonAffiliatesNOI" xlink:to="jpfr-asr-E02778-000_InterestOnLoansToSubsidiariesSonAffiliatesNOI_label" xlink:arcrole="http://www.xbrl.org/2003/arcrole/concept-label" order="1" />
    <link:labelArc xlink:type="arc" xlink:from="jpfr-asr-E02778-000_IncreaseInAccumulatedDeficitDueToAdoptionOfNewAccountingStandardsAtASubsidiaryInTheUSNA" xlink:to="jpfr-asr-E02778-000_IncreaseInAccumulatedDeficitDueToAdoptionOfNewAccountingStandardsAtASubsidiaryInTheUSNA_label" xlink:arcrole="http://www.xbrl.org/2003/arcrole/concept-label" order="1" />
    <link:labelArc xlink:type="arc" xlink:from="jpfr-asr-E02778-000_IncreaseInAccumulatedDeficitDueToAdoptionOfANewAccountingStandardForAccountingPoliciesAtForeignSubsidiariesNA" xlink:to="jpfr-asr-E02778-000_IncreaseInAccumulatedDeficitDueToAdoptionOfANewAccountingStandardForAccountingPoliciesAtForeignSubsidiariesNA_label" xlink:arcrole="http://www.xbrl.org/2003/arcrole/concept-label" order="1" />
    <link:labelArc xlink:type="arc" xlink:from="jpfr-asr-E02778-000_IssuanceOfNewSharesExerciseOfSubscriptionRightsToSharesCashReceiptsForNewStockSubscriptions" xlink:to="jpfr-asr-E02778-000_IssuanceOfNewSharesExerciseOfSubscriptionRightsToSharesCashReceiptsForNewStockSubscriptions_label" xlink:arcrole="http://www.xbrl.org/2003/arcrole/concept-label" order="1" />
    <link:labelArc xlink:type="arc" xlink:from="jpfr-asr-E02778-000_TotalChangesOfItemsDuringThePeriodCashReceiptsForNewStockSubscriptions" xlink:to="jpfr-asr-E02778-000_TotalChangesOfItemsDuringThePeriodCashReceiptsForNewStockSubscriptions_label_2" xlink:arcrole="http://www.xbrl.org/2003/arcrole/concept-label" order="1" />
    <link:labelArc xlink:type="arc" xlink:from="jpfr-asr-E02778-000_LossOnDisposalOfSuppliesEL" xlink:to="jpfr-asr-E02778-000_LossOnDisposalOfSuppliesEL_label_1" xlink:arcrole="http://www.xbrl.org/2003/arcrole/concept-label" order="1" />
    <link:labelArc xlink:type="arc" xlink:from="jpfr-asr-E02778-000_InterestExpensesFromSubsidiariesAndAffiliatesNOE" xlink:to="jpfr-asr-E02778-000_InterestExpensesFromSubsidiariesAndAffiliatesNOE_label_1" xlink:arcrole="http://www.xbrl.org/2003/arcrole/concept-label" order="1" />
    <link:labelArc xlink:type="arc" xlink:from="jpfr-asr-E02778-000_UnrealizedLossGainOnValuationOfInvestmentAndLossGainOnSalesOfInvestmentAtSubsidiariesInTheUSNetEL" xlink:to="jpfr-asr-E02778-000_UnrealizedLossGainOnValuationOfInvestmentAndLossGainOnSalesOfInvestmentAtSubsidiariesInTheUSNetEL_label_2" xlink:arcrole="http://www.xbrl.org/2003/arcrole/concept-label" order="1" />
    <link:labelArc xlink:type="arc" xlink:from="jpfr-asr-E02778-000_IncreaseInAccumulatedDeficitDueToAdoptionOfNewAccountingStandardsAtASubsidiaryInTheUSSE" xlink:to="jpfr-asr-E02778-000_IncreaseInAccumulatedDeficitDueToAdoptionOfNewAccountingStandardsAtASubsidiaryInTheUSSE_label_1" xlink:arcrole="http://www.xbrl.org/2003/arcrole/concept-label" order="1" />
    <link:labelArc xlink:type="arc" xlink:from="jpfr-asr-E02778-000_TelecommunicationsEquipmentNetPPE" xlink:to="jpfr-asr-E02778-000_TelecommunicationsEquipmentNetPPE_label_1" xlink:arcrole="http://www.xbrl.org/2003/arcrole/concept-label" order="1" />
    <link:labelArc xlink:type="arc" xlink:from="jpfr-asr-E02778-000_ChangesOfItemsDuringThePeriodCashReceiptsForNewStockSubscriptionsAbstract" xlink:to="jpfr-asr-E02778-000_ChangesOfItemsDuringThePeriodCashReceiptsForNewStockSubscriptionsAbstract_label" xlink:arcrole="http://www.xbrl.org/2003/arcrole/concept-label" order="1" />
    <link:labelArc xlink:type="arc" xlink:from="jpfr-asr-E02778-000_IncreaseInAccumulatedDeficitDueToAdoptionOfANewAccountingStandardForAccountingPoliciesAtForeignSubsidiariesNA" xlink:to="jpfr-asr-E02778-000_IncreaseInAccumulatedDeficitDueToAdoptionOfANewAccountingStandardForAccountingPoliciesAtForeignSubsidiariesNA_label_1" xlink:arcrole="http://www.xbrl.org/2003/arcrole/concept-label" order="1" />
    <link:labelArc xlink:type="arc" xlink:from="jpfr-asr-E02778-000_TelecommunicationsServiceLinesNetPPE" xlink:to="jpfr-asr-E02778-000_TelecommunicationsServiceLinesNetPPE_label_1" xlink:arcrole="http://www.xbrl.org/2003/arcrole/concept-label" order="1" />
    <link:labelArc xlink:type="arc" xlink:from="jpfr-asr-E02778-000_UnrealizedGainLossOnValuationOfInvestmentAndGainLossOnSalesOfInvestmentAtSubsidiariesInTheUSNetEI" xlink:to="jpfr-asr-E02778-000_UnrealizedGainLossOnValuationOfInvestmentAndGainLossOnSalesOfInvestmentAtSubsidiariesInTheUSNetEI_label_1" xlink:arcrole="http://www.xbrl.org/2003/arcrole/concept-label" order="1" />
    <link:labelArc xlink:type="arc" xlink:from="jpfr-asr-E02778-000_ChangesOfItemsDuringThePeriodCashReceiptsForNewStockSubscriptionsAbstract" xlink:to="jpfr-asr-E02778-000_ChangesOfItemsDuringThePeriodCashReceiptsForNewStockSubscriptionsAbstract_label_1" xlink:arcrole="http://www.xbrl.org/2003/arcrole/concept-label" order="1" />
    <link:labelArc xlink:type="arc" xlink:from="jpfr-asr-E02778-000_ChangesOfItemsDuringThePeriodCashReceiptsForNewStockSubscriptionsAbstract" xlink:to="jpfr-asr-E02778-000_ChangesOfItemsDuringThePeriodCashReceiptsForNewStockSubscriptionsAbstract_label_2" xlink:arcrole="http://www.xbrl.org/2003/arcrole/concept-label" order="1" />
    <link:labelArc xlink:type="arc" xlink:from="jpfr-asr-E02778-000_IncreaseInAccumulatedDeficitDueToAdoptionOfNewAccountingStandardsAtASubsidiaryInTheUSRE" xlink:to="jpfr-asr-E02778-000_IncreaseInAccumulatedDeficitDueToAdoptionOfNewAccountingStandardsAtASubsidiaryInTheUSRE_label_2" xlink:arcrole="http://www.xbrl.org/2003/arcrole/concept-label" order="1" />
    <link:labelArc xlink:type="arc" xlink:from="jpfr-asr-E02778-000_IncreaseInAccumulatedDeficitDueToAdoptionOfANewAccountingStandardForAccountingPoliciesAtForeignSubsidiariesNA" xlink:to="jpfr-asr-E02778-000_IncreaseInAccumulatedDeficitDueToAdoptionOfANewAccountingStandardForAccountingPoliciesAtForeignSubsidiariesNA_label_2" xlink:arcrole="http://www.xbrl.org/2003/arcrole/concept-label" order="1" />
    <link:labelArc xlink:type="arc" xlink:from="jpfr-asr-E02778-000_UnrealizedLossGainOnValuationOfInvestmentAndLossGainOnSalesOfInvestmentAtSubsidiariesInTheUSNetOpeCF" xlink:to="jpfr-asr-E02778-000_UnrealizedLossGainOnValuationOfInvestmentAndLossGainOnSalesOfInvestmentAtSubsidiariesInTheUSNetOpeCF_label_1" xlink:arcrole="http://www.xbrl.org/2003/arcrole/concept-label" order="1" />
    <link:labelArc xlink:type="arc" xlink:from="jpfr-asr-E02778-000_UnrealizedLossGainOnValuationOfInvestmentAndLossGainOnSalesOfInvestmentAtSubsidiariesInTheUSNetOpeCF" xlink:to="jpfr-asr-E02778-000_UnrealizedLossGainOnValuationOfInvestmentAndLossGainOnSalesOfInvestmentAtSubsidiariesInTheUSNetOpeCF_label_2" xlink:arcrole="http://www.xbrl.org/2003/arcrole/concept-label" order="1" />
    <link:labelArc xlink:type="arc" xlink:from="jpfr-asr-E02778-000_IncreaseInAccumulatedDeficitDueToAdoptionOfANewAccountingStandardForAccountingPoliciesAtForeignSubsidiariesSE" xlink:to="jpfr-asr-E02778-000_IncreaseInAccumulatedDeficitDueToAdoptionOfANewAccountingStandardForAccountingPoliciesAtForeignSubsidiariesSE_label_1" xlink:arcrole="http://www.xbrl.org/2003/arcrole/concept-label" order="1" />
    <link:labelArc xlink:type="arc" xlink:from="jpfr-asr-E02778-000_DividendsFromSubsidiariesAndAffiliatesNOI" xlink:to="jpfr-asr-E02778-000_DividendsFromSubsidiariesAndAffiliatesNOI_label" xlink:arcrole="http://www.xbrl.org/2003/arcrole/concept-label" order="1" />
    <link:labelArc xlink:type="arc" xlink:from="jpfr-asr-E02778-000_InterestOnLoansToSubsidiariesSonAffiliatesNOI" xlink:to="jpfr-asr-E02778-000_InterestOnLoansToSubsidiariesSonAffiliatesNOI_label_1" xlink:arcrole="http://www.xbrl.org/2003/arcrole/concept-label" order="1" />
    <link:labelArc xlink:type="arc" xlink:from="jpfr-asr-E02778-000_IncreaseInAccumulatedDeficitDueToAdoptionOfANewAccountingStandardForAccountingPoliciesAtForeignSubsidiariesSE" xlink:to="jpfr-asr-E02778-000_IncreaseInAccumulatedDeficitDueToAdoptionOfANewAccountingStandardForAccountingPoliciesAtForeignSubsidiariesSE_label_2" xlink:arcrole="http://www.xbrl.org/2003/arcrole/concept-label" order="1" />
    <link:labelArc xlink:type="arc" xlink:from="jpfr-asr-E02778-000_TelecommunicationsServiceLinesNetPPE" xlink:to="jpfr-asr-E02778-000_TelecommunicationsServiceLinesNetPPE_label_2" xlink:arcrole="http://www.xbrl.org/2003/arcrole/concept-label" order="1" />
    <link:labelArc xlink:type="arc" xlink:from="jpfr-asr-E02778-000_IncreaseInAccumulatedDeficitDueToAdoptionOfNewAccountingStandardsAtASubsidiaryInTheUSNA" xlink:to="jpfr-asr-E02778-000_IncreaseInAccumulatedDeficitDueToAdoptionOfNewAccountingStandardsAtASubsidiaryInTheUSNA_label_1" xlink:arcrole="http://www.xbrl.org/2003/arcrole/concept-label" order="1" />
    <link:labelArc xlink:type="arc" xlink:from="jpfr-asr-E02778-000_InterestExpensesFromSubsidiariesAndAffiliatesNOE" xlink:to="jpfr-asr-E02778-000_InterestExpensesFromSubsidiariesAndAffiliatesNOE_label_2" xlink:arcrole="http://www.xbrl.org/2003/arcrole/concept-label" order="1" />
    <link:labelArc xlink:type="arc" xlink:from="jpfr-asr-E02778-000_IssuanceOfNewSharesExerciseOfSubscriptionRightsToSharesCashReceiptsForNewStockSubscriptions" xlink:to="jpfr-asr-E02778-000_IssuanceOfNewSharesExerciseOfSubscriptionRightsToSharesCashReceiptsForNewStockSubscriptions_label_1" xlink:arcrole="http://www.xbrl.org/2003/arcrole/concept-label" order="1" />
    <link:labelArc xlink:type="arc" xlink:from="jpfr-asr-E02778-000_IssuanceOfNewSharesExerciseOfSubscriptionRightsToSharesCashReceiptsForNewStockSubscriptions" xlink:to="jpfr-asr-E02778-000_IssuanceOfNewSharesExerciseOfSubscriptionRightsToSharesCashReceiptsForNewStockSubscriptions_label_2" xlink:arcrole="http://www.xbrl.org/2003/arcrole/concept-label" order="1" />
    <link:labelArc xlink:type="arc" xlink:from="jpfr-asr-E02778-000_CashReceiptsForNewStockSubscriptionsSSAbstract" xlink:to="jpfr-asr-E02778-000_CashReceiptsForNewStockSubscriptionsSSAbstract_label_1" xlink:arcrole="http://www.xbrl.org/2003/arcrole/concept-label" order="1" />
    <link:labelArc xlink:type="arc" xlink:from="jpfr-asr-E02778-000_ProceedsFromSaleAndLeaseBackOfEquipmentNewlyAcquiredFinCF" xlink:to="jpfr-asr-E02778-000_ProceedsFromSaleAndLeaseBackOfEquipmentNewlyAcquiredFinCF_label_2" xlink:arcrole="http://www.xbrl.org/2003/arcrole/concept-label" order="1" />
    <link:labelArc xlink:type="arc" xlink:from="jpfr-asr-E02778-000_CashReceiptsForNewStockSubscriptionsSSAbstract" xlink:to="jpfr-asr-E02778-000_CashReceiptsForNewStockSubscriptionsSSAbstract_label_2" xlink:arcrole="http://www.xbrl.org/2003/arcrole/concept-label" order="1" />
    <link:labelArc xlink:type="arc" xlink:from="jpfr-asr-E02778-000_DividendsFromSubsidiariesAndAffiliatesNOI" xlink:to="jpfr-asr-E02778-000_DividendsFromSubsidiariesAndAffiliatesNOI_label_1" xlink:arcrole="http://www.xbrl.org/2003/arcrole/concept-label" order="1" />
    <link:labelArc xlink:type="arc" xlink:from="jpfr-asr-E02778-000_IncreaseInAccumulatedDeficitDueToAdoptionOfNewAccountingStandardsAtASubsidiaryInTheUSSE" xlink:to="jpfr-asr-E02778-000_IncreaseInAccumulatedDeficitDueToAdoptionOfNewAccountingStandardsAtASubsidiaryInTheUSSE_label_2" xlink:arcrole="http://www.xbrl.org/2003/arcrole/concept-label" order="1" />
    <link:labelArc xlink:type="arc" xlink:from="jpfr-asr-E02778-000_ContributionForConstructionNOI" xlink:to="jpfr-asr-E02778-000_ContributionForConstructionNOI_label_1" xlink:arcrole="http://www.xbrl.org/2003/arcrole/concept-label" order="1" />
    <link:labelArc xlink:type="arc" xlink:from="jpfr-asr-E02778-000_UnrealizedGainLossOnValuationOfInvestmentAndGainLossOnSalesOfInvestmentAtSubsidiariesInTheUSNetEI" xlink:to="jpfr-asr-E02778-000_UnrealizedGainLossOnValuationOfInvestmentAndGainLossOnSalesOfInvestmentAtSubsidiariesInTheUSNetEI_label_2" xlink:arcrole="http://www.xbrl.org/2003/arcrole/concept-label" order="1" />
    <link:labelArc xlink:type="arc" xlink:from="jpfr-asr-E02778-000_LossOnDisposalOfSuppliesEL" xlink:to="jpfr-asr-E02778-000_LossOnDisposalOfSuppliesEL_label_2" xlink:arcrole="http://www.xbrl.org/2003/arcrole/concept-label" order="1" />
    <link:labelArc xlink:type="arc" xlink:from="jpfr-asr-E02778-000_DividendsFromSubsidiariesAndAffiliatesNOI" xlink:to="jpfr-asr-E02778-000_DividendsFromSubsidiariesAndAffiliatesNOI_label_2" xlink:arcrole="http://www.xbrl.org/2003/arcrole/concept-label" order="1" />
    <link:labelArc xlink:type="arc" xlink:from="jpfr-asr-E02778-000_ContributionForConstructionNOI" xlink:to="jpfr-asr-E02778-000_ContributionForConstructionNOI_label_2" xlink:arcrole="http://www.xbrl.org/2003/arcrole/concept-label" order="1" />
    <link:labelArc xlink:type="arc" xlink:from="jpfr-asr-E02778-000_IncreaseInAccumulatedDeficitDueToAdoptionOfNewAccountingStandardsAtASubsidiaryInTheUSNA" xlink:to="jpfr-asr-E02778-000_IncreaseInAccumulatedDeficitDueToAdoptionOfNewAccountingStandardsAtASubsidiaryInTheUSNA_label_2" xlink:arcrole="http://www.xbrl.org/2003/arcrole/concept-label" order="1" />
    <link:labelArc xlink:type="arc" xlink:from="jpfr-asr-E02778-000_InterestOnLoansToSubsidiariesSonAffiliatesNOI" xlink:to="jpfr-asr-E02778-000_InterestOnLoansToSubsidiariesSonAffiliatesNOI_label_2" xlink:arcrole="http://www.xbrl.org/2003/arcrole/concept-label" order="1" />
    <link:labelArc xlink:type="arc" xlink:from="jpfr-asr-E02778-000_LossOnAdditionalEntrustmentForDebtAssumptionEL" xlink:to="jpfr-asr-E02778-000_LossOnAdditionalEntrustmentForDebtAssumptionEL_label_2" xlink:arcrole="http://www.xbrl.org/2003/arcrole/concept-label" order="1" />
    <link:labelArc xlink:type="arc" xlink:from="jpfr-asr-E02778-000_TotalChangesOfItemsDuringThePeriodCashReceiptsForNewStockSubscriptions" xlink:to="jpfr-asr-E02778-000_TotalChangesOfItemsDuringThePeriodCashReceiptsForNewStockSubscriptions_label_3" xlink:arcrole="http://www.xbrl.org/2003/arcrole/concept-label" order="1" />
    <link:labelArc xlink:type="arc" xlink:from="jpfr-asr-E02778-000_TelecommunicationsEquipmentNetPPE" xlink:to="jpfr-asr-E02778-000_TelecommunicationsEquipmentNetPPE_label_2" xlink:arcrole="http://www.xbrl.org/2003/arcrole/concept-label" order="1" />
  </link:labelLink>
</link:linkbase>