﻿<?xml version="1.0" encoding="utf-8"?>
<!-- Edited with XiRUTE .NET Library 01-04 -->
<link:linkbase xmlns:xlink="http://www.w3.org/1999/xlink" xmlns:xsi="http://www.w3.org/2001/XMLSchema-instance" xmlns:link="http://www.xbrl.org/2003/linkbase">
  <link:labelLink xlink:type="extended" xlink:role="http://www.xbrl.org/2003/role/link">
    <link:label xml:lang="ja" xlink:type="resource" xlink:label="jpfr-asr-E02778-000_TelecommunicationsServiceLinesNetPPE_label_2" xlink:role="http://www.xbrl.org/2003/role/label">通信線路設備（純額）</link:label>
    <link:label xml:lang="ja" xlink:type="resource" xlink:label="jpfr-asr-E02778-000_IncreaseInAccumulatedDeficitDueToAdoptionOfANewAccountingStandardForAccountingPoliciesAtForeignSubsidiariesNA_label_1" xlink:role="http://www.xbrl.org/2003/role/documentation">実務対応報告第18号の適用による影響額、純資産</link:label>
    <link:label xml:lang="ja" xlink:type="resource" xlink:label="jpfr-asr-E02778-000_LossOnAdditionalEntrustmentForDebtAssumptionEL_label" xlink:role="http://www.xbrl.org/2003/role/label">デット・アサンプションに係る追加信託損失</link:label>
    <link:label xml:lang="ja" xlink:type="resource" xlink:label="jpfr-asr-E02778-000_UnrealizedLossGainOnValuationOfInvestmentAndLossGainOnSalesOfInvestmentAtSubsidiariesInTheUSNetOpeCF_label_2" xlink:role="http://www.xbrl.org/2003/role/verboseLabel">米国子会社の投資会社会計に基づく投資有価証券評価及び売却損益（△は益）、営業活動によるキャッシュ・フロー</link:label>
    <link:label xml:lang="ja" xlink:type="resource" xlink:label="jpfr-asr-E02778-000_IncreaseInAccumulatedDeficitDueToAdoptionOfNewAccountingStandardsAtASubsidiaryInTheUSRE_label" xlink:role="http://www.xbrl.org/2003/role/documentation">米国子会社の新会計基準適用による利益剰余金減少高、利益剰余金</link:label>
    <link:label xml:lang="ja" xlink:type="resource" xlink:label="jpfr-asr-E02778-000_IncreaseInAccumulatedDeficitDueToAdoptionOfANewAccountingStandardForAccountingPoliciesAtForeignSubsidiariesRE_label" xlink:role="http://www.xbrl.org/2003/role/verboseLabel">実務対応報告第18号の適用による影響額、利益剰余金</link:label>
    <link:label xml:lang="ja" xlink:type="resource" xlink:label="jpfr-asr-E02778-000_InterestOnLoansToSubsidiariesSonAffiliatesNOI_label" xlink:role="http://www.xbrl.org/2003/role/verboseLabel">関係会社貸付金利息、営業外収益</link:label>
    <link:label xml:lang="ja" xlink:type="resource" xlink:label="jpfr-asr-E02778-000_ChangesOfItemsDuringThePeriodCashReceiptsForNewStockSubscriptionsAbstract_label_1" xlink:role="http://www.xbrl.org/2003/role/documentation">当期変動額、新株式申込証拠金、タイトル項目</link:label>
    <link:label xml:lang="ja" xlink:type="resource" xlink:label="jpfr-asr-E02778-000_TelecommunicationsEquipmentNetPPE_label_1" xlink:role="http://www.xbrl.org/2003/role/documentation">通信機械設備（純額）、有形固定資産</link:label>
    <link:label xml:lang="ja" xlink:type="resource" xlink:label="jpfr-asr-E02778-000_LossOnAdditionalEntrustmentForDebtAssumptionEL_label_2" xlink:role="http://www.xbrl.org/2003/role/verboseLabel">デット・アサンプションに係る追加信託損失、特別損失</link:label>
    <link:label xml:lang="ja" xlink:type="resource" xlink:label="jpfr-asr-E02778-000_LossOnDisposalOfSuppliesEL_label" xlink:role="http://www.xbrl.org/2003/role/documentation">貯蔵品除却損、特別損失</link:label>
    <link:label xml:lang="ja" xlink:type="resource" xlink:label="jpfr-asr-E02778-000_TotalChangesOfItemsDuringThePeriodCashReceiptsForNewStockSubscriptions_label" xlink:role="http://www.xbrl.org/2003/role/verboseLabel">当期変動額合計、新株式申込証拠金</link:label>
    <link:label xml:lang="ja" xlink:type="resource" xlink:label="jpfr-asr-E02778-000_InterestOnLoansToSubsidiariesSonAffiliatesNOI_label_1" xlink:role="http://www.xbrl.org/2003/role/label">関係会社貸付金利息</link:label>
    <link:label xml:lang="ja" xlink:type="resource" xlink:label="jpfr-asr-E02778-000_IncreaseInAccumulatedDeficitDueToAdoptionOfNewAccountingStandardsAtASubsidiaryInTheUSRE_label_1" xlink:role="http://www.xbrl.org/2003/role/verboseLabel">米国子会社の新会計基準適用による利益剰余金減少高、利益剰余金</link:label>
    <link:label xml:lang="ja" xlink:type="resource" xlink:label="jpfr-asr-E02778-000_InterestExpensesFromSubsidiariesAndAffiliatesNOE_label_1" xlink:role="http://www.xbrl.org/2003/role/documentation">関係会社支払利息、営業外費用</link:label>
    <link:label xml:lang="ja" xlink:type="resource" xlink:label="jpfr-asr-E02778-000_TelecommunicationsEquipmentNetPPE_label_2" xlink:role="http://www.xbrl.org/2003/role/verboseLabel">通信機械設備（純額）、有形固定資産</link:label>
    <link:label xml:lang="ja" xlink:type="resource" xlink:label="jpfr-asr-E02778-000_IncreaseInAccumulatedDeficitDueToAdoptionOfANewAccountingStandardForAccountingPoliciesAtForeignSubsidiariesSE_label" xlink:role="http://www.xbrl.org/2003/role/verboseLabel">実務対応報告第18号の適用による影響額、株主資本</link:label>
    <link:label xml:lang="ja" xlink:type="resource" xlink:label="jpfr-asr-E02778-000_CashReceiptsForNewStockSubscriptionsSSAbstract_label" xlink:role="http://www.xbrl.org/2003/role/verboseLabel">新株式申込証拠金、株主資本等変動計算書、タイトル項目</link:label>
    <link:label xml:lang="ja" xlink:type="resource" xlink:label="jpfr-asr-E02778-000_CashReceiptsForNewStockSubscriptionsSSAbstract_label_2" xlink:role="http://www.xbrl.org/2003/role/documentation">新株式申込証拠金、株主資本等変動計算書、タイトル項目</link:label>
    <link:label xml:lang="ja" xlink:type="resource" xlink:label="jpfr-asr-E02778-000_TotalChangesOfItemsDuringThePeriodCashReceiptsForNewStockSubscriptions_label_1" xlink:role="http://www.xbrl.org/2003/role/totalLabel">当期変動額合計</link:label>
    <link:label xml:lang="ja" xlink:type="resource" xlink:label="jpfr-asr-E02778-000_IncreaseInAccumulatedDeficitDueToAdoptionOfANewAccountingStandardForAccountingPoliciesAtForeignSubsidiariesNA_label_2" xlink:role="http://www.xbrl.org/2003/role/verboseLabel">実務対応報告第18号の適用による影響額、純資産</link:label>
    <link:label xml:lang="ja" xlink:type="resource" xlink:label="jpfr-asr-E02778-000_IncreaseInAccumulatedDeficitDueToAdoptionOfNewAccountingStandardsAtASubsidiaryInTheUSNA_label_1" xlink:role="http://www.xbrl.org/2003/role/label">米国子会社の新会計基準適用による利益剰余金減少高</link:label>
    <link:label xml:lang="ja" xlink:type="resource" xlink:label="jpfr-asr-E02778-000_IncreaseInAccumulatedDeficitDueToAdoptionOfANewAccountingStandardForAccountingPoliciesAtForeignSubsidiariesRE_label_1" xlink:role="http://www.xbrl.org/2003/role/documentation">実務対応報告第18号の適用による影響額、利益剰余金</link:label>
    <link:label xml:lang="ja" xlink:type="resource" xlink:label="jpfr-asr-E02778-000_IncreaseInAccumulatedDeficitDueToAdoptionOfANewAccountingStandardForAccountingPoliciesAtForeignSubsidiariesRE_label_2" xlink:role="http://www.xbrl.org/2003/role/label">実務対応報告第18号の適用による影響額</link:label>
    <link:label xml:lang="ja" xlink:type="resource" xlink:label="jpfr-asr-E02778-000_ProceedsFromSaleAndLeaseBackOfEquipmentNewlyAcquiredFinCF_label" xlink:role="http://www.xbrl.org/2003/role/documentation">新規取得設備のリース化による収入、財務活動によるキャッシュ・フロー</link:label>
    <link:label xml:lang="ja" xlink:type="resource" xlink:label="jpfr-asr-E02778-000_InterestExpensesFromSubsidiariesAndAffiliatesNOE_label" xlink:role="http://www.xbrl.org/2003/role/label">関係会社支払利息</link:label>
    <link:label xml:lang="ja" xlink:type="resource" xlink:label="jpfr-asr-E02778-000_IssuanceOfNewSharesExerciseOfSubscriptionRightsToSharesCashReceiptsForNewStockSubscriptions_label_2" xlink:role="http://www.xbrl.org/2003/role/documentation">新株の発行、新株式申込証拠金</link:label>
    <link:label xml:lang="ja" xlink:type="resource" xlink:label="jpfr-asr-E02778-000_LossOnDisposalOfSuppliesEL_label_1" xlink:role="http://www.xbrl.org/2003/role/verboseLabel">貯蔵品除却損、特別損失</link:label>
    <link:label xml:lang="ja" xlink:type="resource" xlink:label="jpfr-asr-E02778-000_IncreaseInAccumulatedDeficitDueToAdoptionOfNewAccountingStandardsAtASubsidiaryInTheUSSE_label_1" xlink:role="http://www.xbrl.org/2003/role/documentation">米国子会社の新会計基準適用による利益剰余金減少高、株主資本</link:label>
    <link:label xml:lang="ja" xlink:type="resource" xlink:label="jpfr-asr-E02778-000_IncreaseInAccumulatedDeficitDueToAdoptionOfANewAccountingStandardForAccountingPoliciesAtForeignSubsidiariesNA_label" xlink:role="http://www.xbrl.org/2003/role/label">実務対応報告第18号の適用による影響額</link:label>
    <link:label xml:lang="ja" xlink:type="resource" xlink:label="jpfr-asr-E02778-000_ContributionForConstructionNOI_label_1" xlink:role="http://www.xbrl.org/2003/role/documentation">設備設置負担金収入、営業外収益</link:label>
    <link:label xml:lang="ja" xlink:type="resource" xlink:label="jpfr-asr-E02778-000_IncreaseInAccumulatedDeficitDueToAdoptionOfNewAccountingStandardsAtASubsidiaryInTheUSRE_label_2" xlink:role="http://www.xbrl.org/2003/role/label">米国子会社の新会計基準適用による利益剰余金減少高</link:label>
    <link:label xml:lang="ja" xlink:type="resource" xlink:label="jpfr-asr-E02778-000_UnrealizedGainLossOnValuationOfInvestmentAndGainLossOnSalesOfInvestmentAtSubsidiariesInTheUSNetEI_label_2" xlink:role="http://www.xbrl.org/2003/role/verboseLabel">米国子会社の投資会社会計に基づく投資有価証券評価及び売却益、特別利益</link:label>
    <link:label xml:lang="ja" xlink:type="resource" xlink:label="jpfr-asr-E02778-000_TelecommunicationsEquipmentNetPPE_label" xlink:role="http://www.xbrl.org/2003/role/label">通信機械設備（純額）</link:label>
    <link:label xml:lang="ja" xlink:type="resource" xlink:label="jpfr-asr-E02778-000_ChangesOfItemsDuringThePeriodCashReceiptsForNewStockSubscriptionsAbstract_label" xlink:role="http://www.xbrl.org/2003/role/label">当期変動額</link:label>
    <link:label xml:lang="ja" xlink:type="resource" xlink:label="jpfr-asr-E02778-000_UnrealizedLossGainOnValuationOfInvestmentAndLossGainOnSalesOfInvestmentAtSubsidiariesInTheUSNetEL_label_2" xlink:role="http://www.xbrl.org/2003/role/verboseLabel">米国子会社の投資会社会計に基づく投資有価証券評価及び売却損、特別損失</link:label>
    <link:label xml:lang="ja" xlink:type="resource" xlink:label="jpfr-asr-E02778-000_UnrealizedLossGainOnValuationOfInvestmentAndLossGainOnSalesOfInvestmentAtSubsidiariesInTheUSNetOpeCF_label_1" xlink:role="http://www.xbrl.org/2003/role/documentation">米国子会社の投資会社会計に基づく投資有価証券評価及び売却損益（△は益）、営業活動によるキャッシュ・フロー</link:label>
    <link:label xml:lang="ja" xlink:type="resource" xlink:label="jpfr-asr-E02778-000_IncreaseInAccumulatedDeficitDueToAdoptionOfANewAccountingStandardForAccountingPoliciesAtForeignSubsidiariesSE_label_2" xlink:role="http://www.xbrl.org/2003/role/label">実務対応報告第18号の適用による影響額</link:label>
    <link:label xml:lang="ja" xlink:type="resource" xlink:label="jpfr-asr-E02778-000_DividendsFromSubsidiariesAndAffiliatesNOI_label_2" xlink:role="http://www.xbrl.org/2003/role/label">関係会社受取配当金</link:label>
    <link:label xml:lang="ja" xlink:type="resource" xlink:label="jpfr-asr-E02778-000_IncreaseInAccumulatedDeficitDueToAdoptionOfNewAccountingStandardsAtASubsidiaryInTheUSSE_label_2" xlink:role="http://www.xbrl.org/2003/role/label">米国子会社の新会計基準適用による利益剰余金減少高</link:label>
    <link:label xml:lang="ja" xlink:type="resource" xlink:label="jpfr-asr-E02778-000_TotalChangesOfItemsDuringThePeriodCashReceiptsForNewStockSubscriptions_label_2" xlink:role="http://www.xbrl.org/2003/role/label">当期変動額合計</link:label>
    <link:label xml:lang="ja" xlink:type="resource" xlink:label="jpfr-asr-E02778-000_ProceedsFromSaleAndLeaseBackOfEquipmentNewlyAcquiredFinCF_label_1" xlink:role="http://www.xbrl.org/2003/role/verboseLabel">新規取得設備のリース化による収入、財務活動によるキャッシュ・フロー</link:label>
    <link:label xml:lang="ja" xlink:type="resource" xlink:label="jpfr-asr-E02778-000_InterestOnLoansToSubsidiariesSonAffiliatesNOI_label_2" xlink:role="http://www.xbrl.org/2003/role/documentation">関係会社貸付金利息、営業外収益</link:label>
    <link:label xml:lang="ja" xlink:type="resource" xlink:label="jpfr-asr-E02778-000_IncreaseInAccumulatedDeficitDueToAdoptionOfNewAccountingStandardsAtASubsidiaryInTheUSNA_label_2" xlink:role="http://www.xbrl.org/2003/role/documentation">米国子会社の新会計基準適用による利益剰余金減少高、純資産</link:label>
    <link:label xml:lang="ja" xlink:type="resource" xlink:label="jpfr-asr-E02778-000_IssuanceOfNewSharesExerciseOfSubscriptionRightsToSharesCashReceiptsForNewStockSubscriptions_label_1" xlink:role="http://www.xbrl.org/2003/role/label">新株の発行</link:label>
    <link:label xml:lang="ja" xlink:type="resource" xlink:label="jpfr-asr-E02778-000_IncreaseInAccumulatedDeficitDueToAdoptionOfANewAccountingStandardForAccountingPoliciesAtForeignSubsidiariesSE_label_1" xlink:role="http://www.xbrl.org/2003/role/documentation">実務対応報告第18号の適用による影響額、株主資本</link:label>
    <link:label xml:lang="ja" xlink:type="resource" xlink:label="jpfr-asr-E02778-000_DividendsFromSubsidiariesAndAffiliatesNOI_label_1" xlink:role="http://www.xbrl.org/2003/role/verboseLabel">関係会社受取配当金、営業外収益</link:label>
    <link:label xml:lang="ja" xlink:type="resource" xlink:label="jpfr-asr-E02778-000_UnrealizedLossGainOnValuationOfInvestmentAndLossGainOnSalesOfInvestmentAtSubsidiariesInTheUSNetOpeCF_label" xlink:role="http://www.xbrl.org/2003/role/label">米国子会社の投資会社会計に基づく投資有価証券評価及び売却損益（△は益）</link:label>
    <link:label xml:lang="ja" xlink:type="resource" xlink:label="jpfr-asr-E02778-000_ChangesOfItemsDuringThePeriodCashReceiptsForNewStockSubscriptionsAbstract_label_2" xlink:role="http://www.xbrl.org/2003/role/verboseLabel">当期変動額、新株式申込証拠金、タイトル項目</link:label>
    <link:label xml:lang="ja" xlink:type="resource" xlink:label="jpfr-asr-E02778-000_IssuanceOfNewSharesExerciseOfSubscriptionRightsToSharesCashReceiptsForNewStockSubscriptions_label" xlink:role="http://www.xbrl.org/2003/role/verboseLabel">新株の発行、新株式申込証拠金</link:label>
    <link:label xml:lang="ja" xlink:type="resource" xlink:label="jpfr-asr-E02778-000_IncreaseInAccumulatedDeficitDueToAdoptionOfNewAccountingStandardsAtASubsidiaryInTheUSSE_label" xlink:role="http://www.xbrl.org/2003/role/verboseLabel">米国子会社の新会計基準適用による利益剰余金減少高、株主資本</link:label>
    <link:label xml:lang="ja" xlink:type="resource" xlink:label="jpfr-asr-E02778-000_LossOnDisposalOfSuppliesEL_label_2" xlink:role="http://www.xbrl.org/2003/role/label">貯蔵品除却損</link:label>
    <link:label xml:lang="ja" xlink:type="resource" xlink:label="jpfr-asr-E02778-000_ContributionForConstructionNOI_label" xlink:role="http://www.xbrl.org/2003/role/label">設備設置負担金収入</link:label>
    <link:label xml:lang="ja" xlink:type="resource" xlink:label="jpfr-asr-E02778-000_TelecommunicationsServiceLinesNetPPE_label" xlink:role="http://www.xbrl.org/2003/role/documentation">通信線路設備（純額）、有形固定資産</link:label>
    <link:label xml:lang="ja" xlink:type="resource" xlink:label="jpfr-asr-E02778-000_UnrealizedGainLossOnValuationOfInvestmentAndGainLossOnSalesOfInvestmentAtSubsidiariesInTheUSNetEI_label_1" xlink:role="http://www.xbrl.org/2003/role/documentation">米国子会社の投資会社会計に基づく投資有価証券評価及び売却益、特別利益</link:label>
    <link:label xml:lang="ja" xlink:type="resource" xlink:label="jpfr-asr-E02778-000_ProceedsFromSaleAndLeaseBackOfEquipmentNewlyAcquiredFinCF_label_2" xlink:role="http://www.xbrl.org/2003/role/label">新規取得設備のリース化による収入</link:label>
    <link:label xml:lang="ja" xlink:type="resource" xlink:label="jpfr-asr-E02778-000_LossOnAdditionalEntrustmentForDebtAssumptionEL_label_1" xlink:role="http://www.xbrl.org/2003/role/documentation">デット・アサンプションに係る追加信託損失、特別損失</link:label>
    <link:label xml:lang="ja" xlink:type="resource" xlink:label="jpfr-asr-E02778-000_TelecommunicationsServiceLinesNetPPE_label_1" xlink:role="http://www.xbrl.org/2003/role/verboseLabel">通信線路設備（純額）、有形固定資産</link:label>
    <link:label xml:lang="ja" xlink:type="resource" xlink:label="jpfr-asr-E02778-000_IncreaseInAccumulatedDeficitDueToAdoptionOfNewAccountingStandardsAtASubsidiaryInTheUSNA_label" xlink:role="http://www.xbrl.org/2003/role/verboseLabel">米国子会社の新会計基準適用による利益剰余金減少高、純資産</link:label>
    <link:label xml:lang="ja" xlink:type="resource" xlink:label="jpfr-asr-E02778-000_TotalChangesOfItemsDuringThePeriodCashReceiptsForNewStockSubscriptions_label_3" xlink:role="http://www.xbrl.org/2003/role/documentation">当期変動額合計、新株式申込証拠金</link:label>
    <link:label xml:lang="ja" xlink:type="resource" xlink:label="jpfr-asr-E02778-000_ContributionForConstructionNOI_label_2" xlink:role="http://www.xbrl.org/2003/role/verboseLabel">設備設置負担金収入、営業外収益</link:label>
    <link:label xml:lang="ja" xlink:type="resource" xlink:label="jpfr-asr-E02778-000_UnrealizedGainLossOnValuationOfInvestmentAndGainLossOnSalesOfInvestmentAtSubsidiariesInTheUSNetEI_label" xlink:role="http://www.xbrl.org/2003/role/label">米国子会社の投資会社会計に基づく投資有価証券評価及び売却益</link:label>
    <link:label xml:lang="ja" xlink:type="resource" xlink:label="jpfr-asr-E02778-000_UnrealizedLossGainOnValuationOfInvestmentAndLossGainOnSalesOfInvestmentAtSubsidiariesInTheUSNetEL_label_1" xlink:role="http://www.xbrl.org/2003/role/documentation">米国子会社の投資会社会計に基づく投資有価証券評価及び売却損、特別損失</link:label>
    <link:label xml:lang="ja" xlink:type="resource" xlink:label="jpfr-asr-E02778-000_CashReceiptsForNewStockSubscriptionsSSAbstract_label_1" xlink:role="http://www.xbrl.org/2003/role/label">新株式申込証拠金</link:label>
    <link:label xml:lang="ja" xlink:type="resource" xlink:label="jpfr-asr-E02778-000_InterestExpensesFromSubsidiariesAndAffiliatesNOE_label_2" xlink:role="http://www.xbrl.org/2003/role/verboseLabel">関係会社支払利息、営業外費用</link:label>
    <link:label xml:lang="ja" xlink:type="resource" xlink:label="jpfr-asr-E02778-000_UnrealizedLossGainOnValuationOfInvestmentAndLossGainOnSalesOfInvestmentAtSubsidiariesInTheUSNetEL_label" xlink:role="http://www.xbrl.org/2003/role/label">米国子会社の投資会社会計に基づく投資有価証券評価及び売却損</link:label>
    <link:label xml:lang="ja" xlink:type="resource" xlink:label="jpfr-asr-E02778-000_DividendsFromSubsidiariesAndAffiliatesNOI_label" xlink:role="http://www.xbrl.org/2003/role/documentation">関係会社受取配当金、営業外収益</link:label>
    <link:loc xlink:type="locator" xlink:href="jpfr-asr-E02778-000-2009-03-31-01-2009-06-24.xsd#jpfr-asr-E02778-000_LossOnAdditionalEntrustmentForDebtAssumptionEL" xlink:label="jpfr-asr-E02778-000_LossOnAdditionalEntrustmentForDebtAssumptionEL" />
    <link:loc xlink:type="locator" xlink:href="jpfr-asr-E02778-000-2009-03-31-01-2009-06-24.xsd#jpfr-asr-E02778-000_IncreaseInAccumulatedDeficitDueToAdoptionOfNewAccountingStandardsAtASubsidiaryInTheUSNA" xlink:label="jpfr-asr-E02778-000_IncreaseInAccumulatedDeficitDueToAdoptionOfNewAccountingStandardsAtASubsidiaryInTheUSNA" />
    <link:loc xlink:type="locator" xlink:href="jpfr-asr-E02778-000-2009-03-31-01-2009-06-24.xsd#jpfr-asr-E02778-000_DividendsFromSubsidiariesAndAffiliatesNOI" xlink:label="jpfr-asr-E02778-000_DividendsFromSubsidiariesAndAffiliatesNOI" />
    <link:loc xlink:type="locator" xlink:href="jpfr-asr-E02778-000-2009-03-31-01-2009-06-24.xsd#jpfr-asr-E02778-000_UnrealizedLossGainOnValuationOfInvestmentAndLossGainOnSalesOfInvestmentAtSubsidiariesInTheUSNetEL" xlink:label="jpfr-asr-E02778-000_UnrealizedLossGainOnValuationOfInvestmentAndLossGainOnSalesOfInvestmentAtSubsidiariesInTheUSNetEL" />
    <link:loc xlink:type="locator" xlink:href="jpfr-asr-E02778-000-2009-03-31-01-2009-06-24.xsd#jpfr-asr-E02778-000_ProceedsFromSaleAndLeaseBackOfEquipmentNewlyAcquiredFinCF" xlink:label="jpfr-asr-E02778-000_ProceedsFromSaleAndLeaseBackOfEquipmentNewlyAcquiredFinCF" />
    <link:loc xlink:type="locator" xlink:href="jpfr-asr-E02778-000-2009-03-31-01-2009-06-24.xsd#jpfr-asr-E02778-000_UnrealizedLossGainOnValuationOfInvestmentAndLossGainOnSalesOfInvestmentAtSubsidiariesInTheUSNetOpeCF" xlink:label="jpfr-asr-E02778-000_UnrealizedLossGainOnValuationOfInvestmentAndLossGainOnSalesOfInvestmentAtSubsidiariesInTheUSNetOpeCF" />
    <link:loc xlink:type="locator" xlink:href="jpfr-asr-E02778-000-2009-03-31-01-2009-06-24.xsd#jpfr-asr-E02778-000_TelecommunicationsServiceLinesNetPPE" xlink:label="jpfr-asr-E02778-000_TelecommunicationsServiceLinesNetPPE" />
    <link:loc xlink:type="locator" xlink:href="jpfr-asr-E02778-000-2009-03-31-01-2009-06-24.xsd#jpfr-asr-E02778-000_InterestExpensesFromSubsidiariesAndAffiliatesNOE" xlink:label="jpfr-asr-E02778-000_InterestExpensesFromSubsidiariesAndAffiliatesNOE" />
    <link:loc xlink:type="locator" xlink:href="jpfr-asr-E02778-000-2009-03-31-01-2009-06-24.xsd#jpfr-asr-E02778-000_LossOnDisposalOfSuppliesEL" xlink:label="jpfr-asr-E02778-000_LossOnDisposalOfSuppliesEL" />
    <link:loc xlink:type="locator" xlink:href="jpfr-asr-E02778-000-2009-03-31-01-2009-06-24.xsd#jpfr-asr-E02778-000_IncreaseInAccumulatedDeficitDueToAdoptionOfANewAccountingStandardForAccountingPoliciesAtForeignSubsidiariesSE" xlink:label="jpfr-asr-E02778-000_IncreaseInAccumulatedDeficitDueToAdoptionOfANewAccountingStandardForAccountingPoliciesAtForeignSubsidiariesSE" />
    <link:loc xlink:type="locator" xlink:href="jpfr-asr-E02778-000-2009-03-31-01-2009-06-24.xsd#jpfr-asr-E02778-000_IncreaseInAccumulatedDeficitDueToAdoptionOfNewAccountingStandardsAtASubsidiaryInTheUSRE" xlink:label="jpfr-asr-E02778-000_IncreaseInAccumulatedDeficitDueToAdoptionOfNewAccountingStandardsAtASubsidiaryInTheUSRE" />
    <link:loc xlink:type="locator" xlink:href="jpfr-asr-E02778-000-2009-03-31-01-2009-06-24.xsd#jpfr-asr-E02778-000_InterestOnLoansToSubsidiariesSonAffiliatesNOI" xlink:label="jpfr-asr-E02778-000_InterestOnLoansToSubsidiariesSonAffiliatesNOI" />
    <link:loc xlink:type="locator" xlink:href="jpfr-asr-E02778-000-2009-03-31-01-2009-06-24.xsd#jpfr-asr-E02778-000_CashReceiptsForNewStockSubscriptionsSSAbstract" xlink:label="jpfr-asr-E02778-000_CashReceiptsForNewStockSubscriptionsSSAbstract" />
    <link:loc xlink:type="locator" xlink:href="jpfr-asr-E02778-000-2009-03-31-01-2009-06-24.xsd#jpfr-asr-E02778-000_UnrealizedGainLossOnValuationOfInvestmentAndGainLossOnSalesOfInvestmentAtSubsidiariesInTheUSNetEI" xlink:label="jpfr-asr-E02778-000_UnrealizedGainLossOnValuationOfInvestmentAndGainLossOnSalesOfInvestmentAtSubsidiariesInTheUSNetEI" />
    <link:loc xlink:type="locator" xlink:href="jpfr-asr-E02778-000-2009-03-31-01-2009-06-24.xsd#jpfr-asr-E02778-000_ChangesOfItemsDuringThePeriodCashReceiptsForNewStockSubscriptionsAbstract" xlink:label="jpfr-asr-E02778-000_ChangesOfItemsDuringThePeriodCashReceiptsForNewStockSubscriptionsAbstract" />
    <link:loc xlink:type="locator" xlink:href="jpfr-asr-E02778-000-2009-03-31-01-2009-06-24.xsd#jpfr-asr-E02778-000_TelecommunicationsEquipmentNetPPE" xlink:label="jpfr-asr-E02778-000_TelecommunicationsEquipmentNetPPE" />
    <link:loc xlink:type="locator" xlink:href="jpfr-asr-E02778-000-2009-03-31-01-2009-06-24.xsd#jpfr-asr-E02778-000_IssuanceOfNewSharesExerciseOfSubscriptionRightsToSharesCashReceiptsForNewStockSubscriptions" xlink:label="jpfr-asr-E02778-000_IssuanceOfNewSharesExerciseOfSubscriptionRightsToSharesCashReceiptsForNewStockSubscriptions" />
    <link:loc xlink:type="locator" xlink:href="jpfr-asr-E02778-000-2009-03-31-01-2009-06-24.xsd#jpfr-asr-E02778-000_ContributionForConstructionNOI" xlink:label="jpfr-asr-E02778-000_ContributionForConstructionNOI" />
    <link:loc xlink:type="locator" xlink:href="jpfr-asr-E02778-000-2009-03-31-01-2009-06-24.xsd#jpfr-asr-E02778-000_TotalChangesOfItemsDuringThePeriodCashReceiptsForNewStockSubscriptions" xlink:label="jpfr-asr-E02778-000_TotalChangesOfItemsDuringThePeriodCashReceiptsForNewStockSubscriptions" />
    <link:loc xlink:type="locator" xlink:href="jpfr-asr-E02778-000-2009-03-31-01-2009-06-24.xsd#jpfr-asr-E02778-000_IncreaseInAccumulatedDeficitDueToAdoptionOfANewAccountingStandardForAccountingPoliciesAtForeignSubsidiariesNA" xlink:label="jpfr-asr-E02778-000_IncreaseInAccumulatedDeficitDueToAdoptionOfANewAccountingStandardForAccountingPoliciesAtForeignSubsidiariesNA" />
    <link:loc xlink:type="locator" xlink:href="jpfr-asr-E02778-000-2009-03-31-01-2009-06-24.xsd#jpfr-asr-E02778-000_IncreaseInAccumulatedDeficitDueToAdoptionOfANewAccountingStandardForAccountingPoliciesAtForeignSubsidiariesRE" xlink:label="jpfr-asr-E02778-000_IncreaseInAccumulatedDeficitDueToAdoptionOfANewAccountingStandardForAccountingPoliciesAtForeignSubsidiariesRE" />
    <link:loc xlink:type="locator" xlink:href="jpfr-asr-E02778-000-2009-03-31-01-2009-06-24.xsd#jpfr-asr-E02778-000_IncreaseInAccumulatedDeficitDueToAdoptionOfNewAccountingStandardsAtASubsidiaryInTheUSSE" xlink:label="jpfr-asr-E02778-000_IncreaseInAccumulatedDeficitDueToAdoptionOfNewAccountingStandardsAtASubsidiaryInTheUSSE" />
    <link:labelArc xlink:type="arc" xlink:from="jpfr-asr-E02778-000_UnrealizedLossGainOnValuationOfInvestmentAndLossGainOnSalesOfInvestmentAtSubsidiariesInTheUSNetEL" xlink:to="jpfr-asr-E02778-000_UnrealizedLossGainOnValuationOfInvestmentAndLossGainOnSalesOfInvestmentAtSubsidiariesInTheUSNetEL_label" xlink:arcrole="http://www.xbrl.org/2003/arcrole/concept-label" order="1" />
    <link:labelArc xlink:type="arc" xlink:from="jpfr-asr-E02778-000_IncreaseInAccumulatedDeficitDueToAdoptionOfANewAccountingStandardForAccountingPoliciesAtForeignSubsidiariesRE" xlink:to="jpfr-asr-E02778-000_IncreaseInAccumulatedDeficitDueToAdoptionOfANewAccountingStandardForAccountingPoliciesAtForeignSubsidiariesRE_label" xlink:arcrole="http://www.xbrl.org/2003/arcrole/concept-label" order="1" />
    <link:labelArc xlink:type="arc" xlink:from="jpfr-asr-E02778-000_InterestExpensesFromSubsidiariesAndAffiliatesNOE" xlink:to="jpfr-asr-E02778-000_InterestExpensesFromSubsidiariesAndAffiliatesNOE_label" xlink:arcrole="http://www.xbrl.org/2003/arcrole/concept-label" order="1" />
    <link:labelArc xlink:type="arc" xlink:from="jpfr-asr-E02778-000_IncreaseInAccumulatedDeficitDueToAdoptionOfNewAccountingStandardsAtASubsidiaryInTheUSRE" xlink:to="jpfr-asr-E02778-000_IncreaseInAccumulatedDeficitDueToAdoptionOfNewAccountingStandardsAtASubsidiaryInTheUSRE_label" xlink:arcrole="http://www.xbrl.org/2003/arcrole/concept-label" order="1" />
    <link:labelArc xlink:type="arc" xlink:from="jpfr-asr-E02778-000_TotalChangesOfItemsDuringThePeriodCashReceiptsForNewStockSubscriptions" xlink:to="jpfr-asr-E02778-000_TotalChangesOfItemsDuringThePeriodCashReceiptsForNewStockSubscriptions_label" xlink:arcrole="http://www.xbrl.org/2003/arcrole/concept-label" order="1" />
    <link:labelArc xlink:type="arc" xlink:from="jpfr-asr-E02778-000_UnrealizedLossGainOnValuationOfInvestmentAndLossGainOnSalesOfInvestmentAtSubsidiariesInTheUSNetEL" xlink:to="jpfr-asr-E02778-000_UnrealizedLossGainOnValuationOfInvestmentAndLossGainOnSalesOfInvestmentAtSubsidiariesInTheUSNetEL_label_1" xlink:arcrole="http://www.xbrl.org/2003/arcrole/concept-label" order="1" />
    <link:labelArc xlink:type="arc" xlink:from="jpfr-asr-E02778-000_CashReceiptsForNewStockSubscriptionsSSAbstract" xlink:to="jpfr-asr-E02778-000_CashReceiptsForNewStockSubscriptionsSSAbstract_label" xlink:arcrole="http://www.xbrl.org/2003/arcrole/concept-label" order="1" />
    <link:labelArc xlink:type="arc" xlink:from="jpfr-asr-E02778-000_UnrealizedLossGainOnValuationOfInvestmentAndLossGainOnSalesOfInvestmentAtSubsidiariesInTheUSNetOpeCF" xlink:to="jpfr-asr-E02778-000_UnrealizedLossGainOnValuationOfInvestmentAndLossGainOnSalesOfInvestmentAtSubsidiariesInTheUSNetOpeCF_label" xlink:arcrole="http://www.xbrl.org/2003/arcrole/concept-label" order="1" />
    <link:labelArc xlink:type="arc" xlink:from="jpfr-asr-E02778-000_UnrealizedGainLossOnValuationOfInvestmentAndGainLossOnSalesOfInvestmentAtSubsidiariesInTheUSNetEI" xlink:to="jpfr-asr-E02778-000_UnrealizedGainLossOnValuationOfInvestmentAndGainLossOnSalesOfInvestmentAtSubsidiariesInTheUSNetEI_label" xlink:arcrole="http://www.xbrl.org/2003/arcrole/concept-label" order="1" />
    <link:labelArc xlink:type="arc" xlink:from="jpfr-asr-E02778-000_IncreaseInAccumulatedDeficitDueToAdoptionOfNewAccountingStandardsAtASubsidiaryInTheUSRE" xlink:to="jpfr-asr-E02778-000_IncreaseInAccumulatedDeficitDueToAdoptionOfNewAccountingStandardsAtASubsidiaryInTheUSRE_label_1" xlink:arcrole="http://www.xbrl.org/2003/arcrole/concept-label" order="1" />
    <link:labelArc xlink:type="arc" xlink:from="jpfr-asr-E02778-000_IncreaseInAccumulatedDeficitDueToAdoptionOfANewAccountingStandardForAccountingPoliciesAtForeignSubsidiariesSE" xlink:to="jpfr-asr-E02778-000_IncreaseInAccumulatedDeficitDueToAdoptionOfANewAccountingStandardForAccountingPoliciesAtForeignSubsidiariesSE_label" xlink:arcrole="http://www.xbrl.org/2003/arcrole/concept-label" order="1" />
    <link:labelArc xlink:type="arc" xlink:from="jpfr-asr-E02778-000_IncreaseInAccumulatedDeficitDueToAdoptionOfANewAccountingStandardForAccountingPoliciesAtForeignSubsidiariesRE" xlink:to="jpfr-asr-E02778-000_IncreaseInAccumulatedDeficitDueToAdoptionOfANewAccountingStandardForAccountingPoliciesAtForeignSubsidiariesRE_label_1" xlink:arcrole="http://www.xbrl.org/2003/arcrole/concept-label" order="1" />
    <link:labelArc xlink:type="arc" xlink:from="jpfr-asr-E02778-000_ProceedsFromSaleAndLeaseBackOfEquipmentNewlyAcquiredFinCF" xlink:to="jpfr-asr-E02778-000_ProceedsFromSaleAndLeaseBackOfEquipmentNewlyAcquiredFinCF_label" xlink:arcrole="http://www.xbrl.org/2003/arcrole/concept-label" order="1" />
    <link:labelArc xlink:type="arc" xlink:from="jpfr-asr-E02778-000_LossOnDisposalOfSuppliesEL" xlink:to="jpfr-asr-E02778-000_LossOnDisposalOfSuppliesEL_label" xlink:arcrole="http://www.xbrl.org/2003/arcrole/concept-label" order="1" />
    <link:labelArc xlink:type="arc" xlink:from="jpfr-asr-E02778-000_TelecommunicationsEquipmentNetPPE" xlink:to="jpfr-asr-E02778-000_TelecommunicationsEquipmentNetPPE_label" xlink:arcrole="http://www.xbrl.org/2003/arcrole/concept-label" order="1" />
    <link:labelArc xlink:type="arc" xlink:from="jpfr-asr-E02778-000_TelecommunicationsServiceLinesNetPPE" xlink:to="jpfr-asr-E02778-000_TelecommunicationsServiceLinesNetPPE_label" xlink:arcrole="http://www.xbrl.org/2003/arcrole/concept-label" order="1" />
    <link:labelArc xlink:type="arc" xlink:from="jpfr-asr-E02778-000_ContributionForConstructionNOI" xlink:to="jpfr-asr-E02778-000_ContributionForConstructionNOI_label" xlink:arcrole="http://www.xbrl.org/2003/arcrole/concept-label" order="1" />
    <link:labelArc xlink:type="arc" xlink:from="jpfr-asr-E02778-000_IncreaseInAccumulatedDeficitDueToAdoptionOfANewAccountingStandardForAccountingPoliciesAtForeignSubsidiariesRE" xlink:to="jpfr-asr-E02778-000_IncreaseInAccumulatedDeficitDueToAdoptionOfANewAccountingStandardForAccountingPoliciesAtForeignSubsidiariesRE_label_2" xlink:arcrole="http://www.xbrl.org/2003/arcrole/concept-label" order="1" />
    <link:labelArc xlink:type="arc" xlink:from="jpfr-asr-E02778-000_ProceedsFromSaleAndLeaseBackOfEquipmentNewlyAcquiredFinCF" xlink:to="jpfr-asr-E02778-000_ProceedsFromSaleAndLeaseBackOfEquipmentNewlyAcquiredFinCF_label_1" xlink:arcrole="http://www.xbrl.org/2003/arcrole/concept-label" order="1" />
    <link:labelArc xlink:type="arc" xlink:from="jpfr-asr-E02778-000_IncreaseInAccumulatedDeficitDueToAdoptionOfNewAccountingStandardsAtASubsidiaryInTheUSSE" xlink:to="jpfr-asr-E02778-000_IncreaseInAccumulatedDeficitDueToAdoptionOfNewAccountingStandardsAtASubsidiaryInTheUSSE_label" xlink:arcrole="http://www.xbrl.org/2003/arcrole/concept-label" order="1" />
    <link:labelArc xlink:type="arc" xlink:from="jpfr-asr-E02778-000_TotalChangesOfItemsDuringThePeriodCashReceiptsForNewStockSubscriptions" xlink:to="jpfr-asr-E02778-000_TotalChangesOfItemsDuringThePeriodCashReceiptsForNewStockSubscriptions_label_1" xlink:arcrole="http://www.xbrl.org/2003/arcrole/concept-label" order="1" />
    <link:labelArc xlink:type="arc" xlink:from="jpfr-asr-E02778-000_LossOnAdditionalEntrustmentForDebtAssumptionEL" xlink:to="jpfr-asr-E02778-000_LossOnAdditionalEntrustmentForDebtAssumptionEL_label" xlink:arcrole="http://www.xbrl.org/2003/arcrole/concept-label" order="1" />
    <link:labelArc xlink:type="arc" xlink:from="jpfr-asr-E02778-000_LossOnAdditionalEntrustmentForDebtAssumptionEL" xlink:to="jpfr-asr-E02778-000_LossOnAdditionalEntrustmentForDebtAssumptionEL_label_1" xlink:arcrole="http://www.xbrl.org/2003/arcrole/concept-label" order="1" />
    <link:labelArc xlink:type="arc" xlink:from="jpfr-asr-E02778-000_InterestOnLoansToSubsidiariesSonAffiliatesNOI" xlink:to="jpfr-asr-E02778-000_InterestOnLoansToSubsidiariesSonAffiliatesNOI_label" xlink:arcrole="http://www.xbrl.org/2003/arcrole/concept-label" order="1" />
    <link:labelArc xlink:type="arc" xlink:from="jpfr-asr-E02778-000_IncreaseInAccumulatedDeficitDueToAdoptionOfNewAccountingStandardsAtASubsidiaryInTheUSNA" xlink:to="jpfr-asr-E02778-000_IncreaseInAccumulatedDeficitDueToAdoptionOfNewAccountingStandardsAtASubsidiaryInTheUSNA_label" xlink:arcrole="http://www.xbrl.org/2003/arcrole/concept-label" order="1" />
    <link:labelArc xlink:type="arc" xlink:from="jpfr-asr-E02778-000_IncreaseInAccumulatedDeficitDueToAdoptionOfANewAccountingStandardForAccountingPoliciesAtForeignSubsidiariesNA" xlink:to="jpfr-asr-E02778-000_IncreaseInAccumulatedDeficitDueToAdoptionOfANewAccountingStandardForAccountingPoliciesAtForeignSubsidiariesNA_label" xlink:arcrole="http://www.xbrl.org/2003/arcrole/concept-label" order="1" />
    <link:labelArc xlink:type="arc" xlink:from="jpfr-asr-E02778-000_IssuanceOfNewSharesExerciseOfSubscriptionRightsToSharesCashReceiptsForNewStockSubscriptions" xlink:to="jpfr-asr-E02778-000_IssuanceOfNewSharesExerciseOfSubscriptionRightsToSharesCashReceiptsForNewStockSubscriptions_label" xlink:arcrole="http://www.xbrl.org/2003/arcrole/concept-label" order="1" />
    <link:labelArc xlink:type="arc" xlink:from="jpfr-asr-E02778-000_TotalChangesOfItemsDuringThePeriodCashReceiptsForNewStockSubscriptions" xlink:to="jpfr-asr-E02778-000_TotalChangesOfItemsDuringThePeriodCashReceiptsForNewStockSubscriptions_label_2" xlink:arcrole="http://www.xbrl.org/2003/arcrole/concept-label" order="1" />
    <link:labelArc xlink:type="arc" xlink:from="jpfr-asr-E02778-000_LossOnDisposalOfSuppliesEL" xlink:to="jpfr-asr-E02778-000_LossOnDisposalOfSuppliesEL_label_1" xlink:arcrole="http://www.xbrl.org/2003/arcrole/concept-label" order="1" />
    <link:labelArc xlink:type="arc" xlink:from="jpfr-asr-E02778-000_InterestExpensesFromSubsidiariesAndAffiliatesNOE" xlink:to="jpfr-asr-E02778-000_InterestExpensesFromSubsidiariesAndAffiliatesNOE_label_1" xlink:arcrole="http://www.xbrl.org/2003/arcrole/concept-label" order="1" />
    <link:labelArc xlink:type="arc" xlink:from="jpfr-asr-E02778-000_UnrealizedLossGainOnValuationOfInvestmentAndLossGainOnSalesOfInvestmentAtSubsidiariesInTheUSNetEL" xlink:to="jpfr-asr-E02778-000_UnrealizedLossGainOnValuationOfInvestmentAndLossGainOnSalesOfInvestmentAtSubsidiariesInTheUSNetEL_label_2" xlink:arcrole="http://www.xbrl.org/2003/arcrole/concept-label" order="1" />
    <link:labelArc xlink:type="arc" xlink:from="jpfr-asr-E02778-000_IncreaseInAccumulatedDeficitDueToAdoptionOfNewAccountingStandardsAtASubsidiaryInTheUSSE" xlink:to="jpfr-asr-E02778-000_IncreaseInAccumulatedDeficitDueToAdoptionOfNewAccountingStandardsAtASubsidiaryInTheUSSE_label_1" xlink:arcrole="http://www.xbrl.org/2003/arcrole/concept-label" order="1" />
    <link:labelArc xlink:type="arc" xlink:from="jpfr-asr-E02778-000_TelecommunicationsEquipmentNetPPE" xlink:to="jpfr-asr-E02778-000_TelecommunicationsEquipmentNetPPE_label_1" xlink:arcrole="http://www.xbrl.org/2003/arcrole/concept-label" order="1" />
    <link:labelArc xlink:type="arc" xlink:from="jpfr-asr-E02778-000_ChangesOfItemsDuringThePeriodCashReceiptsForNewStockSubscriptionsAbstract" xlink:to="jpfr-asr-E02778-000_ChangesOfItemsDuringThePeriodCashReceiptsForNewStockSubscriptionsAbstract_label" xlink:arcrole="http://www.xbrl.org/2003/arcrole/concept-label" order="1" />
    <link:labelArc xlink:type="arc" xlink:from="jpfr-asr-E02778-000_IncreaseInAccumulatedDeficitDueToAdoptionOfANewAccountingStandardForAccountingPoliciesAtForeignSubsidiariesNA" xlink:to="jpfr-asr-E02778-000_IncreaseInAccumulatedDeficitDueToAdoptionOfANewAccountingStandardForAccountingPoliciesAtForeignSubsidiariesNA_label_1" xlink:arcrole="http://www.xbrl.org/2003/arcrole/concept-label" order="1" />
    <link:labelArc xlink:type="arc" xlink:from="jpfr-asr-E02778-000_TelecommunicationsServiceLinesNetPPE" xlink:to="jpfr-asr-E02778-000_TelecommunicationsServiceLinesNetPPE_label_1" xlink:arcrole="http://www.xbrl.org/2003/arcrole/concept-label" order="1" />
    <link:labelArc xlink:type="arc" xlink:from="jpfr-asr-E02778-000_UnrealizedGainLossOnValuationOfInvestmentAndGainLossOnSalesOfInvestmentAtSubsidiariesInTheUSNetEI" xlink:to="jpfr-asr-E02778-000_UnrealizedGainLossOnValuationOfInvestmentAndGainLossOnSalesOfInvestmentAtSubsidiariesInTheUSNetEI_label_1" xlink:arcrole="http://www.xbrl.org/2003/arcrole/concept-label" order="1" />
    <link:labelArc xlink:type="arc" xlink:from="jpfr-asr-E02778-000_ChangesOfItemsDuringThePeriodCashReceiptsForNewStockSubscriptionsAbstract" xlink:to="jpfr-asr-E02778-000_ChangesOfItemsDuringThePeriodCashReceiptsForNewStockSubscriptionsAbstract_label_1" xlink:arcrole="http://www.xbrl.org/2003/arcrole/concept-label" order="1" />
    <link:labelArc xlink:type="arc" xlink:from="jpfr-asr-E02778-000_ChangesOfItemsDuringThePeriodCashReceiptsForNewStockSubscriptionsAbstract" xlink:to="jpfr-asr-E02778-000_ChangesOfItemsDuringThePeriodCashReceiptsForNewStockSubscriptionsAbstract_label_2" xlink:arcrole="http://www.xbrl.org/2003/arcrole/concept-label" order="1" />
    <link:labelArc xlink:type="arc" xlink:from="jpfr-asr-E02778-000_IncreaseInAccumulatedDeficitDueToAdoptionOfNewAccountingStandardsAtASubsidiaryInTheUSRE" xlink:to="jpfr-asr-E02778-000_IncreaseInAccumulatedDeficitDueToAdoptionOfNewAccountingStandardsAtASubsidiaryInTheUSRE_label_2" xlink:arcrole="http://www.xbrl.org/2003/arcrole/concept-label" order="1" />
    <link:labelArc xlink:type="arc" xlink:from="jpfr-asr-E02778-000_IncreaseInAccumulatedDeficitDueToAdoptionOfANewAccountingStandardForAccountingPoliciesAtForeignSubsidiariesNA" xlink:to="jpfr-asr-E02778-000_IncreaseInAccumulatedDeficitDueToAdoptionOfANewAccountingStandardForAccountingPoliciesAtForeignSubsidiariesNA_label_2" xlink:arcrole="http://www.xbrl.org/2003/arcrole/concept-label" order="1" />
    <link:labelArc xlink:type="arc" xlink:from="jpfr-asr-E02778-000_UnrealizedLossGainOnValuationOfInvestmentAndLossGainOnSalesOfInvestmentAtSubsidiariesInTheUSNetOpeCF" xlink:to="jpfr-asr-E02778-000_UnrealizedLossGainOnValuationOfInvestmentAndLossGainOnSalesOfInvestmentAtSubsidiariesInTheUSNetOpeCF_label_1" xlink:arcrole="http://www.xbrl.org/2003/arcrole/concept-label" order="1" />
    <link:labelArc xlink:type="arc" xlink:from="jpfr-asr-E02778-000_UnrealizedLossGainOnValuationOfInvestmentAndLossGainOnSalesOfInvestmentAtSubsidiariesInTheUSNetOpeCF" xlink:to="jpfr-asr-E02778-000_UnrealizedLossGainOnValuationOfInvestmentAndLossGainOnSalesOfInvestmentAtSubsidiariesInTheUSNetOpeCF_label_2" xlink:arcrole="http://www.xbrl.org/2003/arcrole/concept-label" order="1" />
    <link:labelArc xlink:type="arc" xlink:from="jpfr-asr-E02778-000_IncreaseInAccumulatedDeficitDueToAdoptionOfANewAccountingStandardForAccountingPoliciesAtForeignSubsidiariesSE" xlink:to="jpfr-asr-E02778-000_IncreaseInAccumulatedDeficitDueToAdoptionOfANewAccountingStandardForAccountingPoliciesAtForeignSubsidiariesSE_label_1" xlink:arcrole="http://www.xbrl.org/2003/arcrole/concept-label" order="1" />
    <link:labelArc xlink:type="arc" xlink:from="jpfr-asr-E02778-000_DividendsFromSubsidiariesAndAffiliatesNOI" xlink:to="jpfr-asr-E02778-000_DividendsFromSubsidiariesAndAffiliatesNOI_label" xlink:arcrole="http://www.xbrl.org/2003/arcrole/concept-label" order="1" />
    <link:labelArc xlink:type="arc" xlink:from="jpfr-asr-E02778-000_InterestOnLoansToSubsidiariesSonAffiliatesNOI" xlink:to="jpfr-asr-E02778-000_InterestOnLoansToSubsidiariesSonAffiliatesNOI_label_1" xlink:arcrole="http://www.xbrl.org/2003/arcrole/concept-label" order="1" />
    <link:labelArc xlink:type="arc" xlink:from="jpfr-asr-E02778-000_IncreaseInAccumulatedDeficitDueToAdoptionOfANewAccountingStandardForAccountingPoliciesAtForeignSubsidiariesSE" xlink:to="jpfr-asr-E02778-000_IncreaseInAccumulatedDeficitDueToAdoptionOfANewAccountingStandardForAccountingPoliciesAtForeignSubsidiariesSE_label_2" xlink:arcrole="http://www.xbrl.org/2003/arcrole/concept-label" order="1" />
    <link:labelArc xlink:type="arc" xlink:from="jpfr-asr-E02778-000_TelecommunicationsServiceLinesNetPPE" xlink:to="jpfr-asr-E02778-000_TelecommunicationsServiceLinesNetPPE_label_2" xlink:arcrole="http://www.xbrl.org/2003/arcrole/concept-label" order="1" />
    <link:labelArc xlink:type="arc" xlink:from="jpfr-asr-E02778-000_IncreaseInAccumulatedDeficitDueToAdoptionOfNewAccountingStandardsAtASubsidiaryInTheUSNA" xlink:to="jpfr-asr-E02778-000_IncreaseInAccumulatedDeficitDueToAdoptionOfNewAccountingStandardsAtASubsidiaryInTheUSNA_label_1" xlink:arcrole="http://www.xbrl.org/2003/arcrole/concept-label" order="1" />
    <link:labelArc xlink:type="arc" xlink:from="jpfr-asr-E02778-000_InterestExpensesFromSubsidiariesAndAffiliatesNOE" xlink:to="jpfr-asr-E02778-000_InterestExpensesFromSubsidiariesAndAffiliatesNOE_label_2" xlink:arcrole="http://www.xbrl.org/2003/arcrole/concept-label" order="1" />
    <link:labelArc xlink:type="arc" xlink:from="jpfr-asr-E02778-000_IssuanceOfNewSharesExerciseOfSubscriptionRightsToSharesCashReceiptsForNewStockSubscriptions" xlink:to="jpfr-asr-E02778-000_IssuanceOfNewSharesExerciseOfSubscriptionRightsToSharesCashReceiptsForNewStockSubscriptions_label_1" xlink:arcrole="http://www.xbrl.org/2003/arcrole/concept-label" order="1" />
    <link:labelArc xlink:type="arc" xlink:from="jpfr-asr-E02778-000_IssuanceOfNewSharesExerciseOfSubscriptionRightsToSharesCashReceiptsForNewStockSubscriptions" xlink:to="jpfr-asr-E02778-000_IssuanceOfNewSharesExerciseOfSubscriptionRightsToSharesCashReceiptsForNewStockSubscriptions_label_2" xlink:arcrole="http://www.xbrl.org/2003/arcrole/concept-label" order="1" />
    <link:labelArc xlink:type="arc" xlink:from="jpfr-asr-E02778-000_CashReceiptsForNewStockSubscriptionsSSAbstract" xlink:to="jpfr-asr-E02778-000_CashReceiptsForNewStockSubscriptionsSSAbstract_label_1" xlink:arcrole="http://www.xbrl.org/2003/arcrole/concept-label" order="1" />
    <link:labelArc xlink:type="arc" xlink:from="jpfr-asr-E02778-000_ProceedsFromSaleAndLeaseBackOfEquipmentNewlyAcquiredFinCF" xlink:to="jpfr-asr-E02778-000_ProceedsFromSaleAndLeaseBackOfEquipmentNewlyAcquiredFinCF_label_2" xlink:arcrole="http://www.xbrl.org/2003/arcrole/concept-label" order="1" />
    <link:labelArc xlink:type="arc" xlink:from="jpfr-asr-E02778-000_CashReceiptsForNewStockSubscriptionsSSAbstract" xlink:to="jpfr-asr-E02778-000_CashReceiptsForNewStockSubscriptionsSSAbstract_label_2" xlink:arcrole="http://www.xbrl.org/2003/arcrole/concept-label" order="1" />
    <link:labelArc xlink:type="arc" xlink:from="jpfr-asr-E02778-000_DividendsFromSubsidiariesAndAffiliatesNOI" xlink:to="jpfr-asr-E02778-000_DividendsFromSubsidiariesAndAffiliatesNOI_label_1" xlink:arcrole="http://www.xbrl.org/2003/arcrole/concept-label" order="1" />
    <link:labelArc xlink:type="arc" xlink:from="jpfr-asr-E02778-000_IncreaseInAccumulatedDeficitDueToAdoptionOfNewAccountingStandardsAtASubsidiaryInTheUSSE" xlink:to="jpfr-asr-E02778-000_IncreaseInAccumulatedDeficitDueToAdoptionOfNewAccountingStandardsAtASubsidiaryInTheUSSE_label_2" xlink:arcrole="http://www.xbrl.org/2003/arcrole/concept-label" order="1" />
    <link:labelArc xlink:type="arc" xlink:from="jpfr-asr-E02778-000_ContributionForConstructionNOI" xlink:to="jpfr-asr-E02778-000_ContributionForConstructionNOI_label_1" xlink:arcrole="http://www.xbrl.org/2003/arcrole/concept-label" order="1" />
    <link:labelArc xlink:type="arc" xlink:from="jpfr-asr-E02778-000_UnrealizedGainLossOnValuationOfInvestmentAndGainLossOnSalesOfInvestmentAtSubsidiariesInTheUSNetEI" xlink:to="jpfr-asr-E02778-000_UnrealizedGainLossOnValuationOfInvestmentAndGainLossOnSalesOfInvestmentAtSubsidiariesInTheUSNetEI_label_2" xlink:arcrole="http://www.xbrl.org/2003/arcrole/concept-label" order="1" />
    <link:labelArc xlink:type="arc" xlink:from="jpfr-asr-E02778-000_LossOnDisposalOfSuppliesEL" xlink:to="jpfr-asr-E02778-000_LossOnDisposalOfSuppliesEL_label_2" xlink:arcrole="http://www.xbrl.org/2003/arcrole/concept-label" order="1" />
    <link:labelArc xlink:type="arc" xlink:from="jpfr-asr-E02778-000_DividendsFromSubsidiariesAndAffiliatesNOI" xlink:to="jpfr-asr-E02778-000_DividendsFromSubsidiariesAndAffiliatesNOI_label_2" xlink:arcrole="http://www.xbrl.org/2003/arcrole/concept-label" order="1" />
    <link:labelArc xlink:type="arc" xlink:from="jpfr-asr-E02778-000_ContributionForConstructionNOI" xlink:to="jpfr-asr-E02778-000_ContributionForConstructionNOI_label_2" xlink:arcrole="http://www.xbrl.org/2003/arcrole/concept-label" order="1" />
    <link:labelArc xlink:type="arc" xlink:from="jpfr-asr-E02778-000_IncreaseInAccumulatedDeficitDueToAdoptionOfNewAccountingStandardsAtASubsidiaryInTheUSNA" xlink:to="jpfr-asr-E02778-000_IncreaseInAccumulatedDeficitDueToAdoptionOfNewAccountingStandardsAtASubsidiaryInTheUSNA_label_2" xlink:arcrole="http://www.xbrl.org/2003/arcrole/concept-label" order="1" />
    <link:labelArc xlink:type="arc" xlink:from="jpfr-asr-E02778-000_InterestOnLoansToSubsidiariesSonAffiliatesNOI" xlink:to="jpfr-asr-E02778-000_InterestOnLoansToSubsidiariesSonAffiliatesNOI_label_2" xlink:arcrole="http://www.xbrl.org/2003/arcrole/concept-label" order="1" />
    <link:labelArc xlink:type="arc" xlink:from="jpfr-asr-E02778-000_LossOnAdditionalEntrustmentForDebtAssumptionEL" xlink:to="jpfr-asr-E02778-000_LossOnAdditionalEntrustmentForDebtAssumptionEL_label_2" xlink:arcrole="http://www.xbrl.org/2003/arcrole/concept-label" order="1" />
    <link:labelArc xlink:type="arc" xlink:from="jpfr-asr-E02778-000_TotalChangesOfItemsDuringThePeriodCashReceiptsForNewStockSubscriptions" xlink:to="jpfr-asr-E02778-000_TotalChangesOfItemsDuringThePeriodCashReceiptsForNewStockSubscriptions_label_3" xlink:arcrole="http://www.xbrl.org/2003/arcrole/concept-label" order="1" />
    <link:labelArc xlink:type="arc" xlink:from="jpfr-asr-E02778-000_TelecommunicationsEquipmentNetPPE" xlink:to="jpfr-asr-E02778-000_TelecommunicationsEquipmentNetPPE_label_2" xlink:arcrole="http://www.xbrl.org/2003/arcrole/concept-label" order="1" />
  </link:labelLink>
</link:linkbase>