﻿<?xml version="1.0" encoding="utf-8"?>
<!-- Edited with XiRUTE .NET Library 01-04 -->
<link:linkbase xmlns:xlink="http://www.w3.org/1999/xlink" xmlns:xsi="http://www.w3.org/2001/XMLSchema-instance" xmlns:link="http://www.xbrl.org/2003/linkbase">
  <link:roleRef xlink:type="simple" xlink:href="http://info.edinet-fsa.go.jp/jp/fr/gaap/o/rt/2009-03-09/jpfr-rt-2009-03-09.xsd#RoleBalanceSheets" roleURI="http://info.edinet-fsa.go.jp/jp/fr/gaap/role/BalanceSheets" />
  <link:roleRef xlink:type="simple" xlink:href="http://info.edinet-fsa.go.jp/jp/fr/gaap/o/rt/2009-03-09/jpfr-rt-2009-03-09.xsd#RoleGrossNet" roleURI="http://info.edinet-fsa.go.jp/jp/fr/gaap/role/Gross-Net" />
  <link:roleRef xlink:type="simple" xlink:href="http://info.edinet-fsa.go.jp/jp/fr/gaap/o/rt/2009-03-09/jpfr-rt-2009-03-09.xsd#RoleStatementsOfCashFlows" roleURI="http://info.edinet-fsa.go.jp/jp/fr/gaap/role/StatementsOfCashFlows" />
  <link:roleRef xlink:type="simple" xlink:href="http://info.edinet-fsa.go.jp/jp/fr/gaap/o/rt/2009-03-09/jpfr-rt-2009-03-09.xsd#RoleStatementsOfChangesInNetAssets" roleURI="http://info.edinet-fsa.go.jp/jp/fr/gaap/role/StatementsOfChangesInNetAssets" />
  <link:roleRef xlink:type="simple" xlink:href="http://info.edinet-fsa.go.jp/jp/fr/gaap/o/rt/2009-03-09/jpfr-rt-2009-03-09.xsd#RoleStatementsOfIncome" roleURI="http://info.edinet-fsa.go.jp/jp/fr/gaap/role/StatementsOfIncome" />
  <link:arcroleRef xlink:type="simple" xlink:href="http://info.edinet-fsa.go.jp/jp/fr/gaap/o/rt/2009-03-09/jpfr-rt-2009-03-09.xsd#ArcroleGrossNet" arcroleURI="http://info.edinet-fsa.go.jp/jp/fr/gaap/arcrole/Gross-Net" />
  <link:definitionLink xlink:type="extended" xlink:role="http://info.edinet-fsa.go.jp/jp/fr/gaap/role/BalanceSheets">
    <link:loc xlink:type="locator" xlink:href="http://info.edinet-fsa.go.jp/jp/fr/gaap/t/cte/2009-03-09/jpfr-t-cte-2009-03-09.xsd#jpfr-t-cte_PropertyPlantAndEquipmentAbstract" xlink:label="jpfr-t-cte_PropertyPlantAndEquipmentAbstract" />
    <link:loc xlink:type="locator" xlink:href="jpfr-asr-E02778-000-2009-03-31-01-2009-06-24.xsd#jpfr-asr-E02778-000_TelecommunicationsEquipmentNetPPE" xlink:label="jpfr-asr-E02778-000_TelecommunicationsEquipmentNetPPE" />
    <link:loc xlink:type="locator" xlink:href="jpfr-asr-E02778-000-2009-03-31-01-2009-06-24.xsd#jpfr-asr-E02778-000_TelecommunicationsServiceLinesNetPPE" xlink:label="jpfr-asr-E02778-000_TelecommunicationsServiceLinesNetPPE" />
    <link:definitionArc xlink:type="arc" xlink:from="jpfr-t-cte_PropertyPlantAndEquipmentAbstract" xlink:to="jpfr-asr-E02778-000_TelecommunicationsEquipmentNetPPE" xlink:arcrole="http://www.xbrl.org/2003/arcrole/general-special" order="0.5" />
    <link:definitionArc xlink:type="arc" xlink:from="jpfr-t-cte_PropertyPlantAndEquipmentAbstract" xlink:to="jpfr-asr-E02778-000_TelecommunicationsServiceLinesNetPPE" xlink:arcrole="http://www.xbrl.org/2003/arcrole/general-special" order="0.75" />
  </link:definitionLink>
  <link:definitionLink xlink:type="extended" xlink:role="http://info.edinet-fsa.go.jp/jp/fr/gaap/role/Gross-Net">
    <link:loc xlink:type="locator" xlink:href="http://info.edinet-fsa.go.jp/jp/fr/gaap/t/cte/2009-03-09/jpfr-t-cte-2009-03-09.xsd#jpfr-t-cte_PropertyPlantAndEquipmentAbstract" xlink:label="jpfr-t-cte_PropertyPlantAndEquipmentAbstract" />
    <link:loc xlink:type="locator" xlink:href="jpfr-asr-E02778-000-2009-03-31-01-2009-06-24.xsd#jpfr-asr-E02778-000_TelecommunicationsEquipmentNetPPE" xlink:label="jpfr-asr-E02778-000_TelecommunicationsEquipmentNetPPE" />
    <link:loc xlink:type="locator" xlink:href="jpfr-asr-E02778-000-2009-03-31-01-2009-06-24.xsd#jpfr-asr-E02778-000_TelecommunicationsServiceLinesNetPPE" xlink:label="jpfr-asr-E02778-000_TelecommunicationsServiceLinesNetPPE" />
    <link:definitionArc xlink:type="arc" xlink:from="jpfr-t-cte_PropertyPlantAndEquipmentAbstract" xlink:to="jpfr-asr-E02778-000_TelecommunicationsEquipmentNetPPE" xlink:arcrole="http://info.edinet-fsa.go.jp/jp/fr/gaap/arcrole/Gross-Net" order="1" />
    <link:definitionArc xlink:type="arc" xlink:from="jpfr-t-cte_PropertyPlantAndEquipmentAbstract" xlink:to="jpfr-asr-E02778-000_TelecommunicationsServiceLinesNetPPE" xlink:arcrole="http://info.edinet-fsa.go.jp/jp/fr/gaap/arcrole/Gross-Net" order="2" />
  </link:definitionLink>
  <link:definitionLink xlink:type="extended" xlink:role="http://info.edinet-fsa.go.jp/jp/fr/gaap/role/StatementsOfCashFlows">
    <link:loc xlink:type="locator" xlink:href="jpfr-asr-E02778-000-2009-03-31-01-2009-06-24.xsd#jpfr-asr-E02778-000_UnrealizedLossGainOnValuationOfInvestmentAndLossGainOnSalesOfInvestmentAtSubsidiariesInTheUSNetOpeCF" xlink:label="jpfr-asr-E02778-000_UnrealizedLossGainOnValuationOfInvestmentAndLossGainOnSalesOfInvestmentAtSubsidiariesInTheUSNetOpeCF" />
    <link:loc xlink:type="locator" xlink:href="http://info.edinet-fsa.go.jp/jp/fr/gaap/t/cte/2009-03-09/jpfr-t-cte-2009-03-09.xsd#jpfr-t-cte_NetCashProvidedByUsedInOperatingActivitiesAbstract" xlink:label="jpfr-t-cte_NetCashProvidedByUsedInOperatingActivitiesAbstract" />
    <link:loc xlink:type="locator" xlink:href="jpfr-asr-E02778-000-2009-03-31-01-2009-06-24.xsd#jpfr-asr-E02778-000_ProceedsFromSaleAndLeaseBackOfEquipmentNewlyAcquiredFinCF" xlink:label="jpfr-asr-E02778-000_ProceedsFromSaleAndLeaseBackOfEquipmentNewlyAcquiredFinCF" />
    <link:loc xlink:type="locator" xlink:href="http://info.edinet-fsa.go.jp/jp/fr/gaap/t/cte/2009-03-09/jpfr-t-cte-2009-03-09.xsd#jpfr-t-cte_NetCashProvidedByUsedInFinancingActivitiesAbstract" xlink:label="jpfr-t-cte_NetCashProvidedByUsedInFinancingActivitiesAbstract" />
    <link:definitionArc xlink:type="arc" xlink:from="jpfr-t-cte_NetCashProvidedByUsedInFinancingActivitiesAbstract" xlink:to="jpfr-asr-E02778-000_ProceedsFromSaleAndLeaseBackOfEquipmentNewlyAcquiredFinCF" xlink:arcrole="http://www.xbrl.org/2003/arcrole/general-special" order="0.5" />
    <link:definitionArc xlink:type="arc" xlink:from="jpfr-t-cte_NetCashProvidedByUsedInOperatingActivitiesAbstract" xlink:to="jpfr-asr-E02778-000_UnrealizedLossGainOnValuationOfInvestmentAndLossGainOnSalesOfInvestmentAtSubsidiariesInTheUSNetOpeCF" xlink:arcrole="http://www.xbrl.org/2003/arcrole/general-special" order="0.5" />
  </link:definitionLink>
  <link:definitionLink xlink:type="extended" xlink:role="http://info.edinet-fsa.go.jp/jp/fr/gaap/role/StatementsOfIncome">
    <link:loc xlink:type="locator" xlink:href="http://info.edinet-fsa.go.jp/jp/fr/gaap/t/cte/2009-03-09/jpfr-t-cte-2009-03-09.xsd#jpfr-t-cte_ExtraordinaryIncomeAbstract" xlink:label="jpfr-t-cte_ExtraordinaryIncomeAbstract" />
    <link:loc xlink:type="locator" xlink:href="jpfr-asr-E02778-000-2009-03-31-01-2009-06-24.xsd#jpfr-asr-E02778-000_ContributionForConstructionNOI" xlink:label="jpfr-asr-E02778-000_ContributionForConstructionNOI" />
    <link:loc xlink:type="locator" xlink:href="http://info.edinet-fsa.go.jp/jp/fr/gaap/t/cte/2009-03-09/jpfr-t-cte-2009-03-09.xsd#jpfr-t-cte_ExtraordinaryLossAbstract" xlink:label="jpfr-t-cte_ExtraordinaryLossAbstract" />
    <link:loc xlink:type="locator" xlink:href="jpfr-asr-E02778-000-2009-03-31-01-2009-06-24.xsd#jpfr-asr-E02778-000_LossOnAdditionalEntrustmentForDebtAssumptionEL" xlink:label="jpfr-asr-E02778-000_LossOnAdditionalEntrustmentForDebtAssumptionEL" />
    <link:loc xlink:type="locator" xlink:href="jpfr-asr-E02778-000-2009-03-31-01-2009-06-24.xsd#jpfr-asr-E02778-000_InterestOnLoansToSubsidiariesSonAffiliatesNOI" xlink:label="jpfr-asr-E02778-000_InterestOnLoansToSubsidiariesSonAffiliatesNOI" />
    <link:loc xlink:type="locator" xlink:href="jpfr-asr-E02778-000-2009-03-31-01-2009-06-24.xsd#jpfr-asr-E02778-000_LossOnDisposalOfSuppliesEL" xlink:label="jpfr-asr-E02778-000_LossOnDisposalOfSuppliesEL" />
    <link:loc xlink:type="locator" xlink:href="http://info.edinet-fsa.go.jp/jp/fr/gaap/t/cte/2009-03-09/jpfr-t-cte-2009-03-09.xsd#jpfr-t-cte_NonOperatingExpensesAbstract" xlink:label="jpfr-t-cte_NonOperatingExpensesAbstract" />
    <link:loc xlink:type="locator" xlink:href="jpfr-asr-E02778-000-2009-03-31-01-2009-06-24.xsd#jpfr-asr-E02778-000_UnrealizedLossGainOnValuationOfInvestmentAndLossGainOnSalesOfInvestmentAtSubsidiariesInTheUSNetEL" xlink:label="jpfr-asr-E02778-000_UnrealizedLossGainOnValuationOfInvestmentAndLossGainOnSalesOfInvestmentAtSubsidiariesInTheUSNetEL" />
    <link:loc xlink:type="locator" xlink:href="jpfr-asr-E02778-000-2009-03-31-01-2009-06-24.xsd#jpfr-asr-E02778-000_UnrealizedGainLossOnValuationOfInvestmentAndGainLossOnSalesOfInvestmentAtSubsidiariesInTheUSNetEI" xlink:label="jpfr-asr-E02778-000_UnrealizedGainLossOnValuationOfInvestmentAndGainLossOnSalesOfInvestmentAtSubsidiariesInTheUSNetEI" />
    <link:loc xlink:type="locator" xlink:href="http://info.edinet-fsa.go.jp/jp/fr/gaap/t/cte/2009-03-09/jpfr-t-cte-2009-03-09.xsd#jpfr-t-cte_NonOperatingIncomeAbstract" xlink:label="jpfr-t-cte_NonOperatingIncomeAbstract" />
    <link:loc xlink:type="locator" xlink:href="jpfr-asr-E02778-000-2009-03-31-01-2009-06-24.xsd#jpfr-asr-E02778-000_InterestExpensesFromSubsidiariesAndAffiliatesNOE" xlink:label="jpfr-asr-E02778-000_InterestExpensesFromSubsidiariesAndAffiliatesNOE" />
    <link:loc xlink:type="locator" xlink:href="jpfr-asr-E02778-000-2009-03-31-01-2009-06-24.xsd#jpfr-asr-E02778-000_DividendsFromSubsidiariesAndAffiliatesNOI" xlink:label="jpfr-asr-E02778-000_DividendsFromSubsidiariesAndAffiliatesNOI" />
    <link:definitionArc xlink:type="arc" xlink:from="jpfr-t-cte_ExtraordinaryLossAbstract" xlink:to="jpfr-asr-E02778-000_LossOnAdditionalEntrustmentForDebtAssumptionEL" xlink:arcrole="http://www.xbrl.org/2003/arcrole/general-special" order="0.875" />
    <link:definitionArc xlink:type="arc" xlink:from="jpfr-t-cte_NonOperatingIncomeAbstract" xlink:to="jpfr-asr-E02778-000_DividendsFromSubsidiariesAndAffiliatesNOI" xlink:arcrole="http://www.xbrl.org/2003/arcrole/general-special" order="0.875" />
    <link:definitionArc xlink:type="arc" xlink:from="jpfr-t-cte_ExtraordinaryIncomeAbstract" xlink:to="jpfr-asr-E02778-000_UnrealizedGainLossOnValuationOfInvestmentAndGainLossOnSalesOfInvestmentAtSubsidiariesInTheUSNetEI" xlink:arcrole="http://www.xbrl.org/2003/arcrole/general-special" order="0.5" />
    <link:definitionArc xlink:type="arc" xlink:from="jpfr-t-cte_ExtraordinaryLossAbstract" xlink:to="jpfr-asr-E02778-000_LossOnDisposalOfSuppliesEL" xlink:arcrole="http://www.xbrl.org/2003/arcrole/general-special" order="0.75" />
    <link:definitionArc xlink:type="arc" xlink:from="jpfr-t-cte_NonOperatingIncomeAbstract" xlink:to="jpfr-asr-E02778-000_ContributionForConstructionNOI" xlink:arcrole="http://www.xbrl.org/2003/arcrole/general-special" order="0.5" />
    <link:definitionArc xlink:type="arc" xlink:from="jpfr-t-cte_NonOperatingExpensesAbstract" xlink:to="jpfr-asr-E02778-000_InterestExpensesFromSubsidiariesAndAffiliatesNOE" xlink:arcrole="http://www.xbrl.org/2003/arcrole/general-special" order="0.5" />
    <link:definitionArc xlink:type="arc" xlink:from="jpfr-t-cte_ExtraordinaryLossAbstract" xlink:to="jpfr-asr-E02778-000_UnrealizedLossGainOnValuationOfInvestmentAndLossGainOnSalesOfInvestmentAtSubsidiariesInTheUSNetEL" xlink:arcrole="http://www.xbrl.org/2003/arcrole/general-special" order="0.5" />
    <link:definitionArc xlink:type="arc" xlink:from="jpfr-t-cte_NonOperatingIncomeAbstract" xlink:to="jpfr-asr-E02778-000_InterestOnLoansToSubsidiariesSonAffiliatesNOI" xlink:arcrole="http://www.xbrl.org/2003/arcrole/general-special" order="0.75" />
  </link:definitionLink>
  <link:definitionLink xlink:type="extended" xlink:role="http://info.edinet-fsa.go.jp/jp/fr/gaap/role/StatementsOfChangesInNetAssets">
    <link:loc xlink:type="locator" xlink:href="jpfr-asr-E02778-000-2009-03-31-01-2009-06-24.xsd#jpfr-asr-E02778-000_IncreaseInAccumulatedDeficitDueToAdoptionOfNewAccountingStandardsAtASubsidiaryInTheUSNA" xlink:label="jpfr-asr-E02778-000_IncreaseInAccumulatedDeficitDueToAdoptionOfNewAccountingStandardsAtASubsidiaryInTheUSNA" />
    <link:loc xlink:type="locator" xlink:href="http://info.edinet-fsa.go.jp/jp/fr/gaap/t/cte/2009-03-09/jpfr-t-cte-2009-03-09.xsd#jpfr-t-cte_NetAssetsSSAbstract" xlink:label="jpfr-t-cte_NetAssetsSSAbstract" />
    <link:loc xlink:type="locator" xlink:href="jpfr-asr-E02778-000-2009-03-31-01-2009-06-24.xsd#jpfr-asr-E02778-000_IncreaseInAccumulatedDeficitDueToAdoptionOfNewAccountingStandardsAtASubsidiaryInTheUSSE" xlink:label="jpfr-asr-E02778-000_IncreaseInAccumulatedDeficitDueToAdoptionOfNewAccountingStandardsAtASubsidiaryInTheUSSE" />
    <link:loc xlink:type="locator" xlink:href="http://info.edinet-fsa.go.jp/jp/fr/gaap/t/cte/2009-03-09/jpfr-t-cte-2009-03-09.xsd#jpfr-t-cte_ChangesOfItemsDuringThePeriodSEAbstract" xlink:label="jpfr-t-cte_ChangesOfItemsDuringThePeriodSEAbstract" />
    <link:loc xlink:type="locator" xlink:href="http://info.edinet-fsa.go.jp/jp/fr/gaap/t/cte/2009-03-09/jpfr-t-cte-2009-03-09.xsd#jpfr-t-cte_RetainedEarningsSSAbstract" xlink:label="jpfr-t-cte_RetainedEarningsSSAbstract" />
    <link:loc xlink:type="locator" xlink:href="jpfr-asr-E02778-000-2009-03-31-01-2009-06-24.xsd#jpfr-asr-E02778-000_IncreaseInAccumulatedDeficitDueToAdoptionOfNewAccountingStandardsAtASubsidiaryInTheUSRE" xlink:label="jpfr-asr-E02778-000_IncreaseInAccumulatedDeficitDueToAdoptionOfNewAccountingStandardsAtASubsidiaryInTheUSRE" />
    <link:loc xlink:type="locator" xlink:href="http://info.edinet-fsa.go.jp/jp/fr/gaap/t/cte/2009-03-09/jpfr-t-cte-2009-03-09.xsd#jpfr-t-cte_ShareholdersEquitySSAbstract" xlink:label="jpfr-t-cte_ShareholdersEquitySSAbstract" />
    <link:loc xlink:type="locator" xlink:href="jpfr-asr-E02778-000-2009-03-31-01-2009-06-24.xsd#jpfr-asr-E02778-000_ChangesOfItemsDuringThePeriodCashReceiptsForNewStockSubscriptionsAbstract" xlink:label="jpfr-asr-E02778-000_ChangesOfItemsDuringThePeriodCashReceiptsForNewStockSubscriptionsAbstract" />
    <link:loc xlink:type="locator" xlink:href="http://info.edinet-fsa.go.jp/jp/fr/gaap/t/cte/2009-03-09/jpfr-t-cte-2009-03-09.xsd#jpfr-t-cte_TotalShareholdersEquitySSAbstract" xlink:label="jpfr-t-cte_TotalShareholdersEquitySSAbstract" />
    <link:loc xlink:type="locator" xlink:href="jpfr-asr-E02778-000-2009-03-31-01-2009-06-24.xsd#jpfr-asr-E02778-000_IssuanceOfNewSharesExerciseOfSubscriptionRightsToSharesCashReceiptsForNewStockSubscriptions" xlink:label="jpfr-asr-E02778-000_IssuanceOfNewSharesExerciseOfSubscriptionRightsToSharesCashReceiptsForNewStockSubscriptions" />
    <link:loc xlink:type="locator" xlink:href="http://info.edinet-fsa.go.jp/jp/fr/gaap/t/cte/2009-03-09/jpfr-t-cte-2009-03-09.xsd#jpfr-t-cte_ChangesOfItemsDuringThePeriodNAAbstract" xlink:label="jpfr-t-cte_ChangesOfItemsDuringThePeriodNAAbstract" />
    <link:loc xlink:type="locator" xlink:href="jpfr-asr-E02778-000-2009-03-31-01-2009-06-24.xsd#jpfr-asr-E02778-000_IncreaseInAccumulatedDeficitDueToAdoptionOfANewAccountingStandardForAccountingPoliciesAtForeignSubsidiariesSE" xlink:label="jpfr-asr-E02778-000_IncreaseInAccumulatedDeficitDueToAdoptionOfANewAccountingStandardForAccountingPoliciesAtForeignSubsidiariesSE" />
    <link:loc xlink:type="locator" xlink:href="jpfr-asr-E02778-000-2009-03-31-01-2009-06-24.xsd#jpfr-asr-E02778-000_TotalChangesOfItemsDuringThePeriodCashReceiptsForNewStockSubscriptions" xlink:label="jpfr-asr-E02778-000_TotalChangesOfItemsDuringThePeriodCashReceiptsForNewStockSubscriptions" />
    <link:loc xlink:type="locator" xlink:href="jpfr-asr-E02778-000-2009-03-31-01-2009-06-24.xsd#jpfr-asr-E02778-000_CashReceiptsForNewStockSubscriptionsSSAbstract" xlink:label="jpfr-asr-E02778-000_CashReceiptsForNewStockSubscriptionsSSAbstract" />
    <link:loc xlink:type="locator" xlink:href="http://info.edinet-fsa.go.jp/jp/fr/gaap/t/cte/2009-03-09/jpfr-t-cte-2009-03-09.xsd#jpfr-t-cte_ChangesOfItemsDuringThePeriodREAbstract" xlink:label="jpfr-t-cte_ChangesOfItemsDuringThePeriodREAbstract" />
    <link:loc xlink:type="locator" xlink:href="jpfr-asr-E02778-000-2009-03-31-01-2009-06-24.xsd#jpfr-asr-E02778-000_IncreaseInAccumulatedDeficitDueToAdoptionOfANewAccountingStandardForAccountingPoliciesAtForeignSubsidiariesRE" xlink:label="jpfr-asr-E02778-000_IncreaseInAccumulatedDeficitDueToAdoptionOfANewAccountingStandardForAccountingPoliciesAtForeignSubsidiariesRE" />
    <link:loc xlink:type="locator" xlink:href="jpfr-asr-E02778-000-2009-03-31-01-2009-06-24.xsd#jpfr-asr-E02778-000_IncreaseInAccumulatedDeficitDueToAdoptionOfANewAccountingStandardForAccountingPoliciesAtForeignSubsidiariesNA" xlink:label="jpfr-asr-E02778-000_IncreaseInAccumulatedDeficitDueToAdoptionOfANewAccountingStandardForAccountingPoliciesAtForeignSubsidiariesNA" />
    <link:definitionArc xlink:type="arc" xlink:from="jpfr-t-cte_RetainedEarningsSSAbstract" xlink:to="jpfr-asr-E02778-000_IncreaseInAccumulatedDeficitDueToAdoptionOfANewAccountingStandardForAccountingPoliciesAtForeignSubsidiariesRE" xlink:arcrole="http://www.xbrl.org/2003/arcrole/general-special" order="0.5" />
    <link:definitionArc xlink:type="arc" xlink:from="jpfr-t-cte_ShareholdersEquitySSAbstract" xlink:to="jpfr-asr-E02778-000_CashReceiptsForNewStockSubscriptionsSSAbstract" xlink:arcrole="http://www.xbrl.org/2003/arcrole/general-special" order="0.5" />
    <link:definitionArc xlink:type="arc" xlink:from="jpfr-asr-E02778-000_CashReceiptsForNewStockSubscriptionsSSAbstract" xlink:to="jpfr-asr-E02778-000_ChangesOfItemsDuringThePeriodCashReceiptsForNewStockSubscriptionsAbstract" xlink:arcrole="http://www.xbrl.org/2003/arcrole/general-special" order="1" />
    <link:definitionArc xlink:type="arc" xlink:from="jpfr-t-cte_TotalShareholdersEquitySSAbstract" xlink:to="jpfr-asr-E02778-000_IncreaseInAccumulatedDeficitDueToAdoptionOfANewAccountingStandardForAccountingPoliciesAtForeignSubsidiariesSE" xlink:arcrole="http://www.xbrl.org/2003/arcrole/general-special" order="0.5" />
    <link:definitionArc xlink:type="arc" xlink:from="jpfr-asr-E02778-000_ChangesOfItemsDuringThePeriodCashReceiptsForNewStockSubscriptionsAbstract" xlink:to="jpfr-asr-E02778-000_IssuanceOfNewSharesExerciseOfSubscriptionRightsToSharesCashReceiptsForNewStockSubscriptions" xlink:arcrole="http://www.xbrl.org/2003/arcrole/general-special" order="1" />
    <link:definitionArc xlink:type="arc" xlink:from="jpfr-t-cte_ChangesOfItemsDuringThePeriodNAAbstract" xlink:to="jpfr-asr-E02778-000_IncreaseInAccumulatedDeficitDueToAdoptionOfNewAccountingStandardsAtASubsidiaryInTheUSNA" xlink:arcrole="http://www.xbrl.org/2003/arcrole/general-special" order="0.5" />
    <link:definitionArc xlink:type="arc" xlink:from="jpfr-asr-E02778-000_ChangesOfItemsDuringThePeriodCashReceiptsForNewStockSubscriptionsAbstract" xlink:to="jpfr-asr-E02778-000_TotalChangesOfItemsDuringThePeriodCashReceiptsForNewStockSubscriptions" xlink:arcrole="http://www.xbrl.org/2003/arcrole/general-special" order="2" />
    <link:definitionArc xlink:type="arc" xlink:from="jpfr-t-cte_ChangesOfItemsDuringThePeriodREAbstract" xlink:to="jpfr-asr-E02778-000_IncreaseInAccumulatedDeficitDueToAdoptionOfNewAccountingStandardsAtASubsidiaryInTheUSRE" xlink:arcrole="http://www.xbrl.org/2003/arcrole/general-special" order="0.5" />
    <link:definitionArc xlink:type="arc" xlink:from="jpfr-t-cte_NetAssetsSSAbstract" xlink:to="jpfr-asr-E02778-000_IncreaseInAccumulatedDeficitDueToAdoptionOfANewAccountingStandardForAccountingPoliciesAtForeignSubsidiariesNA" xlink:arcrole="http://www.xbrl.org/2003/arcrole/general-special" order="0.5" />
    <link:definitionArc xlink:type="arc" xlink:from="jpfr-t-cte_ChangesOfItemsDuringThePeriodSEAbstract" xlink:to="jpfr-asr-E02778-000_IncreaseInAccumulatedDeficitDueToAdoptionOfNewAccountingStandardsAtASubsidiaryInTheUSSE" xlink:arcrole="http://www.xbrl.org/2003/arcrole/general-special" order="0.5" />
  </link:definitionLink>
</link:linkbase>