﻿<?xml version="1.0" encoding="utf-8"?>
<!-- Edited with XiRUTE .NET Library 01-04 -->
<link:linkbase xmlns:xlink="http://www.w3.org/1999/xlink" xmlns:xsi="http://www.w3.org/2001/XMLSchema-instance" xmlns:link="http://www.xbrl.org/2003/linkbase">
  <link:labelLink xlink:type="extended" xlink:role="http://www.xbrl.org/2003/role/link">
    <link:label xml:lang="ja" xlink:type="resource" xlink:label="jpfr-asr-E02778-000_PremiumOnAdvancedRedemptionOfDebtSecurityEl_label" xlink:role="http://www.xbrl.org/2003/role/label">債券期限前償還割増金</link:label>
    <link:label xml:lang="ja" xlink:type="resource" xlink:label="jpfr-asr-E02778-000_UnrealizedGainLossOnValuationOfInvestmentAndGainLossOnSalesOfInvestmentAtSubsidiariesInTheUSNetEI_label_2" xlink:role="http://www.xbrl.org/2003/role/documentation">米国子会社の投資会社会計に基づく投資有価証券評価及び売却益、特別利益</link:label>
    <link:label xml:lang="ja" xlink:type="resource" xlink:label="jpfr-asr-E02778-000_TelecommunicationsEquipmentNet_label" xlink:role="http://www.xbrl.org/2003/role/documentation">通信機械設備（純額）</link:label>
    <link:label xml:lang="ja" xlink:type="resource" xlink:label="jpfr-asr-E02778-000_IncomeFromInvestmentsInPartnershipsIncomeNOI_label_1" xlink:role="http://www.xbrl.org/2003/role/verboseLabel">投資事業組合収益、営業外収益</link:label>
    <link:label xml:lang="ja" xlink:type="resource" xlink:label="jpfr-asr-E02778-000_LumpSumRecognitionOfUnrecordedInterestOnLoanToSubsidiariesAndAffiliatesEI_label_2" xlink:role="http://www.xbrl.org/2003/role/label">関係会社未計上貸付金利息一括計上額</link:label>
    <link:label xml:lang="ja" xlink:type="resource" xlink:label="jpfr-asr-E02778-000_PremiumOnAdvancedRedemptionOfDebtSecurityEl_label_2" xlink:role="http://www.xbrl.org/2003/role/verboseLabel">債券期限前償還割増金、特別利益</link:label>
    <link:label xml:lang="ja" xlink:type="resource" xlink:label="jpfr-asr-E02778-000_InterestExpenseToSubsidiariesAndAffiliatesNOE_label" xlink:role="http://www.xbrl.org/2003/role/documentation">関係会社支払利息、営業外費用</link:label>
    <link:label xml:lang="ja" xlink:type="resource" xlink:label="jpfr-asr-E02778-000_ProceedsFromAdvancedRedemptionOfDebtSecurityInvCF_label" xlink:role="http://www.xbrl.org/2003/role/documentation">債券の期限前償還による収入、投資活動によるキャッシュ・フロー</link:label>
    <link:label xml:lang="ja" xlink:type="resource" xlink:label="jpfr-asr-E02778-000_UnrealizedGainLossOnValuationOfInvestmentAndGainLossOnSalesOfInvestmentAtSubsidiariesInTheUSNetEI_label" xlink:role="http://www.xbrl.org/2003/role/verboseLabel">米国子会社の投資会社会計に基づく投資有価証券評価及び売却益、特別利益</link:label>
    <link:label xml:lang="ja" xlink:type="resource" xlink:label="jpfr-asr-E02778-000_InterestExpenseToSubsidiariesAndAffiliatesNOE_label_1" xlink:role="http://www.xbrl.org/2003/role/label">関係会社支払利息</link:label>
    <link:label xml:lang="ja" xlink:type="resource" xlink:label="jpfr-asr-E02778-000_ProceedsFromSaleAndLeaseBackOfEquipmentNewlyAcquiredFinCF_label_2" xlink:role="http://www.xbrl.org/2003/role/verboseLabel">新規取得設備のセール・アンド・リースバックによる収入、財務活動によるキャッシュ・フロー</link:label>
    <link:label xml:lang="ja" xlink:type="resource" xlink:label="jpfr-asr-E02778-000_ChangesInAForeignAffiliateSOwnershipInterestInItsSubsidiaryThatDoNotResultInALossOfControlCS_label_2" xlink:role="http://www.xbrl.org/2003/role/label">在外関係会社の支配継続子会社に対する持分変動</link:label>
    <link:label xml:lang="ja" xlink:type="resource" xlink:label="jpfr-asr-E02778-000_TelecommunicationsServiceLinesNet_label" xlink:role="http://www.xbrl.org/2003/role/label">通信線路設備（純額）</link:label>
    <link:label xml:lang="ja" xlink:type="resource" xlink:label="jpfr-asr-E02778-000_UnrealizedLossGainOnValuationOfInvestmentAndLossGainOnSalesOfInvestmentAtSubsidiariesInTheUSNetEL_label_1" xlink:role="http://www.xbrl.org/2003/role/documentation">米国子会社の投資会社会計に基づく投資有価証券評価及び売却損、特別損失</link:label>
    <link:label xml:lang="ja" xlink:type="resource" xlink:label="jpfr-asr-E02778-000_IncomeFromInvestmentsInPartnershipsIncomeNOI_label" xlink:role="http://www.xbrl.org/2003/role/documentation">投資事業組合収益、営業外収益</link:label>
    <link:label xml:lang="ja" xlink:type="resource" xlink:label="jpfr-asr-E02778-000_UnrealizedLossGainOnValuationOfInvestmentAndLossGainOnSalesOfInvestmentAtSubsidiariesInTheUSNetEL_label" xlink:role="http://www.xbrl.org/2003/role/verboseLabel">米国子会社の投資会社会計に基づく投資有価証券評価及び売却損、特別損失</link:label>
    <link:label xml:lang="ja" xlink:type="resource" xlink:label="jpfr-asr-E02778-000_ProceedsFromIssuanceOfPreferredSecuritiesByAConsolidatedSubsidiaryFinCF_label_1" xlink:role="http://www.xbrl.org/2003/role/label">子会社の優先出資証券の発行による収入</link:label>
    <link:label xml:lang="ja" xlink:type="resource" xlink:label="jpfr-asr-E02778-000_IncomeFromInvestmentsInPartnershipsIncomeNOI_label_2" xlink:role="http://www.xbrl.org/2003/role/label">投資事業組合収益</link:label>
    <link:label xml:lang="ja" xlink:type="resource" xlink:label="jpfr-asr-E02778-000_ProceedsFromIssuanceOfPreferredSecuritiesByAConsolidatedSubsidiaryFinCF_label_2" xlink:role="http://www.xbrl.org/2003/role/verboseLabel">子会社の優先出資証券の発行による収入、財務活動によるキャッシュ・フロー</link:label>
    <link:label xml:lang="ja" xlink:type="resource" xlink:label="jpfr-asr-E02778-000_InterestExpenseToSubsidiariesAndAffiliatesNOE_label_2" xlink:role="http://www.xbrl.org/2003/role/verboseLabel">関係会社支払利息、営業外費用</link:label>
    <link:label xml:lang="ja" xlink:type="resource" xlink:label="jpfr-asr-E02778-000_RefinancingRelatedExpenseNOE_label" xlink:role="http://www.xbrl.org/2003/role/verboseLabel">借換関連手数料、営業外費用</link:label>
    <link:label xml:lang="ja" xlink:type="resource" xlink:label="jpfr-asr-E02778-000_PaymentsForAcquisitionOfMinorityInterestsAndLongTemDebtFinCF_label_1" xlink:role="http://www.xbrl.org/2003/role/documentation">少数株主持分及び長期借入金の買戻しによる支出、財務活動によるキャッシュ・フロー</link:label>
    <link:label xml:lang="ja" xlink:type="resource" xlink:label="jpfr-asr-E02778-000_ProceedsFromAdvancedRedemptionOfDebtSecurityInvCF_label_1" xlink:role="http://www.xbrl.org/2003/role/label">債券の期限前償還による収入</link:label>
    <link:label xml:lang="ja" xlink:type="resource" xlink:label="jpfr-asr-E02778-000_TelecommunicationsEquipmentNet_label_2" xlink:role="http://www.xbrl.org/2003/role/verboseLabel">通信機械設備（純額）</link:label>
    <link:label xml:lang="ja" xlink:type="resource" xlink:label="jpfr-asr-E02778-000_ChangesInAForeignAffiliateSOwnershipInterestInItsSubsidiaryThatDoNotResultInALossOfControlNA_label_1" xlink:role="http://www.xbrl.org/2003/role/documentation">在外関係会社の支配継続子会社に対する持分変動、純資産</link:label>
    <link:label xml:lang="ja" xlink:type="resource" xlink:label="jpfr-asr-E02778-000_ChangesInAForeignAffiliateSOwnershipInterestInItsSubsidiaryThatDoNotResultInALossOfControlSE_label_2" xlink:role="http://www.xbrl.org/2003/role/label">在外関係会社の支配継続子会社に対する持分変動</link:label>
    <link:label xml:lang="ja" xlink:type="resource" xlink:label="jpfr-asr-E02778-000_ProceedsFromSaleAndLeaseBackOfEquipmentNewlyAcquiredFinCF_label" xlink:role="http://www.xbrl.org/2003/role/documentation">新規取得設備のセール・アンド・リースバックによる収入、財務活動によるキャッシュ・フロー</link:label>
    <link:label xml:lang="ja" xlink:type="resource" xlink:label="jpfr-asr-E02778-000_ProceedsFromIssuanceOfPreferredSecuritiesByAConsolidatedSubsidiaryFinCF_label" xlink:role="http://www.xbrl.org/2003/role/documentation">子会社の優先出資証券の発行による収入、財務活動によるキャッシュ・フロー</link:label>
    <link:label xml:lang="ja" xlink:type="resource" xlink:label="jpfr-asr-E02778-000_PremiumOnPrepaymentOfLongTermDebtEL_label_1" xlink:role="http://www.xbrl.org/2003/role/verboseLabel">長期借入金期限前償還割増金、特別損失</link:label>
    <link:label xml:lang="ja" xlink:type="resource" xlink:label="jpfr-asr-E02778-000_ChangesInAForeignAffiliateSOwnershipInterestInItsSubsidiaryThatDoNotResultInALossOfControlSE_label_1" xlink:role="http://www.xbrl.org/2003/role/verboseLabel">在外関係会社の支配継続子会社に対する持分変動、株主資本</link:label>
    <link:label xml:lang="ja" xlink:type="resource" xlink:label="jpfr-asr-E02778-000_RefinancingRelatedExpenseNOE_label_2" xlink:role="http://www.xbrl.org/2003/role/documentation">借換関連手数料、営業外費用</link:label>
    <link:label xml:lang="ja" xlink:type="resource" xlink:label="jpfr-asr-E02778-000_PaymentsForAcquisitionOfMinorityInterestsAndLongTemDebtFinCF_label_2" xlink:role="http://www.xbrl.org/2003/role/label">少数株主持分及び長期借入金の買戻しによる支出</link:label>
    <link:label xml:lang="ja" xlink:type="resource" xlink:label="jpfr-asr-E02778-000_UnrealizedLossGainOnValuationOfInvestmentAndLossGainOnSalesOfInvestmentAtSubsidiariesInTheUSNetOpeCF_label_1" xlink:role="http://www.xbrl.org/2003/role/verboseLabel">米国子会社の投資会社会計に基づく投資有価証券評価及び売却損益（△は益）、営業活動によるキャッシュ・フロー</link:label>
    <link:label xml:lang="ja" xlink:type="resource" xlink:label="jpfr-asr-E02778-000_FinancingRelatedExpensesNOE_label" xlink:role="http://www.xbrl.org/2003/role/documentation">借入関連手数料、営業外費用</link:label>
    <link:label xml:lang="ja" xlink:type="resource" xlink:label="jpfr-asr-E02778-000_PremiumOnPrepaymentOfLongTermDebtEL_label_2" xlink:role="http://www.xbrl.org/2003/role/documentation">長期借入金期限前償還割増金、特別損失</link:label>
    <link:label xml:lang="ja" xlink:type="resource" xlink:label="jpfr-asr-E02778-000_UnrealizedGainLossOnValuationOfInvestmentAndGainLossOnSalesOfInvestmentAtSubsidiariesInTheUSNetEI_label_1" xlink:role="http://www.xbrl.org/2003/role/label">米国子会社の投資会社会計に基づく投資有価証券評価及び売却益</link:label>
    <link:label xml:lang="ja" xlink:type="resource" xlink:label="jpfr-asr-E02778-000_UnrealizedLossGainOnValuationOfInvestmentAndLossGainOnSalesOfInvestmentAtSubsidiariesInTheUSNetOpeCF_label_2" xlink:role="http://www.xbrl.org/2003/role/documentation">米国子会社の投資会社会計に基づく投資有価証券評価及び売却損益（△は益）、営業活動によるキャッシュ・フロー</link:label>
    <link:label xml:lang="ja" xlink:type="resource" xlink:label="jpfr-asr-E02778-000_ChangesInAForeignAffiliateSOwnershipInterestInItsSubsidiaryThatDoNotResultInALossOfControlSE_label" xlink:role="http://www.xbrl.org/2003/role/documentation">在外関係会社の支配継続子会社に対する持分変動、株主資本</link:label>
    <link:label xml:lang="ja" xlink:type="resource" xlink:label="jpfr-asr-E02778-000_FinancingRelatedExpensesNOE_label_2" xlink:role="http://www.xbrl.org/2003/role/label">借入関連手数料</link:label>
    <link:label xml:lang="ja" xlink:type="resource" xlink:label="jpfr-asr-E02778-000_ChangesInAForeignAffiliateSOwnershipInterestInItsSubsidiaryThatDoNotResultInALossOfControlCS_label_1" xlink:role="http://www.xbrl.org/2003/role/documentation">在外関係会社の支配継続子会社に対する持分変動、資本剰余金</link:label>
    <link:label xml:lang="ja" xlink:type="resource" xlink:label="jpfr-asr-E02778-000_ChangesInAForeignAffiliateSOwnershipInterestInItsSubsidiaryThatDoNotResultInALossOfControlNA_label_2" xlink:role="http://www.xbrl.org/2003/role/label">在外関係会社の支配継続子会社に対する持分変動</link:label>
    <link:label xml:lang="ja" xlink:type="resource" xlink:label="jpfr-asr-E02778-000_PremiumOnPrepaymentOfLongTermDebtEL_label" xlink:role="http://www.xbrl.org/2003/role/label">長期借入金期限前償還割増金</link:label>
    <link:label xml:lang="ja" xlink:type="resource" xlink:label="jpfr-asr-E02778-000_LumpSumRecognitionOfUnrecordedInterestOnLoanToSubsidiariesAndAffiliatesEI_label" xlink:role="http://www.xbrl.org/2003/role/verboseLabel">関係会社未計上貸付金利息一括計上額、特別利益</link:label>
    <link:label xml:lang="ja" xlink:type="resource" xlink:label="jpfr-asr-E02778-000_ProceedsFromSaleAndLeaseBackOfEquipmentNewlyAcquiredFinCF_label_1" xlink:role="http://www.xbrl.org/2003/role/label">新規取得設備のセール・アンド・リースバックによる収入</link:label>
    <link:label xml:lang="ja" xlink:type="resource" xlink:label="jpfr-asr-E02778-000_RefinancingRelatedExpenseNOE_label_1" xlink:role="http://www.xbrl.org/2003/role/label">借換関連手数料</link:label>
    <link:label xml:lang="ja" xlink:type="resource" xlink:label="jpfr-asr-E02778-000_PremiumOnAdvancedRedemptionOfDebtSecurityEl_label_1" xlink:role="http://www.xbrl.org/2003/role/documentation">債券期限前償還割増金、特別利益</link:label>
    <link:label xml:lang="ja" xlink:type="resource" xlink:label="jpfr-asr-E02778-000_LumpSumRecognitionOfUnrecordedInterestOnLoanToSubsidiariesAndAffiliatesEI_label_1" xlink:role="http://www.xbrl.org/2003/role/documentation">関係会社未計上貸付金利息一括計上額、特別利益</link:label>
    <link:label xml:lang="ja" xlink:type="resource" xlink:label="jpfr-asr-E02778-000_UnrealizedLossGainOnValuationOfInvestmentAndLossGainOnSalesOfInvestmentAtSubsidiariesInTheUSNetOpeCF_label" xlink:role="http://www.xbrl.org/2003/role/label">米国子会社の投資会社会計に基づく投資有価証券評価及び売却損益（△は益）</link:label>
    <link:label xml:lang="ja" xlink:type="resource" xlink:label="jpfr-asr-E02778-000_UnrealizedLossGainOnValuationOfInvestmentAndLossGainOnSalesOfInvestmentAtSubsidiariesInTheUSNetEL_label_2" xlink:role="http://www.xbrl.org/2003/role/label">米国子会社の投資会社会計に基づく投資有価証券評価及び売却損</link:label>
    <link:label xml:lang="ja" xlink:type="resource" xlink:label="jpfr-asr-E02778-000_TelecommunicationsServiceLinesNet_label_1" xlink:role="http://www.xbrl.org/2003/role/verboseLabel">通信線路設備（純額）</link:label>
    <link:label xml:lang="ja" xlink:type="resource" xlink:label="jpfr-asr-E02778-000_TelecommunicationsServiceLinesNet_label_2" xlink:role="http://www.xbrl.org/2003/role/documentation">通信線路設備（純額）</link:label>
    <link:label xml:lang="ja" xlink:type="resource" xlink:label="jpfr-asr-E02778-000_ProceedsFromAdvancedRedemptionOfDebtSecurityInvCF_label_2" xlink:role="http://www.xbrl.org/2003/role/verboseLabel">債券の期限前償還による収入、投資活動によるキャッシュ・フロー</link:label>
    <link:label xml:lang="ja" xlink:type="resource" xlink:label="jpfr-asr-E02778-000_ChangesInAForeignAffiliateSOwnershipInterestInItsSubsidiaryThatDoNotResultInALossOfControlCS_label" xlink:role="http://www.xbrl.org/2003/role/verboseLabel">在外関係会社の支配継続子会社に対する持分変動、資本剰余金</link:label>
    <link:label xml:lang="ja" xlink:type="resource" xlink:label="jpfr-asr-E02778-000_FinancingRelatedExpensesNOE_label_1" xlink:role="http://www.xbrl.org/2003/role/verboseLabel">借入関連手数料、営業外費用</link:label>
    <link:label xml:lang="ja" xlink:type="resource" xlink:label="jpfr-asr-E02778-000_PaymentsForAcquisitionOfMinorityInterestsAndLongTemDebtFinCF_label" xlink:role="http://www.xbrl.org/2003/role/verboseLabel">少数株主持分及び長期借入金の買戻しによる支出、財務活動によるキャッシュ・フロー</link:label>
    <link:label xml:lang="ja" xlink:type="resource" xlink:label="jpfr-asr-E02778-000_ChangesInAForeignAffiliateSOwnershipInterestInItsSubsidiaryThatDoNotResultInALossOfControlNA_label" xlink:role="http://www.xbrl.org/2003/role/verboseLabel">在外関係会社の支配継続子会社に対する持分変動、純資産</link:label>
    <link:label xml:lang="ja" xlink:type="resource" xlink:label="jpfr-asr-E02778-000_TelecommunicationsEquipmentNet_label_1" xlink:role="http://www.xbrl.org/2003/role/label">通信機械設備（純額）</link:label>
    <link:loc xlink:type="locator" xlink:href="jpfr-asr-E02778-000-2013-03-31-01-2013-06-21.xsd#jpfr-asr-E02778-000_UnrealizedGainLossOnValuationOfInvestmentAndGainLossOnSalesOfInvestmentAtSubsidiariesInTheUSNetEI" xlink:label="jpfr-asr-E02778-000_UnrealizedGainLossOnValuationOfInvestmentAndGainLossOnSalesOfInvestmentAtSubsidiariesInTheUSNetEI" />
    <link:loc xlink:type="locator" xlink:href="jpfr-asr-E02778-000-2013-03-31-01-2013-06-21.xsd#jpfr-asr-E02778-000_ProceedsFromAdvancedRedemptionOfDebtSecurityInvCF" xlink:label="jpfr-asr-E02778-000_ProceedsFromAdvancedRedemptionOfDebtSecurityInvCF" />
    <link:loc xlink:type="locator" xlink:href="jpfr-asr-E02778-000-2013-03-31-01-2013-06-21.xsd#jpfr-asr-E02778-000_UnrealizedLossGainOnValuationOfInvestmentAndLossGainOnSalesOfInvestmentAtSubsidiariesInTheUSNetOpeCF" xlink:label="jpfr-asr-E02778-000_UnrealizedLossGainOnValuationOfInvestmentAndLossGainOnSalesOfInvestmentAtSubsidiariesInTheUSNetOpeCF" />
    <link:loc xlink:type="locator" xlink:href="jpfr-asr-E02778-000-2013-03-31-01-2013-06-21.xsd#jpfr-asr-E02778-000_TelecommunicationsServiceLinesNet" xlink:label="jpfr-asr-E02778-000_TelecommunicationsServiceLinesNet" />
    <link:loc xlink:type="locator" xlink:href="jpfr-asr-E02778-000-2013-03-31-01-2013-06-21.xsd#jpfr-asr-E02778-000_TelecommunicationsEquipmentNet" xlink:label="jpfr-asr-E02778-000_TelecommunicationsEquipmentNet" />
    <link:loc xlink:type="locator" xlink:href="jpfr-asr-E02778-000-2013-03-31-01-2013-06-21.xsd#jpfr-asr-E02778-000_PremiumOnAdvancedRedemptionOfDebtSecurityEl" xlink:label="jpfr-asr-E02778-000_PremiumOnAdvancedRedemptionOfDebtSecurityEl" />
    <link:loc xlink:type="locator" xlink:href="jpfr-asr-E02778-000-2013-03-31-01-2013-06-21.xsd#jpfr-asr-E02778-000_ChangesInAForeignAffiliateSOwnershipInterestInItsSubsidiaryThatDoNotResultInALossOfControlSE" xlink:label="jpfr-asr-E02778-000_ChangesInAForeignAffiliateSOwnershipInterestInItsSubsidiaryThatDoNotResultInALossOfControlSE" />
    <link:loc xlink:type="locator" xlink:href="jpfr-asr-E02778-000-2013-03-31-01-2013-06-21.xsd#jpfr-asr-E02778-000_ProceedsFromSaleAndLeaseBackOfEquipmentNewlyAcquiredFinCF" xlink:label="jpfr-asr-E02778-000_ProceedsFromSaleAndLeaseBackOfEquipmentNewlyAcquiredFinCF" />
    <link:loc xlink:type="locator" xlink:href="jpfr-asr-E02778-000-2013-03-31-01-2013-06-21.xsd#jpfr-asr-E02778-000_ProceedsFromIssuanceOfPreferredSecuritiesByAConsolidatedSubsidiaryFinCF" xlink:label="jpfr-asr-E02778-000_ProceedsFromIssuanceOfPreferredSecuritiesByAConsolidatedSubsidiaryFinCF" />
    <link:loc xlink:type="locator" xlink:href="jpfr-asr-E02778-000-2013-03-31-01-2013-06-21.xsd#jpfr-asr-E02778-000_UnrealizedLossGainOnValuationOfInvestmentAndLossGainOnSalesOfInvestmentAtSubsidiariesInTheUSNetEL" xlink:label="jpfr-asr-E02778-000_UnrealizedLossGainOnValuationOfInvestmentAndLossGainOnSalesOfInvestmentAtSubsidiariesInTheUSNetEL" />
    <link:loc xlink:type="locator" xlink:href="jpfr-asr-E02778-000-2013-03-31-01-2013-06-21.xsd#jpfr-asr-E02778-000_FinancingRelatedExpensesNOE" xlink:label="jpfr-asr-E02778-000_FinancingRelatedExpensesNOE" />
    <link:loc xlink:type="locator" xlink:href="jpfr-asr-E02778-000-2013-03-31-01-2013-06-21.xsd#jpfr-asr-E02778-000_InterestExpenseToSubsidiariesAndAffiliatesNOE" xlink:label="jpfr-asr-E02778-000_InterestExpenseToSubsidiariesAndAffiliatesNOE" />
    <link:loc xlink:type="locator" xlink:href="jpfr-asr-E02778-000-2013-03-31-01-2013-06-21.xsd#jpfr-asr-E02778-000_PremiumOnPrepaymentOfLongTermDebtEL" xlink:label="jpfr-asr-E02778-000_PremiumOnPrepaymentOfLongTermDebtEL" />
    <link:loc xlink:type="locator" xlink:href="jpfr-asr-E02778-000-2013-03-31-01-2013-06-21.xsd#jpfr-asr-E02778-000_PaymentsForAcquisitionOfMinorityInterestsAndLongTemDebtFinCF" xlink:label="jpfr-asr-E02778-000_PaymentsForAcquisitionOfMinorityInterestsAndLongTemDebtFinCF" />
    <link:loc xlink:type="locator" xlink:href="jpfr-asr-E02778-000-2013-03-31-01-2013-06-21.xsd#jpfr-asr-E02778-000_ChangesInAForeignAffiliateSOwnershipInterestInItsSubsidiaryThatDoNotResultInALossOfControlNA" xlink:label="jpfr-asr-E02778-000_ChangesInAForeignAffiliateSOwnershipInterestInItsSubsidiaryThatDoNotResultInALossOfControlNA" />
    <link:loc xlink:type="locator" xlink:href="jpfr-asr-E02778-000-2013-03-31-01-2013-06-21.xsd#jpfr-asr-E02778-000_RefinancingRelatedExpenseNOE" xlink:label="jpfr-asr-E02778-000_RefinancingRelatedExpenseNOE" />
    <link:loc xlink:type="locator" xlink:href="jpfr-asr-E02778-000-2013-03-31-01-2013-06-21.xsd#jpfr-asr-E02778-000_IncomeFromInvestmentsInPartnershipsIncomeNOI" xlink:label="jpfr-asr-E02778-000_IncomeFromInvestmentsInPartnershipsIncomeNOI" />
    <link:loc xlink:type="locator" xlink:href="jpfr-asr-E02778-000-2013-03-31-01-2013-06-21.xsd#jpfr-asr-E02778-000_LumpSumRecognitionOfUnrecordedInterestOnLoanToSubsidiariesAndAffiliatesEI" xlink:label="jpfr-asr-E02778-000_LumpSumRecognitionOfUnrecordedInterestOnLoanToSubsidiariesAndAffiliatesEI" />
    <link:loc xlink:type="locator" xlink:href="jpfr-asr-E02778-000-2013-03-31-01-2013-06-21.xsd#jpfr-asr-E02778-000_ChangesInAForeignAffiliateSOwnershipInterestInItsSubsidiaryThatDoNotResultInALossOfControlCS" xlink:label="jpfr-asr-E02778-000_ChangesInAForeignAffiliateSOwnershipInterestInItsSubsidiaryThatDoNotResultInALossOfControlCS" />
    <link:labelArc xlink:type="arc" xlink:from="jpfr-asr-E02778-000_PremiumOnAdvancedRedemptionOfDebtSecurityEl" xlink:to="jpfr-asr-E02778-000_PremiumOnAdvancedRedemptionOfDebtSecurityEl_label" xlink:arcrole="http://www.xbrl.org/2003/arcrole/concept-label" order="1" />
    <link:labelArc xlink:type="arc" xlink:from="jpfr-asr-E02778-000_PremiumOnAdvancedRedemptionOfDebtSecurityEl" xlink:to="jpfr-asr-E02778-000_PremiumOnAdvancedRedemptionOfDebtSecurityEl_label_1" xlink:arcrole="http://www.xbrl.org/2003/arcrole/concept-label" order="1" />
    <link:labelArc xlink:type="arc" xlink:from="jpfr-asr-E02778-000_PaymentsForAcquisitionOfMinorityInterestsAndLongTemDebtFinCF" xlink:to="jpfr-asr-E02778-000_PaymentsForAcquisitionOfMinorityInterestsAndLongTemDebtFinCF_label" xlink:arcrole="http://www.xbrl.org/2003/arcrole/concept-label" order="1" />
    <link:labelArc xlink:type="arc" xlink:from="jpfr-asr-E02778-000_InterestExpenseToSubsidiariesAndAffiliatesNOE" xlink:to="jpfr-asr-E02778-000_InterestExpenseToSubsidiariesAndAffiliatesNOE_label" xlink:arcrole="http://www.xbrl.org/2003/arcrole/concept-label" order="1" />
    <link:labelArc xlink:type="arc" xlink:from="jpfr-asr-E02778-000_PaymentsForAcquisitionOfMinorityInterestsAndLongTemDebtFinCF" xlink:to="jpfr-asr-E02778-000_PaymentsForAcquisitionOfMinorityInterestsAndLongTemDebtFinCF_label_1" xlink:arcrole="http://www.xbrl.org/2003/arcrole/concept-label" order="1" />
    <link:labelArc xlink:type="arc" xlink:from="jpfr-asr-E02778-000_PaymentsForAcquisitionOfMinorityInterestsAndLongTemDebtFinCF" xlink:to="jpfr-asr-E02778-000_PaymentsForAcquisitionOfMinorityInterestsAndLongTemDebtFinCF_label_2" xlink:arcrole="http://www.xbrl.org/2003/arcrole/concept-label" order="1" />
    <link:labelArc xlink:type="arc" xlink:from="jpfr-asr-E02778-000_ChangesInAForeignAffiliateSOwnershipInterestInItsSubsidiaryThatDoNotResultInALossOfControlNA" xlink:to="jpfr-asr-E02778-000_ChangesInAForeignAffiliateSOwnershipInterestInItsSubsidiaryThatDoNotResultInALossOfControlNA_label" xlink:arcrole="http://www.xbrl.org/2003/arcrole/concept-label" order="1" />
    <link:labelArc xlink:type="arc" xlink:from="jpfr-asr-E02778-000_ProceedsFromSaleAndLeaseBackOfEquipmentNewlyAcquiredFinCF" xlink:to="jpfr-asr-E02778-000_ProceedsFromSaleAndLeaseBackOfEquipmentNewlyAcquiredFinCF_label" xlink:arcrole="http://www.xbrl.org/2003/arcrole/concept-label" order="1" />
    <link:labelArc xlink:type="arc" xlink:from="jpfr-asr-E02778-000_TelecommunicationsServiceLinesNet" xlink:to="jpfr-asr-E02778-000_TelecommunicationsServiceLinesNet_label" xlink:arcrole="http://www.xbrl.org/2003/arcrole/concept-label" order="1" />
    <link:labelArc xlink:type="arc" xlink:from="jpfr-asr-E02778-000_ProceedsFromIssuanceOfPreferredSecuritiesByAConsolidatedSubsidiaryFinCF" xlink:to="jpfr-asr-E02778-000_ProceedsFromIssuanceOfPreferredSecuritiesByAConsolidatedSubsidiaryFinCF_label" xlink:arcrole="http://www.xbrl.org/2003/arcrole/concept-label" order="1" />
    <link:labelArc xlink:type="arc" xlink:from="jpfr-asr-E02778-000_ProceedsFromIssuanceOfPreferredSecuritiesByAConsolidatedSubsidiaryFinCF" xlink:to="jpfr-asr-E02778-000_ProceedsFromIssuanceOfPreferredSecuritiesByAConsolidatedSubsidiaryFinCF_label_1" xlink:arcrole="http://www.xbrl.org/2003/arcrole/concept-label" order="1" />
    <link:labelArc xlink:type="arc" xlink:from="jpfr-asr-E02778-000_RefinancingRelatedExpenseNOE" xlink:to="jpfr-asr-E02778-000_RefinancingRelatedExpenseNOE_label" xlink:arcrole="http://www.xbrl.org/2003/arcrole/concept-label" order="1" />
    <link:labelArc xlink:type="arc" xlink:from="jpfr-asr-E02778-000_FinancingRelatedExpensesNOE" xlink:to="jpfr-asr-E02778-000_FinancingRelatedExpensesNOE_label" xlink:arcrole="http://www.xbrl.org/2003/arcrole/concept-label" order="1" />
    <link:labelArc xlink:type="arc" xlink:from="jpfr-asr-E02778-000_ChangesInAForeignAffiliateSOwnershipInterestInItsSubsidiaryThatDoNotResultInALossOfControlCS" xlink:to="jpfr-asr-E02778-000_ChangesInAForeignAffiliateSOwnershipInterestInItsSubsidiaryThatDoNotResultInALossOfControlCS_label" xlink:arcrole="http://www.xbrl.org/2003/arcrole/concept-label" order="1" />
    <link:labelArc xlink:type="arc" xlink:from="jpfr-asr-E02778-000_ProceedsFromAdvancedRedemptionOfDebtSecurityInvCF" xlink:to="jpfr-asr-E02778-000_ProceedsFromAdvancedRedemptionOfDebtSecurityInvCF_label" xlink:arcrole="http://www.xbrl.org/2003/arcrole/concept-label" order="1" />
    <link:labelArc xlink:type="arc" xlink:from="jpfr-asr-E02778-000_LumpSumRecognitionOfUnrecordedInterestOnLoanToSubsidiariesAndAffiliatesEI" xlink:to="jpfr-asr-E02778-000_LumpSumRecognitionOfUnrecordedInterestOnLoanToSubsidiariesAndAffiliatesEI_label" xlink:arcrole="http://www.xbrl.org/2003/arcrole/concept-label" order="1" />
    <link:labelArc xlink:type="arc" xlink:from="jpfr-asr-E02778-000_ProceedsFromAdvancedRedemptionOfDebtSecurityInvCF" xlink:to="jpfr-asr-E02778-000_ProceedsFromAdvancedRedemptionOfDebtSecurityInvCF_label_1" xlink:arcrole="http://www.xbrl.org/2003/arcrole/concept-label" order="1" />
    <link:labelArc xlink:type="arc" xlink:from="jpfr-asr-E02778-000_ChangesInAForeignAffiliateSOwnershipInterestInItsSubsidiaryThatDoNotResultInALossOfControlSE" xlink:to="jpfr-asr-E02778-000_ChangesInAForeignAffiliateSOwnershipInterestInItsSubsidiaryThatDoNotResultInALossOfControlSE_label" xlink:arcrole="http://www.xbrl.org/2003/arcrole/concept-label" order="1" />
    <link:labelArc xlink:type="arc" xlink:from="jpfr-asr-E02778-000_UnrealizedGainLossOnValuationOfInvestmentAndGainLossOnSalesOfInvestmentAtSubsidiariesInTheUSNetEI" xlink:to="jpfr-asr-E02778-000_UnrealizedGainLossOnValuationOfInvestmentAndGainLossOnSalesOfInvestmentAtSubsidiariesInTheUSNetEI_label" xlink:arcrole="http://www.xbrl.org/2003/arcrole/concept-label" order="1" />
    <link:labelArc xlink:type="arc" xlink:from="jpfr-asr-E02778-000_ChangesInAForeignAffiliateSOwnershipInterestInItsSubsidiaryThatDoNotResultInALossOfControlNA" xlink:to="jpfr-asr-E02778-000_ChangesInAForeignAffiliateSOwnershipInterestInItsSubsidiaryThatDoNotResultInALossOfControlNA_label_1" xlink:arcrole="http://www.xbrl.org/2003/arcrole/concept-label" order="1" />
    <link:labelArc xlink:type="arc" xlink:from="jpfr-asr-E02778-000_TelecommunicationsServiceLinesNet" xlink:to="jpfr-asr-E02778-000_TelecommunicationsServiceLinesNet_label_1" xlink:arcrole="http://www.xbrl.org/2003/arcrole/concept-label" order="1" />
    <link:labelArc xlink:type="arc" xlink:from="jpfr-asr-E02778-000_InterestExpenseToSubsidiariesAndAffiliatesNOE" xlink:to="jpfr-asr-E02778-000_InterestExpenseToSubsidiariesAndAffiliatesNOE_label_1" xlink:arcrole="http://www.xbrl.org/2003/arcrole/concept-label" order="1" />
    <link:labelArc xlink:type="arc" xlink:from="jpfr-asr-E02778-000_UnrealizedLossGainOnValuationOfInvestmentAndLossGainOnSalesOfInvestmentAtSubsidiariesInTheUSNetEL" xlink:to="jpfr-asr-E02778-000_UnrealizedLossGainOnValuationOfInvestmentAndLossGainOnSalesOfInvestmentAtSubsidiariesInTheUSNetEL_label" xlink:arcrole="http://www.xbrl.org/2003/arcrole/concept-label" order="1" />
    <link:labelArc xlink:type="arc" xlink:from="jpfr-asr-E02778-000_PremiumOnPrepaymentOfLongTermDebtEL" xlink:to="jpfr-asr-E02778-000_PremiumOnPrepaymentOfLongTermDebtEL_label" xlink:arcrole="http://www.xbrl.org/2003/arcrole/concept-label" order="1" />
    <link:labelArc xlink:type="arc" xlink:from="jpfr-asr-E02778-000_PremiumOnPrepaymentOfLongTermDebtEL" xlink:to="jpfr-asr-E02778-000_PremiumOnPrepaymentOfLongTermDebtEL_label_1" xlink:arcrole="http://www.xbrl.org/2003/arcrole/concept-label" order="1" />
    <link:labelArc xlink:type="arc" xlink:from="jpfr-asr-E02778-000_PremiumOnPrepaymentOfLongTermDebtEL" xlink:to="jpfr-asr-E02778-000_PremiumOnPrepaymentOfLongTermDebtEL_label_2" xlink:arcrole="http://www.xbrl.org/2003/arcrole/concept-label" order="1" />
    <link:labelArc xlink:type="arc" xlink:from="jpfr-asr-E02778-000_ProceedsFromIssuanceOfPreferredSecuritiesByAConsolidatedSubsidiaryFinCF" xlink:to="jpfr-asr-E02778-000_ProceedsFromIssuanceOfPreferredSecuritiesByAConsolidatedSubsidiaryFinCF_label_2" xlink:arcrole="http://www.xbrl.org/2003/arcrole/concept-label" order="1" />
    <link:labelArc xlink:type="arc" xlink:from="jpfr-asr-E02778-000_ChangesInAForeignAffiliateSOwnershipInterestInItsSubsidiaryThatDoNotResultInALossOfControlCS" xlink:to="jpfr-asr-E02778-000_ChangesInAForeignAffiliateSOwnershipInterestInItsSubsidiaryThatDoNotResultInALossOfControlCS_label_1" xlink:arcrole="http://www.xbrl.org/2003/arcrole/concept-label" order="1" />
    <link:labelArc xlink:type="arc" xlink:from="jpfr-asr-E02778-000_TelecommunicationsEquipmentNet" xlink:to="jpfr-asr-E02778-000_TelecommunicationsEquipmentNet_label" xlink:arcrole="http://www.xbrl.org/2003/arcrole/concept-label" order="1" />
    <link:labelArc xlink:type="arc" xlink:from="jpfr-asr-E02778-000_UnrealizedGainLossOnValuationOfInvestmentAndGainLossOnSalesOfInvestmentAtSubsidiariesInTheUSNetEI" xlink:to="jpfr-asr-E02778-000_UnrealizedGainLossOnValuationOfInvestmentAndGainLossOnSalesOfInvestmentAtSubsidiariesInTheUSNetEI_label_1" xlink:arcrole="http://www.xbrl.org/2003/arcrole/concept-label" order="1" />
    <link:labelArc xlink:type="arc" xlink:from="jpfr-asr-E02778-000_RefinancingRelatedExpenseNOE" xlink:to="jpfr-asr-E02778-000_RefinancingRelatedExpenseNOE_label_1" xlink:arcrole="http://www.xbrl.org/2003/arcrole/concept-label" order="1" />
    <link:labelArc xlink:type="arc" xlink:from="jpfr-asr-E02778-000_FinancingRelatedExpensesNOE" xlink:to="jpfr-asr-E02778-000_FinancingRelatedExpensesNOE_label_1" xlink:arcrole="http://www.xbrl.org/2003/arcrole/concept-label" order="1" />
    <link:labelArc xlink:type="arc" xlink:from="jpfr-asr-E02778-000_PremiumOnAdvancedRedemptionOfDebtSecurityEl" xlink:to="jpfr-asr-E02778-000_PremiumOnAdvancedRedemptionOfDebtSecurityEl_label_2" xlink:arcrole="http://www.xbrl.org/2003/arcrole/concept-label" order="1" />
    <link:labelArc xlink:type="arc" xlink:from="jpfr-asr-E02778-000_ChangesInAForeignAffiliateSOwnershipInterestInItsSubsidiaryThatDoNotResultInALossOfControlSE" xlink:to="jpfr-asr-E02778-000_ChangesInAForeignAffiliateSOwnershipInterestInItsSubsidiaryThatDoNotResultInALossOfControlSE_label_1" xlink:arcrole="http://www.xbrl.org/2003/arcrole/concept-label" order="1" />
    <link:labelArc xlink:type="arc" xlink:from="jpfr-asr-E02778-000_ProceedsFromSaleAndLeaseBackOfEquipmentNewlyAcquiredFinCF" xlink:to="jpfr-asr-E02778-000_ProceedsFromSaleAndLeaseBackOfEquipmentNewlyAcquiredFinCF_label_1" xlink:arcrole="http://www.xbrl.org/2003/arcrole/concept-label" order="1" />
    <link:labelArc xlink:type="arc" xlink:from="jpfr-asr-E02778-000_UnrealizedGainLossOnValuationOfInvestmentAndGainLossOnSalesOfInvestmentAtSubsidiariesInTheUSNetEI" xlink:to="jpfr-asr-E02778-000_UnrealizedGainLossOnValuationOfInvestmentAndGainLossOnSalesOfInvestmentAtSubsidiariesInTheUSNetEI_label_2" xlink:arcrole="http://www.xbrl.org/2003/arcrole/concept-label" order="1" />
    <link:labelArc xlink:type="arc" xlink:from="jpfr-asr-E02778-000_UnrealizedLossGainOnValuationOfInvestmentAndLossGainOnSalesOfInvestmentAtSubsidiariesInTheUSNetOpeCF" xlink:to="jpfr-asr-E02778-000_UnrealizedLossGainOnValuationOfInvestmentAndLossGainOnSalesOfInvestmentAtSubsidiariesInTheUSNetOpeCF_label" xlink:arcrole="http://www.xbrl.org/2003/arcrole/concept-label" order="1" />
    <link:labelArc xlink:type="arc" xlink:from="jpfr-asr-E02778-000_ChangesInAForeignAffiliateSOwnershipInterestInItsSubsidiaryThatDoNotResultInALossOfControlCS" xlink:to="jpfr-asr-E02778-000_ChangesInAForeignAffiliateSOwnershipInterestInItsSubsidiaryThatDoNotResultInALossOfControlCS_label_2" xlink:arcrole="http://www.xbrl.org/2003/arcrole/concept-label" order="1" />
    <link:labelArc xlink:type="arc" xlink:from="jpfr-asr-E02778-000_UnrealizedLossGainOnValuationOfInvestmentAndLossGainOnSalesOfInvestmentAtSubsidiariesInTheUSNetEL" xlink:to="jpfr-asr-E02778-000_UnrealizedLossGainOnValuationOfInvestmentAndLossGainOnSalesOfInvestmentAtSubsidiariesInTheUSNetEL_label_1" xlink:arcrole="http://www.xbrl.org/2003/arcrole/concept-label" order="1" />
    <link:labelArc xlink:type="arc" xlink:from="jpfr-asr-E02778-000_TelecommunicationsServiceLinesNet" xlink:to="jpfr-asr-E02778-000_TelecommunicationsServiceLinesNet_label_2" xlink:arcrole="http://www.xbrl.org/2003/arcrole/concept-label" order="1" />
    <link:labelArc xlink:type="arc" xlink:from="jpfr-asr-E02778-000_ChangesInAForeignAffiliateSOwnershipInterestInItsSubsidiaryThatDoNotResultInALossOfControlNA" xlink:to="jpfr-asr-E02778-000_ChangesInAForeignAffiliateSOwnershipInterestInItsSubsidiaryThatDoNotResultInALossOfControlNA_label_2" xlink:arcrole="http://www.xbrl.org/2003/arcrole/concept-label" order="1" />
    <link:labelArc xlink:type="arc" xlink:from="jpfr-asr-E02778-000_InterestExpenseToSubsidiariesAndAffiliatesNOE" xlink:to="jpfr-asr-E02778-000_InterestExpenseToSubsidiariesAndAffiliatesNOE_label_2" xlink:arcrole="http://www.xbrl.org/2003/arcrole/concept-label" order="1" />
    <link:labelArc xlink:type="arc" xlink:from="jpfr-asr-E02778-000_ProceedsFromAdvancedRedemptionOfDebtSecurityInvCF" xlink:to="jpfr-asr-E02778-000_ProceedsFromAdvancedRedemptionOfDebtSecurityInvCF_label_2" xlink:arcrole="http://www.xbrl.org/2003/arcrole/concept-label" order="1" />
    <link:labelArc xlink:type="arc" xlink:from="jpfr-asr-E02778-000_UnrealizedLossGainOnValuationOfInvestmentAndLossGainOnSalesOfInvestmentAtSubsidiariesInTheUSNetOpeCF" xlink:to="jpfr-asr-E02778-000_UnrealizedLossGainOnValuationOfInvestmentAndLossGainOnSalesOfInvestmentAtSubsidiariesInTheUSNetOpeCF_label_1" xlink:arcrole="http://www.xbrl.org/2003/arcrole/concept-label" order="1" />
    <link:labelArc xlink:type="arc" xlink:from="jpfr-asr-E02778-000_TelecommunicationsEquipmentNet" xlink:to="jpfr-asr-E02778-000_TelecommunicationsEquipmentNet_label_1" xlink:arcrole="http://www.xbrl.org/2003/arcrole/concept-label" order="1" />
    <link:labelArc xlink:type="arc" xlink:from="jpfr-asr-E02778-000_IncomeFromInvestmentsInPartnershipsIncomeNOI" xlink:to="jpfr-asr-E02778-000_IncomeFromInvestmentsInPartnershipsIncomeNOI_label" xlink:arcrole="http://www.xbrl.org/2003/arcrole/concept-label" order="1" />
    <link:labelArc xlink:type="arc" xlink:from="jpfr-asr-E02778-000_IncomeFromInvestmentsInPartnershipsIncomeNOI" xlink:to="jpfr-asr-E02778-000_IncomeFromInvestmentsInPartnershipsIncomeNOI_label_1" xlink:arcrole="http://www.xbrl.org/2003/arcrole/concept-label" order="1" />
    <link:labelArc xlink:type="arc" xlink:from="jpfr-asr-E02778-000_IncomeFromInvestmentsInPartnershipsIncomeNOI" xlink:to="jpfr-asr-E02778-000_IncomeFromInvestmentsInPartnershipsIncomeNOI_label_2" xlink:arcrole="http://www.xbrl.org/2003/arcrole/concept-label" order="1" />
    <link:labelArc xlink:type="arc" xlink:from="jpfr-asr-E02778-000_UnrealizedLossGainOnValuationOfInvestmentAndLossGainOnSalesOfInvestmentAtSubsidiariesInTheUSNetEL" xlink:to="jpfr-asr-E02778-000_UnrealizedLossGainOnValuationOfInvestmentAndLossGainOnSalesOfInvestmentAtSubsidiariesInTheUSNetEL_label_2" xlink:arcrole="http://www.xbrl.org/2003/arcrole/concept-label" order="1" />
    <link:labelArc xlink:type="arc" xlink:from="jpfr-asr-E02778-000_ChangesInAForeignAffiliateSOwnershipInterestInItsSubsidiaryThatDoNotResultInALossOfControlSE" xlink:to="jpfr-asr-E02778-000_ChangesInAForeignAffiliateSOwnershipInterestInItsSubsidiaryThatDoNotResultInALossOfControlSE_label_2" xlink:arcrole="http://www.xbrl.org/2003/arcrole/concept-label" order="1" />
    <link:labelArc xlink:type="arc" xlink:from="jpfr-asr-E02778-000_RefinancingRelatedExpenseNOE" xlink:to="jpfr-asr-E02778-000_RefinancingRelatedExpenseNOE_label_2" xlink:arcrole="http://www.xbrl.org/2003/arcrole/concept-label" order="1" />
    <link:labelArc xlink:type="arc" xlink:from="jpfr-asr-E02778-000_ProceedsFromSaleAndLeaseBackOfEquipmentNewlyAcquiredFinCF" xlink:to="jpfr-asr-E02778-000_ProceedsFromSaleAndLeaseBackOfEquipmentNewlyAcquiredFinCF_label_2" xlink:arcrole="http://www.xbrl.org/2003/arcrole/concept-label" order="1" />
    <link:labelArc xlink:type="arc" xlink:from="jpfr-asr-E02778-000_FinancingRelatedExpensesNOE" xlink:to="jpfr-asr-E02778-000_FinancingRelatedExpensesNOE_label_2" xlink:arcrole="http://www.xbrl.org/2003/arcrole/concept-label" order="1" />
    <link:labelArc xlink:type="arc" xlink:from="jpfr-asr-E02778-000_LumpSumRecognitionOfUnrecordedInterestOnLoanToSubsidiariesAndAffiliatesEI" xlink:to="jpfr-asr-E02778-000_LumpSumRecognitionOfUnrecordedInterestOnLoanToSubsidiariesAndAffiliatesEI_label_1" xlink:arcrole="http://www.xbrl.org/2003/arcrole/concept-label" order="1" />
    <link:labelArc xlink:type="arc" xlink:from="jpfr-asr-E02778-000_UnrealizedLossGainOnValuationOfInvestmentAndLossGainOnSalesOfInvestmentAtSubsidiariesInTheUSNetOpeCF" xlink:to="jpfr-asr-E02778-000_UnrealizedLossGainOnValuationOfInvestmentAndLossGainOnSalesOfInvestmentAtSubsidiariesInTheUSNetOpeCF_label_2" xlink:arcrole="http://www.xbrl.org/2003/arcrole/concept-label" order="1" />
    <link:labelArc xlink:type="arc" xlink:from="jpfr-asr-E02778-000_TelecommunicationsEquipmentNet" xlink:to="jpfr-asr-E02778-000_TelecommunicationsEquipmentNet_label_2" xlink:arcrole="http://www.xbrl.org/2003/arcrole/concept-label" order="1" />
    <link:labelArc xlink:type="arc" xlink:from="jpfr-asr-E02778-000_LumpSumRecognitionOfUnrecordedInterestOnLoanToSubsidiariesAndAffiliatesEI" xlink:to="jpfr-asr-E02778-000_LumpSumRecognitionOfUnrecordedInterestOnLoanToSubsidiariesAndAffiliatesEI_label_2" xlink:arcrole="http://www.xbrl.org/2003/arcrole/concept-label" order="1" />
  </link:labelLink>
</link:linkbase>