﻿<?xml version="1.0" encoding="utf-8"?>
<!-- Edited with XiRUTE .NET Library 01-04 -->
<link:linkbase xmlns:xlink="http://www.w3.org/1999/xlink" xmlns:xsi="http://www.w3.org/2001/XMLSchema-instance" xmlns:link="http://www.xbrl.org/2003/linkbase">
  <link:roleRef xlink:type="simple" xlink:href="http://info.edinet-fsa.go.jp/jp/fr/gaap/o/rt/2013-03-01/jpfr-rt-2013-03-01.xsd#RoleBalanceSheets" roleURI="http://info.edinet-fsa.go.jp/jp/fr/gaap/role/BalanceSheets" />
  <link:roleRef xlink:type="simple" xlink:href="http://info.edinet-fsa.go.jp/jp/fr/gaap/o/rt/2013-03-01/jpfr-rt-2013-03-01.xsd#RoleStatementsOfCashFlows" roleURI="http://info.edinet-fsa.go.jp/jp/fr/gaap/role/StatementsOfCashFlows" />
  <link:roleRef xlink:type="simple" xlink:href="http://info.edinet-fsa.go.jp/jp/fr/gaap/o/rt/2013-03-01/jpfr-rt-2013-03-01.xsd#RoleStatementsOfChangesInNetAssets" roleURI="http://info.edinet-fsa.go.jp/jp/fr/gaap/role/StatementsOfChangesInNetAssets" />
  <link:roleRef xlink:type="simple" xlink:href="http://info.edinet-fsa.go.jp/jp/fr/gaap/o/rt/2013-03-01/jpfr-rt-2013-03-01.xsd#RoleStatementsOfIncome" roleURI="http://info.edinet-fsa.go.jp/jp/fr/gaap/role/StatementsOfIncome" />
  <link:definitionLink xlink:type="extended" xlink:role="http://info.edinet-fsa.go.jp/jp/fr/gaap/role/StatementsOfChangesInNetAssets">
    <link:loc xlink:type="locator" xlink:href="http://info.edinet-fsa.go.jp/jp/fr/gaap/t/cte/2013-03-01/jpfr-t-cte-2013-03-01.xsd#jpfr-t-cte_ChangesOfItemsDuringThePeriodNAAbstract" xlink:label="jpfr-t-cte_ChangesOfItemsDuringThePeriodNAAbstract" />
    <link:loc xlink:type="locator" xlink:href="http://info.edinet-fsa.go.jp/jp/fr/gaap/t/cte/2013-03-01/jpfr-t-cte-2013-03-01.xsd#jpfr-t-cte_ChangesOfItemsDuringThePeriodSEAbstract" xlink:label="jpfr-t-cte_ChangesOfItemsDuringThePeriodSEAbstract" />
    <link:loc xlink:type="locator" xlink:href="jpfr-asr-E02778-000-2013-03-31-01-2013-06-21.xsd#jpfr-asr-E02778-000_ChangesInAForeignAffiliateSOwnershipInterestInItsSubsidiaryThatDoNotResultInALossOfControlSE" xlink:label="jpfr-asr-E02778-000_ChangesInAForeignAffiliateSOwnershipInterestInItsSubsidiaryThatDoNotResultInALossOfControlSE" />
    <link:loc xlink:type="locator" xlink:href="http://info.edinet-fsa.go.jp/jp/fr/gaap/t/cte/2013-03-01/jpfr-t-cte-2013-03-01.xsd#jpfr-t-cte_ChangesOfItemsDuringThePeriodCSAbstract" xlink:label="jpfr-t-cte_ChangesOfItemsDuringThePeriodCSAbstract" />
    <link:loc xlink:type="locator" xlink:href="jpfr-asr-E02778-000-2013-03-31-01-2013-06-21.xsd#jpfr-asr-E02778-000_ChangesInAForeignAffiliateSOwnershipInterestInItsSubsidiaryThatDoNotResultInALossOfControlNA" xlink:label="jpfr-asr-E02778-000_ChangesInAForeignAffiliateSOwnershipInterestInItsSubsidiaryThatDoNotResultInALossOfControlNA" />
    <link:loc xlink:type="locator" xlink:href="jpfr-asr-E02778-000-2013-03-31-01-2013-06-21.xsd#jpfr-asr-E02778-000_ChangesInAForeignAffiliateSOwnershipInterestInItsSubsidiaryThatDoNotResultInALossOfControlCS" xlink:label="jpfr-asr-E02778-000_ChangesInAForeignAffiliateSOwnershipInterestInItsSubsidiaryThatDoNotResultInALossOfControlCS" />
    <link:definitionArc xlink:type="arc" xlink:from="jpfr-t-cte_ChangesOfItemsDuringThePeriodNAAbstract" xlink:to="jpfr-asr-E02778-000_ChangesInAForeignAffiliateSOwnershipInterestInItsSubsidiaryThatDoNotResultInALossOfControlNA" xlink:arcrole="http://www.xbrl.org/2003/arcrole/general-special" order="0.5" />
    <link:definitionArc xlink:type="arc" xlink:from="jpfr-t-cte_ChangesOfItemsDuringThePeriodSEAbstract" xlink:to="jpfr-asr-E02778-000_ChangesInAForeignAffiliateSOwnershipInterestInItsSubsidiaryThatDoNotResultInALossOfControlSE" xlink:arcrole="http://www.xbrl.org/2003/arcrole/general-special" order="0.5" />
    <link:definitionArc xlink:type="arc" xlink:from="jpfr-t-cte_ChangesOfItemsDuringThePeriodCSAbstract" xlink:to="jpfr-asr-E02778-000_ChangesInAForeignAffiliateSOwnershipInterestInItsSubsidiaryThatDoNotResultInALossOfControlCS" xlink:arcrole="http://www.xbrl.org/2003/arcrole/general-special" order="0.5" />
  </link:definitionLink>
  <link:definitionLink xlink:type="extended" xlink:role="http://info.edinet-fsa.go.jp/jp/fr/gaap/role/StatementsOfIncome">
    <link:loc xlink:type="locator" xlink:href="http://info.edinet-fsa.go.jp/jp/fr/gaap/t/cte/2013-03-01/jpfr-t-cte-2013-03-01.xsd#jpfr-t-cte_NonOperatingExpensesAbstract" xlink:label="jpfr-t-cte_NonOperatingExpensesAbstract" />
    <link:loc xlink:type="locator" xlink:href="jpfr-asr-E02778-000-2013-03-31-01-2013-06-21.xsd#jpfr-asr-E02778-000_UnrealizedLossGainOnValuationOfInvestmentAndLossGainOnSalesOfInvestmentAtSubsidiariesInTheUSNetEL" xlink:label="jpfr-asr-E02778-000_UnrealizedLossGainOnValuationOfInvestmentAndLossGainOnSalesOfInvestmentAtSubsidiariesInTheUSNetEL" />
    <link:loc xlink:type="locator" xlink:href="jpfr-asr-E02778-000-2013-03-31-01-2013-06-21.xsd#jpfr-asr-E02778-000_PremiumOnAdvancedRedemptionOfDebtSecurityEl" xlink:label="jpfr-asr-E02778-000_PremiumOnAdvancedRedemptionOfDebtSecurityEl" />
    <link:loc xlink:type="locator" xlink:href="http://info.edinet-fsa.go.jp/jp/fr/gaap/t/cte/2013-03-01/jpfr-t-cte-2013-03-01.xsd#jpfr-t-cte_NonOperatingIncomeAbstract" xlink:label="jpfr-t-cte_NonOperatingIncomeAbstract" />
    <link:loc xlink:type="locator" xlink:href="http://info.edinet-fsa.go.jp/jp/fr/gaap/t/cte/2013-03-01/jpfr-t-cte-2013-03-01.xsd#jpfr-t-cte_ExtraordinaryLossAbstract" xlink:label="jpfr-t-cte_ExtraordinaryLossAbstract" />
    <link:loc xlink:type="locator" xlink:href="http://info.edinet-fsa.go.jp/jp/fr/gaap/t/cte/2013-03-01/jpfr-t-cte-2013-03-01.xsd#jpfr-t-cte_ExtraordinaryIncomeAbstract" xlink:label="jpfr-t-cte_ExtraordinaryIncomeAbstract" />
    <link:loc xlink:type="locator" xlink:href="jpfr-asr-E02778-000-2013-03-31-01-2013-06-21.xsd#jpfr-asr-E02778-000_FinancingRelatedExpensesNOE" xlink:label="jpfr-asr-E02778-000_FinancingRelatedExpensesNOE" />
    <link:loc xlink:type="locator" xlink:href="jpfr-asr-E02778-000-2013-03-31-01-2013-06-21.xsd#jpfr-asr-E02778-000_InterestExpenseToSubsidiariesAndAffiliatesNOE" xlink:label="jpfr-asr-E02778-000_InterestExpenseToSubsidiariesAndAffiliatesNOE" />
    <link:loc xlink:type="locator" xlink:href="jpfr-asr-E02778-000-2013-03-31-01-2013-06-21.xsd#jpfr-asr-E02778-000_PremiumOnPrepaymentOfLongTermDebtEL" xlink:label="jpfr-asr-E02778-000_PremiumOnPrepaymentOfLongTermDebtEL" />
    <link:loc xlink:type="locator" xlink:href="jpfr-asr-E02778-000-2013-03-31-01-2013-06-21.xsd#jpfr-asr-E02778-000_RefinancingRelatedExpenseNOE" xlink:label="jpfr-asr-E02778-000_RefinancingRelatedExpenseNOE" />
    <link:loc xlink:type="locator" xlink:href="jpfr-asr-E02778-000-2013-03-31-01-2013-06-21.xsd#jpfr-asr-E02778-000_IncomeFromInvestmentsInPartnershipsIncomeNOI" xlink:label="jpfr-asr-E02778-000_IncomeFromInvestmentsInPartnershipsIncomeNOI" />
    <link:loc xlink:type="locator" xlink:href="jpfr-asr-E02778-000-2013-03-31-01-2013-06-21.xsd#jpfr-asr-E02778-000_LumpSumRecognitionOfUnrecordedInterestOnLoanToSubsidiariesAndAffiliatesEI" xlink:label="jpfr-asr-E02778-000_LumpSumRecognitionOfUnrecordedInterestOnLoanToSubsidiariesAndAffiliatesEI" />
    <link:loc xlink:type="locator" xlink:href="jpfr-asr-E02778-000-2013-03-31-01-2013-06-21.xsd#jpfr-asr-E02778-000_UnrealizedGainLossOnValuationOfInvestmentAndGainLossOnSalesOfInvestmentAtSubsidiariesInTheUSNetEI" xlink:label="jpfr-asr-E02778-000_UnrealizedGainLossOnValuationOfInvestmentAndGainLossOnSalesOfInvestmentAtSubsidiariesInTheUSNetEI" />
    <link:definitionArc xlink:type="arc" xlink:from="jpfr-t-cte_NonOperatingExpensesAbstract" xlink:to="jpfr-asr-E02778-000_FinancingRelatedExpensesNOE" xlink:arcrole="http://www.xbrl.org/2003/arcrole/general-special" order="0.5" />
    <link:definitionArc xlink:type="arc" xlink:from="jpfr-t-cte_ExtraordinaryIncomeAbstract" xlink:to="jpfr-asr-E02778-000_PremiumOnAdvancedRedemptionOfDebtSecurityEl" xlink:arcrole="http://www.xbrl.org/2003/arcrole/general-special" order="0.875" />
    <link:definitionArc xlink:type="arc" xlink:from="jpfr-t-cte_ExtraordinaryIncomeAbstract" xlink:to="jpfr-asr-E02778-000_UnrealizedGainLossOnValuationOfInvestmentAndGainLossOnSalesOfInvestmentAtSubsidiariesInTheUSNetEI" xlink:arcrole="http://www.xbrl.org/2003/arcrole/general-special" order="0.5" />
    <link:definitionArc xlink:type="arc" xlink:from="jpfr-t-cte_ExtraordinaryIncomeAbstract" xlink:to="jpfr-asr-E02778-000_LumpSumRecognitionOfUnrecordedInterestOnLoanToSubsidiariesAndAffiliatesEI" xlink:arcrole="http://www.xbrl.org/2003/arcrole/general-special" order="0.75" />
    <link:definitionArc xlink:type="arc" xlink:from="jpfr-t-cte_ExtraordinaryLossAbstract" xlink:to="jpfr-asr-E02778-000_UnrealizedLossGainOnValuationOfInvestmentAndLossGainOnSalesOfInvestmentAtSubsidiariesInTheUSNetEL" xlink:arcrole="http://www.xbrl.org/2003/arcrole/general-special" order="0.5" />
    <link:definitionArc xlink:type="arc" xlink:from="jpfr-t-cte_NonOperatingIncomeAbstract" xlink:to="jpfr-asr-E02778-000_IncomeFromInvestmentsInPartnershipsIncomeNOI" xlink:arcrole="http://www.xbrl.org/2003/arcrole/general-special" order="0.5" />
    <link:definitionArc xlink:type="arc" xlink:from="jpfr-t-cte_NonOperatingExpensesAbstract" xlink:to="jpfr-asr-E02778-000_RefinancingRelatedExpenseNOE" xlink:arcrole="http://www.xbrl.org/2003/arcrole/general-special" order="0.75" />
    <link:definitionArc xlink:type="arc" xlink:from="jpfr-t-cte_ExtraordinaryLossAbstract" xlink:to="jpfr-asr-E02778-000_PremiumOnPrepaymentOfLongTermDebtEL" xlink:arcrole="http://www.xbrl.org/2003/arcrole/general-special" order="0.75" />
    <link:definitionArc xlink:type="arc" xlink:from="jpfr-t-cte_NonOperatingExpensesAbstract" xlink:to="jpfr-asr-E02778-000_InterestExpenseToSubsidiariesAndAffiliatesNOE" xlink:arcrole="http://www.xbrl.org/2003/arcrole/general-special" order="0.875" />
  </link:definitionLink>
  <link:definitionLink xlink:type="extended" xlink:role="http://info.edinet-fsa.go.jp/jp/fr/gaap/role/BalanceSheets">
    <link:loc xlink:type="locator" xlink:href="jpfr-asr-E02778-000-2013-03-31-01-2013-06-21.xsd#jpfr-asr-E02778-000_TelecommunicationsEquipmentNet" xlink:label="jpfr-asr-E02778-000_TelecommunicationsEquipmentNet" />
    <link:loc xlink:type="locator" xlink:href="jpfr-asr-E02778-000-2013-03-31-01-2013-06-21.xsd#jpfr-asr-E02778-000_TelecommunicationsServiceLinesNet" xlink:label="jpfr-asr-E02778-000_TelecommunicationsServiceLinesNet" />
    <link:loc xlink:type="locator" xlink:href="http://info.edinet-fsa.go.jp/jp/fr/gaap/t/cte/2013-03-01/jpfr-t-cte-2013-03-01.xsd#jpfr-t-cte_PropertyPlantAndEquipmentAbstract" xlink:label="jpfr-t-cte_PropertyPlantAndEquipmentAbstract" />
    <link:definitionArc xlink:type="arc" xlink:from="jpfr-t-cte_PropertyPlantAndEquipmentAbstract" xlink:to="jpfr-asr-E02778-000_TelecommunicationsServiceLinesNet" xlink:arcrole="http://www.xbrl.org/2003/arcrole/general-special" order="0.75" />
    <link:definitionArc xlink:type="arc" xlink:from="jpfr-t-cte_PropertyPlantAndEquipmentAbstract" xlink:to="jpfr-asr-E02778-000_TelecommunicationsEquipmentNet" xlink:arcrole="http://www.xbrl.org/2003/arcrole/general-special" order="0.5" />
  </link:definitionLink>
  <link:definitionLink xlink:type="extended" xlink:role="http://info.edinet-fsa.go.jp/jp/fr/gaap/role/StatementsOfCashFlows">
    <link:loc xlink:type="locator" xlink:href="jpfr-asr-E02778-000-2013-03-31-01-2013-06-21.xsd#jpfr-asr-E02778-000_ProceedsFromSaleAndLeaseBackOfEquipmentNewlyAcquiredFinCF" xlink:label="jpfr-asr-E02778-000_ProceedsFromSaleAndLeaseBackOfEquipmentNewlyAcquiredFinCF" />
    <link:loc xlink:type="locator" xlink:href="http://info.edinet-fsa.go.jp/jp/fr/gaap/t/cte/2013-03-01/jpfr-t-cte-2013-03-01.xsd#jpfr-t-cte_NetCashProvidedByUsedInOperatingActivitiesAbstract" xlink:label="jpfr-t-cte_NetCashProvidedByUsedInOperatingActivitiesAbstract" />
    <link:loc xlink:type="locator" xlink:href="jpfr-asr-E02778-000-2013-03-31-01-2013-06-21.xsd#jpfr-asr-E02778-000_UnrealizedLossGainOnValuationOfInvestmentAndLossGainOnSalesOfInvestmentAtSubsidiariesInTheUSNetOpeCF" xlink:label="jpfr-asr-E02778-000_UnrealizedLossGainOnValuationOfInvestmentAndLossGainOnSalesOfInvestmentAtSubsidiariesInTheUSNetOpeCF" />
    <link:loc xlink:type="locator" xlink:href="http://info.edinet-fsa.go.jp/jp/fr/gaap/t/cte/2013-03-01/jpfr-t-cte-2013-03-01.xsd#jpfr-t-cte_NetCashProvidedByUsedInFinancingActivitiesAbstract" xlink:label="jpfr-t-cte_NetCashProvidedByUsedInFinancingActivitiesAbstract" />
    <link:loc xlink:type="locator" xlink:href="jpfr-asr-E02778-000-2013-03-31-01-2013-06-21.xsd#jpfr-asr-E02778-000_ProceedsFromIssuanceOfPreferredSecuritiesByAConsolidatedSubsidiaryFinCF" xlink:label="jpfr-asr-E02778-000_ProceedsFromIssuanceOfPreferredSecuritiesByAConsolidatedSubsidiaryFinCF" />
    <link:loc xlink:type="locator" xlink:href="http://info.edinet-fsa.go.jp/jp/fr/gaap/t/cte/2013-03-01/jpfr-t-cte-2013-03-01.xsd#jpfr-t-cte_NetCashProvidedByUsedInInvestmentActivitiesAbstract" xlink:label="jpfr-t-cte_NetCashProvidedByUsedInInvestmentActivitiesAbstract" />
    <link:loc xlink:type="locator" xlink:href="jpfr-asr-E02778-000-2013-03-31-01-2013-06-21.xsd#jpfr-asr-E02778-000_ProceedsFromAdvancedRedemptionOfDebtSecurityInvCF" xlink:label="jpfr-asr-E02778-000_ProceedsFromAdvancedRedemptionOfDebtSecurityInvCF" />
    <link:loc xlink:type="locator" xlink:href="jpfr-asr-E02778-000-2013-03-31-01-2013-06-21.xsd#jpfr-asr-E02778-000_PaymentsForAcquisitionOfMinorityInterestsAndLongTemDebtFinCF" xlink:label="jpfr-asr-E02778-000_PaymentsForAcquisitionOfMinorityInterestsAndLongTemDebtFinCF" />
    <link:definitionArc xlink:type="arc" xlink:from="jpfr-t-cte_NetCashProvidedByUsedInInvestmentActivitiesAbstract" xlink:to="jpfr-asr-E02778-000_ProceedsFromAdvancedRedemptionOfDebtSecurityInvCF" xlink:arcrole="http://www.xbrl.org/2003/arcrole/general-special" order="0.5" />
    <link:definitionArc xlink:type="arc" xlink:from="jpfr-t-cte_NetCashProvidedByUsedInFinancingActivitiesAbstract" xlink:to="jpfr-asr-E02778-000_PaymentsForAcquisitionOfMinorityInterestsAndLongTemDebtFinCF" xlink:arcrole="http://www.xbrl.org/2003/arcrole/general-special" order="0.875" />
    <link:definitionArc xlink:type="arc" xlink:from="jpfr-t-cte_NetCashProvidedByUsedInOperatingActivitiesAbstract" xlink:to="jpfr-asr-E02778-000_UnrealizedLossGainOnValuationOfInvestmentAndLossGainOnSalesOfInvestmentAtSubsidiariesInTheUSNetOpeCF" xlink:arcrole="http://www.xbrl.org/2003/arcrole/general-special" order="0.5" />
    <link:definitionArc xlink:type="arc" xlink:from="jpfr-t-cte_NetCashProvidedByUsedInFinancingActivitiesAbstract" xlink:to="jpfr-asr-E02778-000_ProceedsFromIssuanceOfPreferredSecuritiesByAConsolidatedSubsidiaryFinCF" xlink:arcrole="http://www.xbrl.org/2003/arcrole/general-special" order="0.5" />
    <link:definitionArc xlink:type="arc" xlink:from="jpfr-t-cte_NetCashProvidedByUsedInFinancingActivitiesAbstract" xlink:to="jpfr-asr-E02778-000_ProceedsFromSaleAndLeaseBackOfEquipmentNewlyAcquiredFinCF" xlink:arcrole="http://www.xbrl.org/2003/arcrole/general-special" order="0.75" />
  </link:definitionLink>
</link:linkbase>