﻿<?xml version="1.0" encoding="utf-8"?>
<!-- Edited with XiRUTE .NET Library 01-04 -->
<link:linkbase xmlns:xlink="http://www.w3.org/1999/xlink" xmlns:xsi="http://www.w3.org/2001/XMLSchema-instance" xmlns:link="http://www.xbrl.org/2003/linkbase">
  <link:roleRef xlink:type="simple" xlink:href="http://info.edinet-fsa.go.jp/jp/fr/gaap/o/rt/2013-03-01/jpfr-rt-2013-03-01.xsd#RoleConsolidatedBalanceSheets" roleURI="http://info.edinet-fsa.go.jp/jp/fr/gaap/role/ConsolidatedBalanceSheets" />
  <link:roleRef xlink:type="simple" xlink:href="http://info.edinet-fsa.go.jp/jp/fr/gaap/o/rt/2013-03-01/jpfr-rt-2013-03-01.xsd#RoleConsolidatedStatementsOfCashFlowsIndirect" roleURI="http://info.edinet-fsa.go.jp/jp/fr/gaap/role/ConsolidatedStatementsOfCashFlowsIndirect" />
  <link:roleRef xlink:type="simple" xlink:href="http://info.edinet-fsa.go.jp/jp/fr/gaap/o/rt/2013-03-01/jpfr-rt-2013-03-01.xsd#RoleConsolidatedStatementsOfChangesInNetAssets" roleURI="http://info.edinet-fsa.go.jp/jp/fr/gaap/role/ConsolidatedStatementsOfChangesInNetAssets" />
  <link:roleRef xlink:type="simple" xlink:href="http://info.edinet-fsa.go.jp/jp/fr/gaap/o/rt/2013-03-01/jpfr-rt-2013-03-01.xsd#RoleConsolidatedStatementsOfChangesInNetAssets2" roleURI="http://info.edinet-fsa.go.jp/jp/fr/gaap/role/ConsolidatedStatementsOfChangesInNetAssets2" />
  <link:roleRef xlink:type="simple" xlink:href="http://info.edinet-fsa.go.jp/jp/fr/gaap/o/rt/2013-03-01/jpfr-rt-2013-03-01.xsd#RoleConsolidatedStatementsOfIncome" roleURI="http://info.edinet-fsa.go.jp/jp/fr/gaap/role/ConsolidatedStatementsOfIncome" />
  <link:roleRef xlink:type="simple" xlink:href="http://info.edinet-fsa.go.jp/jp/fr/gaap/o/rt/2013-03-01/jpfr-rt-2013-03-01.xsd#RoleNonConsolidatedBalanceSheets" roleURI="http://info.edinet-fsa.go.jp/jp/fr/gaap/role/NonConsolidatedBalanceSheets" />
  <link:roleRef xlink:type="simple" xlink:href="http://info.edinet-fsa.go.jp/jp/fr/gaap/o/rt/2013-03-01/jpfr-rt-2013-03-01.xsd#RoleNonConsolidatedStatementsOfChangesInNetAssets" roleURI="http://info.edinet-fsa.go.jp/jp/fr/gaap/role/NonConsolidatedStatementsOfChangesInNetAssets" />
  <link:roleRef xlink:type="simple" xlink:href="http://info.edinet-fsa.go.jp/jp/fr/gaap/o/rt/2013-03-01/jpfr-rt-2013-03-01.xsd#RoleNonConsolidatedStatementsOfChangesInNetAssets2" roleURI="http://info.edinet-fsa.go.jp/jp/fr/gaap/role/NonConsolidatedStatementsOfChangesInNetAssets2" />
  <link:roleRef xlink:type="simple" xlink:href="http://info.edinet-fsa.go.jp/jp/fr/gaap/o/rt/2013-03-01/jpfr-rt-2013-03-01.xsd#RoleNonConsolidatedStatementsOfIncome" roleURI="http://info.edinet-fsa.go.jp/jp/fr/gaap/role/NonConsolidatedStatementsOfIncome" />
  <link:calculationLink xlink:type="extended" xlink:role="http://info.edinet-fsa.go.jp/jp/fr/gaap/role/NonConsolidatedStatementsOfChangesInNetAssets2">
    <link:loc xlink:type="locator" xlink:href="http://info.edinet-fsa.go.jp/jp/fr/gaap/t/cte/2013-03-01/jpfr-t-cte-2013-03-01.xsd#jpfr-t-cte_PurchaseOfTreasuryStockTS" xlink:label="jpfr-t-cte_PurchaseOfTreasuryStockTS" />
    <link:loc xlink:type="locator" xlink:href="http://info.edinet-fsa.go.jp/jp/fr/gaap/t/cte/2013-03-01/jpfr-t-cte-2013-03-01.xsd#jpfr-t-cte_DisposalOfTreasuryStockCS" xlink:label="jpfr-t-cte_DisposalOfTreasuryStockCS" />
    <link:loc xlink:type="locator" xlink:href="http://info.edinet-fsa.go.jp/jp/fr/gaap/t/cte/2013-03-01/jpfr-t-cte-2013-03-01.xsd#jpfr-t-cte_DisposalOfTreasuryStockOCS" xlink:label="jpfr-t-cte_DisposalOfTreasuryStockOCS" />
    <link:loc xlink:type="locator" xlink:href="http://info.edinet-fsa.go.jp/jp/fr/gaap/t/cte/2013-03-01/jpfr-t-cte-2013-03-01.xsd#jpfr-t-cte_IncreaseByShareExchangesCS" xlink:label="jpfr-t-cte_IncreaseByShareExchangesCS" />
    <link:loc xlink:type="locator" xlink:href="http://info.edinet-fsa.go.jp/jp/fr/gaap/t/cte/2013-03-01/jpfr-t-cte-2013-03-01.xsd#jpfr-t-cte_IncreaseByShareExchangesSE" xlink:label="jpfr-t-cte_IncreaseByShareExchangesSE" />
    <link:loc xlink:type="locator" xlink:href="http://info.edinet-fsa.go.jp/jp/fr/gaap/t/cte/2013-03-01/jpfr-t-cte-2013-03-01.xsd#jpfr-t-cte_PurchaseOfTreasuryStockSE" xlink:label="jpfr-t-cte_PurchaseOfTreasuryStockSE" />
    <link:loc xlink:type="locator" xlink:href="http://info.edinet-fsa.go.jp/jp/fr/gaap/t/cte/2013-03-01/jpfr-t-cte-2013-03-01.xsd#jpfr-t-cte_IncreaseByShareExchangesNA" xlink:label="jpfr-t-cte_IncreaseByShareExchangesNA" />
    <link:loc xlink:type="locator" xlink:href="http://info.edinet-fsa.go.jp/jp/fr/gaap/t/cte/2013-03-01/jpfr-t-cte-2013-03-01.xsd#jpfr-t-cte_DisposalOfTreasuryStockSE" xlink:label="jpfr-t-cte_DisposalOfTreasuryStockSE" />
    <link:loc xlink:type="locator" xlink:href="http://info.edinet-fsa.go.jp/jp/fr/gaap/t/cte/2013-03-01/jpfr-t-cte-2013-03-01.xsd#jpfr-t-cte_PurchaseOfTreasuryStockNA" xlink:label="jpfr-t-cte_PurchaseOfTreasuryStockNA" />
    <link:loc xlink:type="locator" xlink:href="http://info.edinet-fsa.go.jp/jp/fr/gaap/t/cte/2013-03-01/jpfr-t-cte-2013-03-01.xsd#jpfr-t-cte_IncreaseByShareExchangesLCS" xlink:label="jpfr-t-cte_IncreaseByShareExchangesLCS" />
    <link:calculationArc xlink:type="arc" xlink:from="jpfr-t-cte_DisposalOfTreasuryStockSE" xlink:to="jpfr-t-cte_DisposalOfTreasuryStockCS" xlink:arcrole="http://www.xbrl.org/2003/arcrole/summation-item" order="0.5" weight="1" />
    <link:calculationArc xlink:type="arc" xlink:from="jpfr-t-cte_PurchaseOfTreasuryStockNA" xlink:to="jpfr-t-cte_PurchaseOfTreasuryStockSE" xlink:arcrole="http://www.xbrl.org/2003/arcrole/summation-item" order="1" weight="1" />
    <link:calculationArc xlink:type="arc" xlink:from="jpfr-t-cte_IncreaseByShareExchangesSE" xlink:to="jpfr-t-cte_IncreaseByShareExchangesCS" xlink:arcrole="http://www.xbrl.org/2003/arcrole/summation-item" order="1" weight="1" />
    <link:calculationArc xlink:type="arc" xlink:from="jpfr-t-cte_IncreaseByShareExchangesCS" xlink:to="jpfr-t-cte_IncreaseByShareExchangesLCS" xlink:arcrole="http://www.xbrl.org/2003/arcrole/summation-item" order="1" weight="1" />
    <link:calculationArc xlink:type="arc" xlink:from="jpfr-t-cte_PurchaseOfTreasuryStockSE" xlink:to="jpfr-t-cte_PurchaseOfTreasuryStockTS" xlink:arcrole="http://www.xbrl.org/2003/arcrole/summation-item" order="1" weight="1" />
    <link:calculationArc xlink:type="arc" xlink:from="jpfr-t-cte_IncreaseByShareExchangesNA" xlink:to="jpfr-t-cte_IncreaseByShareExchangesSE" xlink:arcrole="http://www.xbrl.org/2003/arcrole/summation-item" order="1" weight="1" />
    <link:calculationArc xlink:type="arc" xlink:from="jpfr-t-cte_DisposalOfTreasuryStockCS" xlink:to="jpfr-t-cte_DisposalOfTreasuryStockOCS" xlink:arcrole="http://www.xbrl.org/2003/arcrole/summation-item" order="1" weight="1" />
  </link:calculationLink>
  <link:calculationLink xlink:type="extended" xlink:role="http://info.edinet-fsa.go.jp/jp/fr/gaap/role/ConsolidatedStatementsOfChangesInNetAssets">
    <link:loc xlink:type="locator" xlink:href="http://info.edinet-fsa.go.jp/jp/fr/gaap/t/cte/2013-03-01/jpfr-t-cte-2013-03-01.xsd#jpfr-t-cte_TotalChangesOfItemsDuringThePeriodCS" xlink:label="jpfr-t-cte_TotalChangesOfItemsDuringThePeriodCS" />
    <link:loc xlink:type="locator" xlink:href="http://info.edinet-fsa.go.jp/jp/fr/gaap/t/cte/2013-03-01/jpfr-t-cte-2013-03-01.xsd#jpfr-t-cte_PurchaseOfTreasuryStockSE" xlink:label="jpfr-t-cte_PurchaseOfTreasuryStockSE" />
    <link:loc xlink:type="locator" xlink:href="http://info.edinet-fsa.go.jp/jp/fr/gaap/t/cte/2013-03-01/jpfr-t-cte-2013-03-01.xsd#jpfr-t-cte_PurchaseOfTreasuryStockNA" xlink:label="jpfr-t-cte_PurchaseOfTreasuryStockNA" />
    <link:loc xlink:type="locator" xlink:href="http://info.edinet-fsa.go.jp/jp/fr/gaap/t/cte/2013-03-01/jpfr-t-cte-2013-03-01.xsd#jpfr-t-cte_ChangeOfScopeOfEquityMethodNA" xlink:label="jpfr-t-cte_ChangeOfScopeOfEquityMethodNA" />
    <link:loc xlink:type="locator" xlink:href="http://info.edinet-fsa.go.jp/jp/fr/gaap/t/cte/2013-03-01/jpfr-t-cte-2013-03-01.xsd#jpfr-t-cte_TotalChangesOfItemsDuringThePeriodNA" xlink:label="jpfr-t-cte_TotalChangesOfItemsDuringThePeriodNA" />
    <link:loc xlink:type="locator" xlink:href="http://info.edinet-fsa.go.jp/jp/fr/gaap/t/cte/2013-03-01/jpfr-t-cte-2013-03-01.xsd#jpfr-t-cte_IncreaseByShareExchangesCS" xlink:label="jpfr-t-cte_IncreaseByShareExchangesCS" />
    <link:loc xlink:type="locator" xlink:href="http://info.edinet-fsa.go.jp/jp/fr/gaap/t/cte/2013-03-01/jpfr-t-cte-2013-03-01.xsd#jpfr-t-cte_ChangeOfScopeOfEquityMethodRE" xlink:label="jpfr-t-cte_ChangeOfScopeOfEquityMethodRE" />
    <link:loc xlink:type="locator" xlink:href="jpfr-asr-E02778-000-2013-03-31-01-2013-06-21.xsd#jpfr-asr-E02778-000_ChangesInAForeignAffiliateSOwnershipInterestInItsSubsidiaryThatDoNotResultInALossOfControlSE" xlink:label="jpfr-asr-E02778-000_ChangesInAForeignAffiliateSOwnershipInterestInItsSubsidiaryThatDoNotResultInALossOfControlSE" />
    <link:loc xlink:type="locator" xlink:href="http://info.edinet-fsa.go.jp/jp/fr/gaap/t/cte/2013-03-01/jpfr-t-cte-2013-03-01.xsd#jpfr-t-cte_ChangeOfScopeOfConsolidationRE" xlink:label="jpfr-t-cte_ChangeOfScopeOfConsolidationRE" />
    <link:loc xlink:type="locator" xlink:href="http://info.edinet-fsa.go.jp/jp/fr/gaap/t/cte/2013-03-01/jpfr-t-cte-2013-03-01.xsd#jpfr-t-cte_TotalChangesOfItemsDuringThePeriodRE" xlink:label="jpfr-t-cte_TotalChangesOfItemsDuringThePeriodRE" />
    <link:loc xlink:type="locator" xlink:href="http://info.edinet-fsa.go.jp/jp/fr/gaap/t/cte/2013-03-01/jpfr-t-cte-2013-03-01.xsd#jpfr-t-cte_ChangeOfScopeOfConsolidationNA" xlink:label="jpfr-t-cte_ChangeOfScopeOfConsolidationNA" />
    <link:loc xlink:type="locator" xlink:href="http://info.edinet-fsa.go.jp/jp/fr/gaap/t/cte/2013-03-01/jpfr-t-cte-2013-03-01.xsd#jpfr-t-cte_TotalChangesOfItemsDuringThePeriodTS" xlink:label="jpfr-t-cte_TotalChangesOfItemsDuringThePeriodTS" />
    <link:loc xlink:type="locator" xlink:href="http://info.edinet-fsa.go.jp/jp/fr/gaap/t/cte/2013-03-01/jpfr-t-cte-2013-03-01.xsd#jpfr-t-cte_IncreaseByShareExchangesSE" xlink:label="jpfr-t-cte_IncreaseByShareExchangesSE" />
    <link:loc xlink:type="locator" xlink:href="http://info.edinet-fsa.go.jp/jp/fr/gaap/t/cte/2013-03-01/jpfr-t-cte-2013-03-01.xsd#jpfr-t-cte_PurchaseOfTreasuryStockTS" xlink:label="jpfr-t-cte_PurchaseOfTreasuryStockTS" />
    <link:loc xlink:type="locator" xlink:href="http://info.edinet-fsa.go.jp/jp/fr/gaap/t/cte/2013-03-01/jpfr-t-cte-2013-03-01.xsd#jpfr-t-cte_DisposalOfTreasuryStockCS" xlink:label="jpfr-t-cte_DisposalOfTreasuryStockCS" />
    <link:loc xlink:type="locator" xlink:href="http://info.edinet-fsa.go.jp/jp/fr/gaap/t/cte/2013-03-01/jpfr-t-cte-2013-03-01.xsd#jpfr-t-cte_IncreaseByShareExchangesNA" xlink:label="jpfr-t-cte_IncreaseByShareExchangesNA" />
    <link:loc xlink:type="locator" xlink:href="jpfr-asr-E02778-000-2013-03-31-01-2013-06-21.xsd#jpfr-asr-E02778-000_ChangesInAForeignAffiliateSOwnershipInterestInItsSubsidiaryThatDoNotResultInALossOfControlNA" xlink:label="jpfr-asr-E02778-000_ChangesInAForeignAffiliateSOwnershipInterestInItsSubsidiaryThatDoNotResultInALossOfControlNA" />
    <link:loc xlink:type="locator" xlink:href="http://info.edinet-fsa.go.jp/jp/fr/gaap/t/cte/2013-03-01/jpfr-t-cte-2013-03-01.xsd#jpfr-t-cte_ChangeOfScopeOfConsolidationSE" xlink:label="jpfr-t-cte_ChangeOfScopeOfConsolidationSE" />
    <link:loc xlink:type="locator" xlink:href="http://info.edinet-fsa.go.jp/jp/fr/gaap/t/cte/2013-03-01/jpfr-t-cte-2013-03-01.xsd#jpfr-t-cte_TotalChangesOfItemsDuringThePeriodSE" xlink:label="jpfr-t-cte_TotalChangesOfItemsDuringThePeriodSE" />
    <link:loc xlink:type="locator" xlink:href="http://info.edinet-fsa.go.jp/jp/fr/gaap/t/cte/2013-03-01/jpfr-t-cte-2013-03-01.xsd#jpfr-t-cte_ChangeOfScopeOfEquityMethodSE" xlink:label="jpfr-t-cte_ChangeOfScopeOfEquityMethodSE" />
    <link:loc xlink:type="locator" xlink:href="jpfr-asr-E02778-000-2013-03-31-01-2013-06-21.xsd#jpfr-asr-E02778-000_ChangesInAForeignAffiliateSOwnershipInterestInItsSubsidiaryThatDoNotResultInALossOfControlCS" xlink:label="jpfr-asr-E02778-000_ChangesInAForeignAffiliateSOwnershipInterestInItsSubsidiaryThatDoNotResultInALossOfControlCS" />
    <link:calculationArc xlink:type="arc" xlink:from="jpfr-t-cte_TotalChangesOfItemsDuringThePeriodNA" xlink:to="jpfr-t-cte_PurchaseOfTreasuryStockNA" xlink:arcrole="http://www.xbrl.org/2003/arcrole/summation-item" order="3.5" weight="1" />
    <link:calculationArc xlink:type="arc" xlink:from="jpfr-t-cte_TotalChangesOfItemsDuringThePeriodCS" xlink:to="jpfr-asr-E02778-000_ChangesInAForeignAffiliateSOwnershipInterestInItsSubsidiaryThatDoNotResultInALossOfControlCS" xlink:arcrole="http://www.xbrl.org/2003/arcrole/summation-item" order="4" weight="1" />
    <link:calculationArc xlink:type="arc" xlink:from="jpfr-t-cte_TotalChangesOfItemsDuringThePeriodSE" xlink:to="jpfr-t-cte_IncreaseByShareExchangesSE" xlink:arcrole="http://www.xbrl.org/2003/arcrole/summation-item" order="5" weight="1" />
    <link:calculationArc xlink:type="arc" xlink:from="jpfr-t-cte_TotalChangesOfItemsDuringThePeriodRE" xlink:to="jpfr-t-cte_ChangeOfScopeOfConsolidationRE" xlink:arcrole="http://www.xbrl.org/2003/arcrole/summation-item" order="3" weight="1" />
    <link:calculationArc xlink:type="arc" xlink:from="jpfr-t-cte_TotalChangesOfItemsDuringThePeriodNA" xlink:to="jpfr-t-cte_IncreaseByShareExchangesNA" xlink:arcrole="http://www.xbrl.org/2003/arcrole/summation-item" order="4.5" weight="1" />
    <link:calculationArc xlink:type="arc" xlink:from="jpfr-t-cte_TotalChangesOfItemsDuringThePeriodSE" xlink:to="jpfr-t-cte_ChangeOfScopeOfEquityMethodSE" xlink:arcrole="http://www.xbrl.org/2003/arcrole/summation-item" order="7" weight="1" />
    <link:calculationArc xlink:type="arc" xlink:from="jpfr-t-cte_TotalChangesOfItemsDuringThePeriodNA" xlink:to="jpfr-asr-E02778-000_ChangesInAForeignAffiliateSOwnershipInterestInItsSubsidiaryThatDoNotResultInALossOfControlNA" xlink:arcrole="http://www.xbrl.org/2003/arcrole/summation-item" order="4.9375" weight="1" />
    <link:calculationArc xlink:type="arc" xlink:from="jpfr-t-cte_TotalChangesOfItemsDuringThePeriodRE" xlink:to="jpfr-t-cte_ChangeOfScopeOfEquityMethodRE" xlink:arcrole="http://www.xbrl.org/2003/arcrole/summation-item" order="4" weight="1" />
    <link:calculationArc xlink:type="arc" xlink:from="jpfr-t-cte_TotalChangesOfItemsDuringThePeriodNA" xlink:to="jpfr-t-cte_ChangeOfScopeOfEquityMethodNA" xlink:arcrole="http://www.xbrl.org/2003/arcrole/summation-item" order="4.875" weight="1" />
    <link:calculationArc xlink:type="arc" xlink:from="jpfr-t-cte_TotalChangesOfItemsDuringThePeriodCS" xlink:to="jpfr-t-cte_IncreaseByShareExchangesCS" xlink:arcrole="http://www.xbrl.org/2003/arcrole/summation-item" order="3" weight="1" />
    <link:calculationArc xlink:type="arc" xlink:from="jpfr-t-cte_TotalChangesOfItemsDuringThePeriodCS" xlink:to="jpfr-t-cte_DisposalOfTreasuryStockCS" xlink:arcrole="http://www.xbrl.org/2003/arcrole/summation-item" order="2" weight="1" />
    <link:calculationArc xlink:type="arc" xlink:from="jpfr-t-cte_TotalChangesOfItemsDuringThePeriodSE" xlink:to="jpfr-t-cte_PurchaseOfTreasuryStockSE" xlink:arcrole="http://www.xbrl.org/2003/arcrole/summation-item" order="3.5" weight="1" />
    <link:calculationArc xlink:type="arc" xlink:from="jpfr-t-cte_TotalChangesOfItemsDuringThePeriodSE" xlink:to="jpfr-t-cte_ChangeOfScopeOfConsolidationSE" xlink:arcrole="http://www.xbrl.org/2003/arcrole/summation-item" order="6" weight="1" />
    <link:calculationArc xlink:type="arc" xlink:from="jpfr-t-cte_TotalChangesOfItemsDuringThePeriodTS" xlink:to="jpfr-t-cte_PurchaseOfTreasuryStockTS" xlink:arcrole="http://www.xbrl.org/2003/arcrole/summation-item" order="0.5" weight="1" />
    <link:calculationArc xlink:type="arc" xlink:from="jpfr-t-cte_TotalChangesOfItemsDuringThePeriodSE" xlink:to="jpfr-asr-E02778-000_ChangesInAForeignAffiliateSOwnershipInterestInItsSubsidiaryThatDoNotResultInALossOfControlSE" xlink:arcrole="http://www.xbrl.org/2003/arcrole/summation-item" order="8" weight="1" />
    <link:calculationArc xlink:type="arc" xlink:from="jpfr-t-cte_TotalChangesOfItemsDuringThePeriodNA" xlink:to="jpfr-t-cte_ChangeOfScopeOfConsolidationNA" xlink:arcrole="http://www.xbrl.org/2003/arcrole/summation-item" order="4.75" weight="1" />
  </link:calculationLink>
  <link:calculationLink xlink:type="extended" xlink:role="http://info.edinet-fsa.go.jp/jp/fr/gaap/role/NonConsolidatedStatementsOfChangesInNetAssets">
    <link:loc xlink:type="locator" xlink:href="http://info.edinet-fsa.go.jp/jp/fr/gaap/t/cte/2013-03-01/jpfr-t-cte-2013-03-01.xsd#jpfr-t-cte_DisposalOfTreasuryStockOCS" xlink:label="jpfr-t-cte_DisposalOfTreasuryStockOCS" />
    <link:loc xlink:type="locator" xlink:href="http://info.edinet-fsa.go.jp/jp/fr/gaap/t/cte/2013-03-01/jpfr-t-cte-2013-03-01.xsd#jpfr-t-cte_PurchaseOfTreasuryStockSE" xlink:label="jpfr-t-cte_PurchaseOfTreasuryStockSE" />
    <link:loc xlink:type="locator" xlink:href="http://info.edinet-fsa.go.jp/jp/fr/gaap/t/cte/2013-03-01/jpfr-t-cte-2013-03-01.xsd#jpfr-t-cte_PurchaseOfTreasuryStockNA" xlink:label="jpfr-t-cte_PurchaseOfTreasuryStockNA" />
    <link:loc xlink:type="locator" xlink:href="http://info.edinet-fsa.go.jp/jp/fr/gaap/t/cte/2013-03-01/jpfr-t-cte-2013-03-01.xsd#jpfr-t-cte_TotalChangesOfItemsDuringThePeriodTS" xlink:label="jpfr-t-cte_TotalChangesOfItemsDuringThePeriodTS" />
    <link:loc xlink:type="locator" xlink:href="http://info.edinet-fsa.go.jp/jp/fr/gaap/t/cte/2013-03-01/jpfr-t-cte-2013-03-01.xsd#jpfr-t-cte_TotalChangesOfItemsDuringThePeriodNA" xlink:label="jpfr-t-cte_TotalChangesOfItemsDuringThePeriodNA" />
    <link:loc xlink:type="locator" xlink:href="http://info.edinet-fsa.go.jp/jp/fr/gaap/t/cte/2013-03-01/jpfr-t-cte-2013-03-01.xsd#jpfr-t-cte_TotalChangesOfItemsDuringThePeriodLCS" xlink:label="jpfr-t-cte_TotalChangesOfItemsDuringThePeriodLCS" />
    <link:loc xlink:type="locator" xlink:href="http://info.edinet-fsa.go.jp/jp/fr/gaap/t/cte/2013-03-01/jpfr-t-cte-2013-03-01.xsd#jpfr-t-cte_TotalChangesOfItemsDuringThePeriodCS" xlink:label="jpfr-t-cte_TotalChangesOfItemsDuringThePeriodCS" />
    <link:loc xlink:type="locator" xlink:href="http://info.edinet-fsa.go.jp/jp/fr/gaap/t/cte/2013-03-01/jpfr-t-cte-2013-03-01.xsd#jpfr-t-cte_TotalChangesOfItemsDuringThePeriodSE" xlink:label="jpfr-t-cte_TotalChangesOfItemsDuringThePeriodSE" />
    <link:loc xlink:type="locator" xlink:href="http://info.edinet-fsa.go.jp/jp/fr/gaap/t/cte/2013-03-01/jpfr-t-cte-2013-03-01.xsd#jpfr-t-cte_IncreaseByShareExchangesSE" xlink:label="jpfr-t-cte_IncreaseByShareExchangesSE" />
    <link:loc xlink:type="locator" xlink:href="http://info.edinet-fsa.go.jp/jp/fr/gaap/t/cte/2013-03-01/jpfr-t-cte-2013-03-01.xsd#jpfr-t-cte_PurchaseOfTreasuryStockTS" xlink:label="jpfr-t-cte_PurchaseOfTreasuryStockTS" />
    <link:loc xlink:type="locator" xlink:href="http://info.edinet-fsa.go.jp/jp/fr/gaap/t/cte/2013-03-01/jpfr-t-cte-2013-03-01.xsd#jpfr-t-cte_DisposalOfTreasuryStockCS" xlink:label="jpfr-t-cte_DisposalOfTreasuryStockCS" />
    <link:loc xlink:type="locator" xlink:href="http://info.edinet-fsa.go.jp/jp/fr/gaap/t/cte/2013-03-01/jpfr-t-cte-2013-03-01.xsd#jpfr-t-cte_IncreaseByShareExchangesNA" xlink:label="jpfr-t-cte_IncreaseByShareExchangesNA" />
    <link:loc xlink:type="locator" xlink:href="http://info.edinet-fsa.go.jp/jp/fr/gaap/t/cte/2013-03-01/jpfr-t-cte-2013-03-01.xsd#jpfr-t-cte_TotalChangesOfItemsDuringThePeriodOCS" xlink:label="jpfr-t-cte_TotalChangesOfItemsDuringThePeriodOCS" />
    <link:loc xlink:type="locator" xlink:href="http://info.edinet-fsa.go.jp/jp/fr/gaap/t/cte/2013-03-01/jpfr-t-cte-2013-03-01.xsd#jpfr-t-cte_IncreaseByShareExchangesCS" xlink:label="jpfr-t-cte_IncreaseByShareExchangesCS" />
    <link:loc xlink:type="locator" xlink:href="http://info.edinet-fsa.go.jp/jp/fr/gaap/t/cte/2013-03-01/jpfr-t-cte-2013-03-01.xsd#jpfr-t-cte_IncreaseByShareExchangesLCS" xlink:label="jpfr-t-cte_IncreaseByShareExchangesLCS" />
    <link:calculationArc xlink:type="arc" xlink:from="jpfr-t-cte_TotalChangesOfItemsDuringThePeriodNA" xlink:to="jpfr-t-cte_PurchaseOfTreasuryStockNA" xlink:arcrole="http://www.xbrl.org/2003/arcrole/summation-item" order="3.5" weight="1" />
    <link:calculationArc xlink:type="arc" xlink:from="jpfr-t-cte_TotalChangesOfItemsDuringThePeriodCS" xlink:to="jpfr-t-cte_DisposalOfTreasuryStockCS" xlink:arcrole="http://www.xbrl.org/2003/arcrole/summation-item" order="2" weight="1" />
    <link:calculationArc xlink:type="arc" xlink:from="jpfr-t-cte_TotalChangesOfItemsDuringThePeriodTS" xlink:to="jpfr-t-cte_PurchaseOfTreasuryStockTS" xlink:arcrole="http://www.xbrl.org/2003/arcrole/summation-item" order="0.5" weight="1" />
    <link:calculationArc xlink:type="arc" xlink:from="jpfr-t-cte_TotalChangesOfItemsDuringThePeriodCS" xlink:to="jpfr-t-cte_IncreaseByShareExchangesCS" xlink:arcrole="http://www.xbrl.org/2003/arcrole/summation-item" order="3" weight="1" />
    <link:calculationArc xlink:type="arc" xlink:from="jpfr-t-cte_TotalChangesOfItemsDuringThePeriodNA" xlink:to="jpfr-t-cte_IncreaseByShareExchangesNA" xlink:arcrole="http://www.xbrl.org/2003/arcrole/summation-item" order="4.5" weight="1" />
    <link:calculationArc xlink:type="arc" xlink:from="jpfr-t-cte_TotalChangesOfItemsDuringThePeriodOCS" xlink:to="jpfr-t-cte_DisposalOfTreasuryStockOCS" xlink:arcrole="http://www.xbrl.org/2003/arcrole/summation-item" order="1" weight="1" />
    <link:calculationArc xlink:type="arc" xlink:from="jpfr-t-cte_TotalChangesOfItemsDuringThePeriodSE" xlink:to="jpfr-t-cte_IncreaseByShareExchangesSE" xlink:arcrole="http://www.xbrl.org/2003/arcrole/summation-item" order="5" weight="1" />
    <link:calculationArc xlink:type="arc" xlink:from="jpfr-t-cte_TotalChangesOfItemsDuringThePeriodSE" xlink:to="jpfr-t-cte_PurchaseOfTreasuryStockSE" xlink:arcrole="http://www.xbrl.org/2003/arcrole/summation-item" order="3.5" weight="1" />
    <link:calculationArc xlink:type="arc" xlink:from="jpfr-t-cte_TotalChangesOfItemsDuringThePeriodLCS" xlink:to="jpfr-t-cte_IncreaseByShareExchangesLCS" xlink:arcrole="http://www.xbrl.org/2003/arcrole/summation-item" order="2" weight="1" />
  </link:calculationLink>
  <link:calculationLink xlink:type="extended" xlink:role="http://info.edinet-fsa.go.jp/jp/fr/gaap/role/NonConsolidatedStatementsOfIncome">
    <link:loc xlink:type="locator" xlink:href="http://info.edinet-fsa.go.jp/jp/fr/gaap/t/cte/2013-03-01/jpfr-t-cte-2013-03-01.xsd#jpfr-t-cte_GainOnSalesOfInvestmentSecuritiesEI" xlink:label="jpfr-t-cte_GainOnSalesOfInvestmentSecuritiesEI" />
    <link:loc xlink:type="locator" xlink:href="http://info.edinet-fsa.go.jp/jp/fr/gaap/t/cte/2013-03-01/jpfr-t-cte-2013-03-01.xsd#jpfr-t-cte_InterestOnLoansToSubsidiariesAndAffiliatesRevOA" xlink:label="jpfr-t-cte_InterestOnLoansToSubsidiariesAndAffiliatesRevOA" />
    <link:loc xlink:type="locator" xlink:href="http://info.edinet-fsa.go.jp/jp/fr/gaap/t/cte/2013-03-01/jpfr-t-cte-2013-03-01.xsd#jpfr-t-cte_GainOnSalesOfSubsidiariesAndAffiliatesStocksEI" xlink:label="jpfr-t-cte_GainOnSalesOfSubsidiariesAndAffiliatesStocksEI" />
    <link:loc xlink:type="locator" xlink:href="http://info.edinet-fsa.go.jp/jp/fr/gaap/t/cte/2013-03-01/jpfr-t-cte-2013-03-01.xsd#jpfr-t-cte_ExtraordinaryLoss" xlink:label="jpfr-t-cte_ExtraordinaryLoss" />
    <link:loc xlink:type="locator" xlink:href="http://info.edinet-fsa.go.jp/jp/fr/gaap/t/cte/2013-03-01/jpfr-t-cte-2013-03-01.xsd#jpfr-t-cte_ExtraordinaryIncome" xlink:label="jpfr-t-cte_ExtraordinaryIncome" />
    <link:loc xlink:type="locator" xlink:href="http://info.edinet-fsa.go.jp/jp/fr/gaap/t/cte/2013-03-01/jpfr-t-cte-2013-03-01.xsd#jpfr-t-cte_GainOnLiquidationOfSubsidiariesAndAffiliatesEI" xlink:label="jpfr-t-cte_GainOnLiquidationOfSubsidiariesAndAffiliatesEI" />
    <link:loc xlink:type="locator" xlink:href="http://info.edinet-fsa.go.jp/jp/fr/gaap/t/cte/2013-03-01/jpfr-t-cte-2013-03-01.xsd#jpfr-t-cte_LossOnValuationOfStocksOfSubsidiariesAndAffiliatesEL" xlink:label="jpfr-t-cte_LossOnValuationOfStocksOfSubsidiariesAndAffiliatesEL" />
    <link:loc xlink:type="locator" xlink:href="http://info.edinet-fsa.go.jp/jp/fr/gaap/t/cte/2013-03-01/jpfr-t-cte-2013-03-01.xsd#jpfr-t-cte_OtherNOI" xlink:label="jpfr-t-cte_OtherNOI" />
    <link:loc xlink:type="locator" xlink:href="jpfr-asr-E02778-000-2013-03-31-01-2013-06-21.xsd#jpfr-asr-E02778-000_PremiumOnAdvancedRedemptionOfDebtSecurityEl" xlink:label="jpfr-asr-E02778-000_PremiumOnAdvancedRedemptionOfDebtSecurityEl" />
    <link:loc xlink:type="locator" xlink:href="http://info.edinet-fsa.go.jp/jp/fr/gaap/t/cte/2013-03-01/jpfr-t-cte-2013-03-01.xsd#jpfr-t-cte_LossOnValuationOfInvestmentSecuritiesEL" xlink:label="jpfr-t-cte_LossOnValuationOfInvestmentSecuritiesEL" />
    <link:loc xlink:type="locator" xlink:href="http://info.edinet-fsa.go.jp/jp/fr/gaap/t/cte/2013-03-01/jpfr-t-cte-2013-03-01.xsd#jpfr-t-cte_NonOperatingExpenses" xlink:label="jpfr-t-cte_NonOperatingExpenses" />
    <link:loc xlink:type="locator" xlink:href="http://info.edinet-fsa.go.jp/jp/fr/gaap/t/cte/2013-03-01/jpfr-t-cte-2013-03-01.xsd#jpfr-t-cte_LossOnSalesOfStocksOfSubsidiariesAndAffiliatesEL" xlink:label="jpfr-t-cte_LossOnSalesOfStocksOfSubsidiariesAndAffiliatesEL" />
    <link:loc xlink:type="locator" xlink:href="http://info.edinet-fsa.go.jp/jp/fr/gaap/t/cte/2013-03-01/jpfr-t-cte-2013-03-01.xsd#jpfr-t-cte_OtherNOE" xlink:label="jpfr-t-cte_OtherNOE" />
    <link:loc xlink:type="locator" xlink:href="http://info.edinet-fsa.go.jp/jp/fr/gaap/t/cte/2013-03-01/jpfr-t-cte-2013-03-01.xsd#jpfr-t-cte_LossOnLiquidationOfSubsidiariesAndAffiliatesEL" xlink:label="jpfr-t-cte_LossOnLiquidationOfSubsidiariesAndAffiliatesEL" />
    <link:loc xlink:type="locator" xlink:href="http://info.edinet-fsa.go.jp/jp/fr/gaap/t/cte/2013-03-01/jpfr-t-cte-2013-03-01.xsd#jpfr-t-cte_NonOperatingIncome" xlink:label="jpfr-t-cte_NonOperatingIncome" />
    <link:loc xlink:type="locator" xlink:href="jpfr-asr-E02778-000-2013-03-31-01-2013-06-21.xsd#jpfr-asr-E02778-000_InterestExpenseToSubsidiariesAndAffiliatesNOE" xlink:label="jpfr-asr-E02778-000_InterestExpenseToSubsidiariesAndAffiliatesNOE" />
    <link:loc xlink:type="locator" xlink:href="jpfr-asr-E02778-000-2013-03-31-01-2013-06-21.xsd#jpfr-asr-E02778-000_FinancingRelatedExpensesNOE" xlink:label="jpfr-asr-E02778-000_FinancingRelatedExpensesNOE" />
    <link:loc xlink:type="locator" xlink:href="http://info.edinet-fsa.go.jp/jp/fr/gaap/t/cte/2013-03-01/jpfr-t-cte-2013-03-01.xsd#jpfr-t-cte_OtherEL" xlink:label="jpfr-t-cte_OtherEL" />
    <link:loc xlink:type="locator" xlink:href="http://info.edinet-fsa.go.jp/jp/fr/gaap/t/cte/2013-03-01/jpfr-t-cte-2013-03-01.xsd#jpfr-t-cte_AmortizationOfStockIssuanceCostNOE" xlink:label="jpfr-t-cte_AmortizationOfStockIssuanceCostNOE" />
    <link:loc xlink:type="locator" xlink:href="jpfr-asr-E02778-000-2013-03-31-01-2013-06-21.xsd#jpfr-asr-E02778-000_RefinancingRelatedExpenseNOE" xlink:label="jpfr-asr-E02778-000_RefinancingRelatedExpenseNOE" />
    <link:loc xlink:type="locator" xlink:href="http://info.edinet-fsa.go.jp/jp/fr/gaap/t/cte/2013-03-01/jpfr-t-cte-2013-03-01.xsd#jpfr-t-cte_DividendsFromSubsidiariesAndAffiliatesRevOA" xlink:label="jpfr-t-cte_DividendsFromSubsidiariesAndAffiliatesRevOA" />
    <link:loc xlink:type="locator" xlink:href="jpfr-asr-E02778-000-2013-03-31-01-2013-06-21.xsd#jpfr-asr-E02778-000_LumpSumRecognitionOfUnrecordedInterestOnLoanToSubsidiariesAndAffiliatesEI" xlink:label="jpfr-asr-E02778-000_LumpSumRecognitionOfUnrecordedInterestOnLoanToSubsidiariesAndAffiliatesEI" />
    <link:loc xlink:type="locator" xlink:href="http://info.edinet-fsa.go.jp/jp/fr/gaap/t/cte/2013-03-01/jpfr-t-cte-2013-03-01.xsd#jpfr-t-cte_ForeignExchangeGainsNOI" xlink:label="jpfr-t-cte_ForeignExchangeGainsNOI" />
    <link:calculationArc xlink:type="arc" xlink:from="jpfr-t-cte_ExtraordinaryLoss" xlink:to="jpfr-t-cte_LossOnSalesOfStocksOfSubsidiariesAndAffiliatesEL" xlink:arcrole="http://www.xbrl.org/2003/arcrole/summation-item" order="0.5" weight="1" />
    <link:calculationArc xlink:type="arc" xlink:from="jpfr-t-cte_ExtraordinaryLoss" xlink:to="jpfr-t-cte_LossOnValuationOfStocksOfSubsidiariesAndAffiliatesEL" xlink:arcrole="http://www.xbrl.org/2003/arcrole/summation-item" order="0.875" weight="1" />
    <link:calculationArc xlink:type="arc" xlink:from="jpfr-t-cte_ExtraordinaryIncome" xlink:to="jpfr-t-cte_GainOnLiquidationOfSubsidiariesAndAffiliatesEI" xlink:arcrole="http://www.xbrl.org/2003/arcrole/summation-item" order="0.875" weight="1" />
    <link:calculationArc xlink:type="arc" xlink:from="jpfr-t-cte_NonOperatingIncome" xlink:to="jpfr-t-cte_InterestOnLoansToSubsidiariesAndAffiliatesRevOA" xlink:arcrole="http://www.xbrl.org/2003/arcrole/summation-item" order="1.5" weight="1" />
    <link:calculationArc xlink:type="arc" xlink:from="jpfr-t-cte_ExtraordinaryIncome" xlink:to="jpfr-asr-E02778-000_LumpSumRecognitionOfUnrecordedInterestOnLoanToSubsidiariesAndAffiliatesEI" xlink:arcrole="http://www.xbrl.org/2003/arcrole/summation-item" order="0.9375" weight="1" />
    <link:calculationArc xlink:type="arc" xlink:from="jpfr-t-cte_ExtraordinaryLoss" xlink:to="jpfr-t-cte_LossOnValuationOfInvestmentSecuritiesEL" xlink:arcrole="http://www.xbrl.org/2003/arcrole/summation-item" order="0.75" weight="1" />
    <link:calculationArc xlink:type="arc" xlink:from="jpfr-t-cte_ExtraordinaryIncome" xlink:to="jpfr-t-cte_GainOnSalesOfSubsidiariesAndAffiliatesStocksEI" xlink:arcrole="http://www.xbrl.org/2003/arcrole/summation-item" order="0.75" weight="1" />
    <link:calculationArc xlink:type="arc" xlink:from="jpfr-t-cte_NonOperatingExpenses" xlink:to="jpfr-asr-E02778-000_InterestExpenseToSubsidiariesAndAffiliatesNOE" xlink:arcrole="http://www.xbrl.org/2003/arcrole/summation-item" order="1.5" weight="1" />
    <link:calculationArc xlink:type="arc" xlink:from="jpfr-t-cte_NonOperatingExpenses" xlink:to="jpfr-t-cte_AmortizationOfStockIssuanceCostNOE" xlink:arcrole="http://www.xbrl.org/2003/arcrole/summation-item" order="2.5" weight="1" />
    <link:calculationArc xlink:type="arc" xlink:from="jpfr-t-cte_NonOperatingIncome" xlink:to="jpfr-t-cte_ForeignExchangeGainsNOI" xlink:arcrole="http://www.xbrl.org/2003/arcrole/summation-item" order="3.75" weight="1" />
    <link:calculationArc xlink:type="arc" xlink:from="jpfr-t-cte_ExtraordinaryIncome" xlink:to="jpfr-asr-E02778-000_PremiumOnAdvancedRedemptionOfDebtSecurityEl" xlink:arcrole="http://www.xbrl.org/2003/arcrole/summation-item" order="0.96875" weight="1" />
    <link:calculationArc xlink:type="arc" xlink:from="jpfr-t-cte_NonOperatingIncome" xlink:to="jpfr-t-cte_OtherNOI" xlink:arcrole="http://www.xbrl.org/2003/arcrole/summation-item" order="3.875" weight="1" />
    <link:calculationArc xlink:type="arc" xlink:from="jpfr-t-cte_ExtraordinaryIncome" xlink:to="jpfr-t-cte_GainOnSalesOfInvestmentSecuritiesEI" xlink:arcrole="http://www.xbrl.org/2003/arcrole/summation-item" order="0.5" weight="1" />
    <link:calculationArc xlink:type="arc" xlink:from="jpfr-t-cte_ExtraordinaryLoss" xlink:to="jpfr-t-cte_LossOnLiquidationOfSubsidiariesAndAffiliatesEL" xlink:arcrole="http://www.xbrl.org/2003/arcrole/summation-item" order="0.9375" weight="1" />
    <link:calculationArc xlink:type="arc" xlink:from="jpfr-t-cte_ExtraordinaryLoss" xlink:to="jpfr-t-cte_OtherEL" xlink:arcrole="http://www.xbrl.org/2003/arcrole/summation-item" order="0.96875" weight="1" />
    <link:calculationArc xlink:type="arc" xlink:from="jpfr-t-cte_NonOperatingExpenses" xlink:to="jpfr-asr-E02778-000_FinancingRelatedExpensesNOE" xlink:arcrole="http://www.xbrl.org/2003/arcrole/summation-item" order="3.5" weight="1" />
    <link:calculationArc xlink:type="arc" xlink:from="jpfr-t-cte_NonOperatingExpenses" xlink:to="jpfr-asr-E02778-000_RefinancingRelatedExpenseNOE" xlink:arcrole="http://www.xbrl.org/2003/arcrole/summation-item" order="3.75" weight="1" />
    <link:calculationArc xlink:type="arc" xlink:from="jpfr-t-cte_NonOperatingIncome" xlink:to="jpfr-t-cte_DividendsFromSubsidiariesAndAffiliatesRevOA" xlink:arcrole="http://www.xbrl.org/2003/arcrole/summation-item" order="3.5" weight="1" />
    <link:calculationArc xlink:type="arc" xlink:from="jpfr-t-cte_NonOperatingExpenses" xlink:to="jpfr-t-cte_OtherNOE" xlink:arcrole="http://www.xbrl.org/2003/arcrole/summation-item" order="3.875" weight="1" />
  </link:calculationLink>
  <link:calculationLink xlink:type="extended" xlink:role="http://info.edinet-fsa.go.jp/jp/fr/gaap/role/NonConsolidatedBalanceSheets">
    <link:loc xlink:type="locator" xlink:href="http://info.edinet-fsa.go.jp/jp/fr/gaap/t/cte/2013-03-01/jpfr-t-cte-2013-03-01.xsd#jpfr-t-cte_CurrentPortionOfBonds" xlink:label="jpfr-t-cte_CurrentPortionOfBonds" />
    <link:loc xlink:type="locator" xlink:href="http://info.edinet-fsa.go.jp/jp/fr/gaap/t/cte/2013-03-01/jpfr-t-cte-2013-03-01.xsd#jpfr-t-cte_CurrentPortionOfBondsWithSubscriptionRightsToShares" xlink:label="jpfr-t-cte_CurrentPortionOfBondsWithSubscriptionRightsToShares" />
    <link:loc xlink:type="locator" xlink:href="http://info.edinet-fsa.go.jp/jp/fr/gaap/t/cte/2013-03-01/jpfr-t-cte-2013-03-01.xsd#jpfr-t-cte_DerivativesCA" xlink:label="jpfr-t-cte_DerivativesCA" />
    <link:loc xlink:type="locator" xlink:href="http://info.edinet-fsa.go.jp/jp/fr/gaap/t/cte/2013-03-01/jpfr-t-cte-2013-03-01.xsd#jpfr-t-cte_AssetsForRent" xlink:label="jpfr-t-cte_AssetsForRent" />
    <link:loc xlink:type="locator" xlink:href="http://info.edinet-fsa.go.jp/jp/fr/gaap/t/cte/2013-03-01/jpfr-t-cte-2013-03-01.xsd#jpfr-t-cte_AccumulatedDepreciationAssetsForRent" xlink:label="jpfr-t-cte_AccumulatedDepreciationAssetsForRent" />
    <link:loc xlink:type="locator" xlink:href="http://info.edinet-fsa.go.jp/jp/fr/gaap/t/cte/2013-03-01/jpfr-t-cte-2013-03-01.xsd#jpfr-t-cte_CurrentLiabilities" xlink:label="jpfr-t-cte_CurrentLiabilities" />
    <link:loc xlink:type="locator" xlink:href="http://info.edinet-fsa.go.jp/jp/fr/gaap/t/cte/2013-03-01/jpfr-t-cte-2013-03-01.xsd#jpfr-t-cte_Aircraft" xlink:label="jpfr-t-cte_Aircraft" />
    <link:loc xlink:type="locator" xlink:href="http://info.edinet-fsa.go.jp/jp/fr/gaap/t/cte/2013-03-01/jpfr-t-cte-2013-03-01.xsd#jpfr-t-cte_PropertyPlantAndEquipment" xlink:label="jpfr-t-cte_PropertyPlantAndEquipment" />
    <link:loc xlink:type="locator" xlink:href="http://info.edinet-fsa.go.jp/jp/fr/gaap/t/cte/2013-03-01/jpfr-t-cte-2013-03-01.xsd#jpfr-t-cte_AssetsForRentNet" xlink:label="jpfr-t-cte_AssetsForRentNet" />
    <link:loc xlink:type="locator" xlink:href="http://info.edinet-fsa.go.jp/jp/fr/gaap/t/cte/2013-03-01/jpfr-t-cte-2013-03-01.xsd#jpfr-t-cte_AccumulatedDepreciationAircraft" xlink:label="jpfr-t-cte_AccumulatedDepreciationAircraft" />
    <link:loc xlink:type="locator" xlink:href="http://info.edinet-fsa.go.jp/jp/fr/gaap/t/cte/2013-03-01/jpfr-t-cte-2013-03-01.xsd#jpfr-t-cte_ProvisionForBonuses" xlink:label="jpfr-t-cte_ProvisionForBonuses" />
    <link:loc xlink:type="locator" xlink:href="http://info.edinet-fsa.go.jp/jp/fr/gaap/t/cte/2013-03-01/jpfr-t-cte-2013-03-01.xsd#jpfr-t-cte_CurrentPortionOfLongTermLoansPayable" xlink:label="jpfr-t-cte_CurrentPortionOfLongTermLoansPayable" />
    <link:loc xlink:type="locator" xlink:href="http://info.edinet-fsa.go.jp/jp/fr/gaap/t/cte/2013-03-01/jpfr-t-cte-2013-03-01.xsd#jpfr-t-cte_ShortTermLoansReceivable" xlink:label="jpfr-t-cte_ShortTermLoansReceivable" />
    <link:loc xlink:type="locator" xlink:href="http://info.edinet-fsa.go.jp/jp/fr/gaap/t/cte/2013-03-01/jpfr-t-cte-2013-03-01.xsd#jpfr-t-cte_AccountsReceivableTrade" xlink:label="jpfr-t-cte_AccountsReceivableTrade" />
    <link:loc xlink:type="locator" xlink:href="http://info.edinet-fsa.go.jp/jp/fr/gaap/t/cte/2013-03-01/jpfr-t-cte-2013-03-01.xsd#jpfr-t-cte_CurrentAssets" xlink:label="jpfr-t-cte_CurrentAssets" />
    <link:loc xlink:type="locator" xlink:href="http://info.edinet-fsa.go.jp/jp/fr/gaap/t/cte/2013-03-01/jpfr-t-cte-2013-03-01.xsd#jpfr-t-cte_AircraftNet" xlink:label="jpfr-t-cte_AircraftNet" />
    <link:calculationArc xlink:type="arc" xlink:from="jpfr-t-cte_CurrentLiabilities" xlink:to="jpfr-t-cte_ProvisionForBonuses" xlink:arcrole="http://www.xbrl.org/2003/arcrole/summation-item" order="8.5" weight="1" />
    <link:calculationArc xlink:type="arc" xlink:from="jpfr-t-cte_PropertyPlantAndEquipment" xlink:to="jpfr-t-cte_AircraftNet" xlink:arcrole="http://www.xbrl.org/2003/arcrole/summation-item" order="0.75" weight="1" />
    <link:calculationArc xlink:type="arc" xlink:from="jpfr-t-cte_PropertyPlantAndEquipment" xlink:to="jpfr-t-cte_AssetsForRentNet" xlink:arcrole="http://www.xbrl.org/2003/arcrole/summation-item" order="0.5" weight="1" />
    <link:calculationArc xlink:type="arc" xlink:from="jpfr-t-cte_CurrentAssets" xlink:to="jpfr-t-cte_DerivativesCA" xlink:arcrole="http://www.xbrl.org/2003/arcrole/summation-item" order="21.75" weight="1" />
    <link:calculationArc xlink:type="arc" xlink:from="jpfr-t-cte_CurrentAssets" xlink:to="jpfr-t-cte_AccountsReceivableTrade" xlink:arcrole="http://www.xbrl.org/2003/arcrole/summation-item" order="7.5" weight="1" />
    <link:calculationArc xlink:type="arc" xlink:from="jpfr-t-cte_CurrentLiabilities" xlink:to="jpfr-t-cte_CurrentPortionOfBonds" xlink:arcrole="http://www.xbrl.org/2003/arcrole/summation-item" order="3.75" weight="1" />
    <link:calculationArc xlink:type="arc" xlink:from="jpfr-t-cte_CurrentLiabilities" xlink:to="jpfr-t-cte_CurrentPortionOfLongTermLoansPayable" xlink:arcrole="http://www.xbrl.org/2003/arcrole/summation-item" order="3.5" weight="1" />
    <link:calculationArc xlink:type="arc" xlink:from="jpfr-t-cte_AssetsForRentNet" xlink:to="jpfr-t-cte_AssetsForRent" xlink:arcrole="http://www.xbrl.org/2003/arcrole/summation-item" order="1" weight="1" />
    <link:calculationArc xlink:type="arc" xlink:from="jpfr-t-cte_AssetsForRentNet" xlink:to="jpfr-t-cte_AccumulatedDepreciationAssetsForRent" xlink:arcrole="http://www.xbrl.org/2003/arcrole/summation-item" order="2" weight="1" />
    <link:calculationArc xlink:type="arc" xlink:from="jpfr-t-cte_AircraftNet" xlink:to="jpfr-t-cte_AccumulatedDepreciationAircraft" xlink:arcrole="http://www.xbrl.org/2003/arcrole/summation-item" order="2" weight="1" />
    <link:calculationArc xlink:type="arc" xlink:from="jpfr-t-cte_AircraftNet" xlink:to="jpfr-t-cte_Aircraft" xlink:arcrole="http://www.xbrl.org/2003/arcrole/summation-item" order="1" weight="1" />
    <link:calculationArc xlink:type="arc" xlink:from="jpfr-t-cte_CurrentAssets" xlink:to="jpfr-t-cte_ShortTermLoansReceivable" xlink:arcrole="http://www.xbrl.org/2003/arcrole/summation-item" order="21.5" weight="1" />
    <link:calculationArc xlink:type="arc" xlink:from="jpfr-t-cte_CurrentLiabilities" xlink:to="jpfr-t-cte_CurrentPortionOfBondsWithSubscriptionRightsToShares" xlink:arcrole="http://www.xbrl.org/2003/arcrole/summation-item" order="3.875" weight="1" />
  </link:calculationLink>
  <link:calculationLink xlink:type="extended" xlink:role="http://info.edinet-fsa.go.jp/jp/fr/gaap/role/ConsolidatedStatementsOfChangesInNetAssets2">
    <link:loc xlink:type="locator" xlink:href="http://info.edinet-fsa.go.jp/jp/fr/gaap/t/cte/2013-03-01/jpfr-t-cte-2013-03-01.xsd#jpfr-t-cte_PurchaseOfTreasuryStockSE" xlink:label="jpfr-t-cte_PurchaseOfTreasuryStockSE" />
    <link:loc xlink:type="locator" xlink:href="http://info.edinet-fsa.go.jp/jp/fr/gaap/t/cte/2013-03-01/jpfr-t-cte-2013-03-01.xsd#jpfr-t-cte_PurchaseOfTreasuryStockNA" xlink:label="jpfr-t-cte_PurchaseOfTreasuryStockNA" />
    <link:loc xlink:type="locator" xlink:href="http://info.edinet-fsa.go.jp/jp/fr/gaap/t/cte/2013-03-01/jpfr-t-cte-2013-03-01.xsd#jpfr-t-cte_ChangeOfScopeOfEquityMethodNA" xlink:label="jpfr-t-cte_ChangeOfScopeOfEquityMethodNA" />
    <link:loc xlink:type="locator" xlink:href="http://info.edinet-fsa.go.jp/jp/fr/gaap/t/cte/2013-03-01/jpfr-t-cte-2013-03-01.xsd#jpfr-t-cte_ChangeOfScopeOfEquityMethodRE" xlink:label="jpfr-t-cte_ChangeOfScopeOfEquityMethodRE" />
    <link:loc xlink:type="locator" xlink:href="jpfr-asr-E02778-000-2013-03-31-01-2013-06-21.xsd#jpfr-asr-E02778-000_ChangesInAForeignAffiliateSOwnershipInterestInItsSubsidiaryThatDoNotResultInALossOfControlSE" xlink:label="jpfr-asr-E02778-000_ChangesInAForeignAffiliateSOwnershipInterestInItsSubsidiaryThatDoNotResultInALossOfControlSE" />
    <link:loc xlink:type="locator" xlink:href="http://info.edinet-fsa.go.jp/jp/fr/gaap/t/cte/2013-03-01/jpfr-t-cte-2013-03-01.xsd#jpfr-t-cte_ChangeOfScopeOfConsolidationRE" xlink:label="jpfr-t-cte_ChangeOfScopeOfConsolidationRE" />
    <link:loc xlink:type="locator" xlink:href="http://info.edinet-fsa.go.jp/jp/fr/gaap/t/cte/2013-03-01/jpfr-t-cte-2013-03-01.xsd#jpfr-t-cte_DisposalOfTreasuryStockSE" xlink:label="jpfr-t-cte_DisposalOfTreasuryStockSE" />
    <link:loc xlink:type="locator" xlink:href="http://info.edinet-fsa.go.jp/jp/fr/gaap/t/cte/2013-03-01/jpfr-t-cte-2013-03-01.xsd#jpfr-t-cte_IncreaseByShareExchangesSE" xlink:label="jpfr-t-cte_IncreaseByShareExchangesSE" />
    <link:loc xlink:type="locator" xlink:href="http://info.edinet-fsa.go.jp/jp/fr/gaap/t/cte/2013-03-01/jpfr-t-cte-2013-03-01.xsd#jpfr-t-cte_PurchaseOfTreasuryStockTS" xlink:label="jpfr-t-cte_PurchaseOfTreasuryStockTS" />
    <link:loc xlink:type="locator" xlink:href="http://info.edinet-fsa.go.jp/jp/fr/gaap/t/cte/2013-03-01/jpfr-t-cte-2013-03-01.xsd#jpfr-t-cte_DisposalOfTreasuryStockCS" xlink:label="jpfr-t-cte_DisposalOfTreasuryStockCS" />
    <link:loc xlink:type="locator" xlink:href="http://info.edinet-fsa.go.jp/jp/fr/gaap/t/cte/2013-03-01/jpfr-t-cte-2013-03-01.xsd#jpfr-t-cte_IncreaseByShareExchangesNA" xlink:label="jpfr-t-cte_IncreaseByShareExchangesNA" />
    <link:loc xlink:type="locator" xlink:href="jpfr-asr-E02778-000-2013-03-31-01-2013-06-21.xsd#jpfr-asr-E02778-000_ChangesInAForeignAffiliateSOwnershipInterestInItsSubsidiaryThatDoNotResultInALossOfControlNA" xlink:label="jpfr-asr-E02778-000_ChangesInAForeignAffiliateSOwnershipInterestInItsSubsidiaryThatDoNotResultInALossOfControlNA" />
    <link:loc xlink:type="locator" xlink:href="http://info.edinet-fsa.go.jp/jp/fr/gaap/t/cte/2013-03-01/jpfr-t-cte-2013-03-01.xsd#jpfr-t-cte_ChangeOfScopeOfConsolidationSE" xlink:label="jpfr-t-cte_ChangeOfScopeOfConsolidationSE" />
    <link:loc xlink:type="locator" xlink:href="http://info.edinet-fsa.go.jp/jp/fr/gaap/t/cte/2013-03-01/jpfr-t-cte-2013-03-01.xsd#jpfr-t-cte_IncreaseByShareExchangesCS" xlink:label="jpfr-t-cte_IncreaseByShareExchangesCS" />
    <link:loc xlink:type="locator" xlink:href="http://info.edinet-fsa.go.jp/jp/fr/gaap/t/cte/2013-03-01/jpfr-t-cte-2013-03-01.xsd#jpfr-t-cte_ChangeOfScopeOfConsolidationNA" xlink:label="jpfr-t-cte_ChangeOfScopeOfConsolidationNA" />
    <link:loc xlink:type="locator" xlink:href="http://info.edinet-fsa.go.jp/jp/fr/gaap/t/cte/2013-03-01/jpfr-t-cte-2013-03-01.xsd#jpfr-t-cte_ChangeOfScopeOfEquityMethodSE" xlink:label="jpfr-t-cte_ChangeOfScopeOfEquityMethodSE" />
    <link:loc xlink:type="locator" xlink:href="jpfr-asr-E02778-000-2013-03-31-01-2013-06-21.xsd#jpfr-asr-E02778-000_ChangesInAForeignAffiliateSOwnershipInterestInItsSubsidiaryThatDoNotResultInALossOfControlCS" xlink:label="jpfr-asr-E02778-000_ChangesInAForeignAffiliateSOwnershipInterestInItsSubsidiaryThatDoNotResultInALossOfControlCS" />
    <link:calculationArc xlink:type="arc" xlink:from="jpfr-t-cte_DisposalOfTreasuryStockSE" xlink:to="jpfr-t-cte_DisposalOfTreasuryStockCS" xlink:arcrole="http://www.xbrl.org/2003/arcrole/summation-item" order="0.5" weight="1" />
    <link:calculationArc xlink:type="arc" xlink:from="jpfr-t-cte_PurchaseOfTreasuryStockNA" xlink:to="jpfr-t-cte_PurchaseOfTreasuryStockSE" xlink:arcrole="http://www.xbrl.org/2003/arcrole/summation-item" order="1" weight="1" />
    <link:calculationArc xlink:type="arc" xlink:from="jpfr-t-cte_ChangeOfScopeOfConsolidationNA" xlink:to="jpfr-t-cte_ChangeOfScopeOfConsolidationSE" xlink:arcrole="http://www.xbrl.org/2003/arcrole/summation-item" order="1" weight="1" />
    <link:calculationArc xlink:type="arc" xlink:from="jpfr-t-cte_ChangeOfScopeOfConsolidationSE" xlink:to="jpfr-t-cte_ChangeOfScopeOfConsolidationRE" xlink:arcrole="http://www.xbrl.org/2003/arcrole/summation-item" order="1" weight="1" />
    <link:calculationArc xlink:type="arc" xlink:from="jpfr-t-cte_IncreaseByShareExchangesSE" xlink:to="jpfr-t-cte_IncreaseByShareExchangesCS" xlink:arcrole="http://www.xbrl.org/2003/arcrole/summation-item" order="1" weight="1" />
    <link:calculationArc xlink:type="arc" xlink:from="jpfr-t-cte_IncreaseByShareExchangesNA" xlink:to="jpfr-t-cte_IncreaseByShareExchangesSE" xlink:arcrole="http://www.xbrl.org/2003/arcrole/summation-item" order="1" weight="1" />
    <link:calculationArc xlink:type="arc" xlink:from="jpfr-asr-E02778-000_ChangesInAForeignAffiliateSOwnershipInterestInItsSubsidiaryThatDoNotResultInALossOfControlNA" xlink:to="jpfr-asr-E02778-000_ChangesInAForeignAffiliateSOwnershipInterestInItsSubsidiaryThatDoNotResultInALossOfControlSE" xlink:arcrole="http://www.xbrl.org/2003/arcrole/summation-item" order="1" weight="1" />
    <link:calculationArc xlink:type="arc" xlink:from="jpfr-t-cte_ChangeOfScopeOfEquityMethodSE" xlink:to="jpfr-t-cte_ChangeOfScopeOfEquityMethodRE" xlink:arcrole="http://www.xbrl.org/2003/arcrole/summation-item" order="1" weight="1" />
    <link:calculationArc xlink:type="arc" xlink:from="jpfr-t-cte_PurchaseOfTreasuryStockSE" xlink:to="jpfr-t-cte_PurchaseOfTreasuryStockTS" xlink:arcrole="http://www.xbrl.org/2003/arcrole/summation-item" order="1" weight="1" />
    <link:calculationArc xlink:type="arc" xlink:from="jpfr-asr-E02778-000_ChangesInAForeignAffiliateSOwnershipInterestInItsSubsidiaryThatDoNotResultInALossOfControlSE" xlink:to="jpfr-asr-E02778-000_ChangesInAForeignAffiliateSOwnershipInterestInItsSubsidiaryThatDoNotResultInALossOfControlCS" xlink:arcrole="http://www.xbrl.org/2003/arcrole/summation-item" order="1" weight="1" />
    <link:calculationArc xlink:type="arc" xlink:from="jpfr-t-cte_ChangeOfScopeOfEquityMethodNA" xlink:to="jpfr-t-cte_ChangeOfScopeOfEquityMethodSE" xlink:arcrole="http://www.xbrl.org/2003/arcrole/summation-item" order="1" weight="1" />
  </link:calculationLink>
  <link:calculationLink xlink:type="extended" xlink:role="http://info.edinet-fsa.go.jp/jp/fr/gaap/role/ConsolidatedStatementsOfCashFlowsIndirect">
    <link:loc xlink:type="locator" xlink:href="jpfr-asr-E02778-000-2013-03-31-01-2013-06-21.xsd#jpfr-asr-E02778-000_ProceedsFromAdvancedRedemptionOfDebtSecurityInvCF" xlink:label="jpfr-asr-E02778-000_ProceedsFromAdvancedRedemptionOfDebtSecurityInvCF" />
    <link:loc xlink:type="locator" xlink:href="jpfr-asr-E02778-000-2013-03-31-01-2013-06-21.xsd#jpfr-asr-E02778-000_UnrealizedLossGainOnValuationOfInvestmentAndLossGainOnSalesOfInvestmentAtSubsidiariesInTheUSNetOpeCF" xlink:label="jpfr-asr-E02778-000_UnrealizedLossGainOnValuationOfInvestmentAndLossGainOnSalesOfInvestmentAtSubsidiariesInTheUSNetOpeCF" />
    <link:loc xlink:type="locator" xlink:href="http://info.edinet-fsa.go.jp/jp/fr/gaap/t/cte/2013-03-01/jpfr-t-cte-2013-03-01.xsd#jpfr-t-cte_ProceedsFromStockIssuanceToMinorityShareholdersFinCF" xlink:label="jpfr-t-cte_ProceedsFromStockIssuanceToMinorityShareholdersFinCF" />
    <link:loc xlink:type="locator" xlink:href="http://info.edinet-fsa.go.jp/jp/fr/gaap/t/cte/2013-03-01/jpfr-t-cte-2013-03-01.xsd#jpfr-t-cte_LossGainOnValuationOfInvestmentSecuritiesOpeCF" xlink:label="jpfr-t-cte_LossGainOnValuationOfInvestmentSecuritiesOpeCF" />
    <link:loc xlink:type="locator" xlink:href="http://info.edinet-fsa.go.jp/jp/fr/gaap/t/cte/2013-03-01/jpfr-t-cte-2013-03-01.xsd#jpfr-t-cte_IncreaseDecreaseInCommercialPapersFinCF" xlink:label="jpfr-t-cte_IncreaseDecreaseInCommercialPapersFinCF" />
    <link:loc xlink:type="locator" xlink:href="http://info.edinet-fsa.go.jp/jp/fr/gaap/t/cte/2013-03-01/jpfr-t-cte-2013-03-01.xsd#jpfr-t-cte_SubtotalOpeCF" xlink:label="jpfr-t-cte_SubtotalOpeCF" />
    <link:loc xlink:type="locator" xlink:href="jpfr-asr-E02778-000-2013-03-31-01-2013-06-21.xsd#jpfr-asr-E02778-000_ProceedsFromIssuanceOfPreferredSecuritiesByAConsolidatedSubsidiaryFinCF" xlink:label="jpfr-asr-E02778-000_ProceedsFromIssuanceOfPreferredSecuritiesByAConsolidatedSubsidiaryFinCF" />
    <link:loc xlink:type="locator" xlink:href="http://info.edinet-fsa.go.jp/jp/fr/gaap/t/cte/2013-03-01/jpfr-t-cte-2013-03-01.xsd#jpfr-t-cte_LossGainOnSalesOfShortTermAndLongTermInvestmentSecuritiesOpeCF" xlink:label="jpfr-t-cte_LossGainOnSalesOfShortTermAndLongTermInvestmentSecuritiesOpeCF" />
    <link:loc xlink:type="locator" xlink:href="http://info.edinet-fsa.go.jp/jp/fr/gaap/t/cte/2013-03-01/jpfr-t-cte-2013-03-01.xsd#jpfr-t-cte_RepaymentsOfLeaseObligationsFinCF" xlink:label="jpfr-t-cte_RepaymentsOfLeaseObligationsFinCF" />
    <link:loc xlink:type="locator" xlink:href="http://info.edinet-fsa.go.jp/jp/fr/gaap/t/cte/2013-03-01/jpfr-t-cte-2013-03-01.xsd#jpfr-t-cte_NetCashProvidedByUsedInFinancingActivities" xlink:label="jpfr-t-cte_NetCashProvidedByUsedInFinancingActivities" />
    <link:loc xlink:type="locator" xlink:href="jpfr-asr-E02778-000-2013-03-31-01-2013-06-21.xsd#jpfr-asr-E02778-000_PaymentsForAcquisitionOfMinorityInterestsAndLongTemDebtFinCF" xlink:label="jpfr-asr-E02778-000_PaymentsForAcquisitionOfMinorityInterestsAndLongTemDebtFinCF" />
    <link:loc xlink:type="locator" xlink:href="http://info.edinet-fsa.go.jp/jp/fr/gaap/t/cte/2013-03-01/jpfr-t-cte-2013-03-01.xsd#jpfr-t-cte_ProceedsFromSalesOfShortTermAndLongTermInvestmentSecuritiesInvCF" xlink:label="jpfr-t-cte_ProceedsFromSalesOfShortTermAndLongTermInvestmentSecuritiesInvCF" />
    <link:loc xlink:type="locator" xlink:href="jpfr-asr-E02778-000-2013-03-31-01-2013-06-21.xsd#jpfr-asr-E02778-000_ProceedsFromSaleAndLeaseBackOfEquipmentNewlyAcquiredFinCF" xlink:label="jpfr-asr-E02778-000_ProceedsFromSaleAndLeaseBackOfEquipmentNewlyAcquiredFinCF" />
    <link:loc xlink:type="locator" xlink:href="http://info.edinet-fsa.go.jp/jp/fr/gaap/t/cte/2013-03-01/jpfr-t-cte-2013-03-01.xsd#jpfr-t-cte_NetIncreaseDecreaseInShortTermLoansPayableFinCF" xlink:label="jpfr-t-cte_NetIncreaseDecreaseInShortTermLoansPayableFinCF" />
    <link:loc xlink:type="locator" xlink:href="http://info.edinet-fsa.go.jp/jp/fr/gaap/t/cte/2013-03-01/jpfr-t-cte-2013-03-01.xsd#jpfr-t-cte_PurchaseOfShortTermAndLongTermInvestmentSecuritiesInvCF" xlink:label="jpfr-t-cte_PurchaseOfShortTermAndLongTermInvestmentSecuritiesInvCF" />
    <link:loc xlink:type="locator" xlink:href="http://info.edinet-fsa.go.jp/jp/fr/gaap/t/cte/2013-03-01/jpfr-t-cte-2013-03-01.xsd#jpfr-t-cte_PurchaseOfPropertyPlantAndEquipmentAndIntangibleAssetsInvCF" xlink:label="jpfr-t-cte_PurchaseOfPropertyPlantAndEquipmentAndIntangibleAssetsInvCF" />
    <link:loc xlink:type="locator" xlink:href="http://info.edinet-fsa.go.jp/jp/fr/gaap/t/cte/2013-03-01/jpfr-t-cte-2013-03-01.xsd#jpfr-t-cte_LossGainOnChangeInEquityOpeCF" xlink:label="jpfr-t-cte_LossGainOnChangeInEquityOpeCF" />
    <link:loc xlink:type="locator" xlink:href="http://info.edinet-fsa.go.jp/jp/fr/gaap/t/cte/2013-03-01/jpfr-t-cte-2013-03-01.xsd#jpfr-t-cte_NetCashProvidedByUsedInInvestmentActivities" xlink:label="jpfr-t-cte_NetCashProvidedByUsedInInvestmentActivities" />
    <link:calculationArc xlink:type="arc" xlink:from="jpfr-t-cte_NetCashProvidedByUsedInFinancingActivities" xlink:to="jpfr-asr-E02778-000_PaymentsForAcquisitionOfMinorityInterestsAndLongTemDebtFinCF" xlink:arcrole="http://www.xbrl.org/2003/arcrole/summation-item" order="11.75" weight="1" />
    <link:calculationArc xlink:type="arc" xlink:from="jpfr-t-cte_SubtotalOpeCF" xlink:to="jpfr-t-cte_LossGainOnChangeInEquityOpeCF" xlink:arcrole="http://www.xbrl.org/2003/arcrole/summation-item" order="9.5" weight="1" />
    <link:calculationArc xlink:type="arc" xlink:from="jpfr-t-cte_SubtotalOpeCF" xlink:to="jpfr-asr-E02778-000_UnrealizedLossGainOnValuationOfInvestmentAndLossGainOnSalesOfInvestmentAtSubsidiariesInTheUSNetOpeCF" xlink:arcrole="http://www.xbrl.org/2003/arcrole/summation-item" order="9.875" weight="1" />
    <link:calculationArc xlink:type="arc" xlink:from="jpfr-t-cte_NetCashProvidedByUsedInFinancingActivities" xlink:to="jpfr-asr-E02778-000_ProceedsFromIssuanceOfPreferredSecuritiesByAConsolidatedSubsidiaryFinCF" xlink:arcrole="http://www.xbrl.org/2003/arcrole/summation-item" order="6.75" weight="1" />
    <link:calculationArc xlink:type="arc" xlink:from="jpfr-t-cte_NetCashProvidedByUsedInInvestmentActivities" xlink:to="jpfr-t-cte_ProceedsFromSalesOfShortTermAndLongTermInvestmentSecuritiesInvCF" xlink:arcrole="http://www.xbrl.org/2003/arcrole/summation-item" order="0.875" weight="1" />
    <link:calculationArc xlink:type="arc" xlink:from="jpfr-t-cte_SubtotalOpeCF" xlink:to="jpfr-t-cte_LossGainOnSalesOfShortTermAndLongTermInvestmentSecuritiesOpeCF" xlink:arcrole="http://www.xbrl.org/2003/arcrole/summation-item" order="9.9375" weight="1" />
    <link:calculationArc xlink:type="arc" xlink:from="jpfr-t-cte_NetCashProvidedByUsedInInvestmentActivities" xlink:to="jpfr-t-cte_PurchaseOfPropertyPlantAndEquipmentAndIntangibleAssetsInvCF" xlink:arcrole="http://www.xbrl.org/2003/arcrole/summation-item" order="0.5" weight="1" />
    <link:calculationArc xlink:type="arc" xlink:from="jpfr-t-cte_NetCashProvidedByUsedInFinancingActivities" xlink:to="jpfr-t-cte_ProceedsFromStockIssuanceToMinorityShareholdersFinCF" xlink:arcrole="http://www.xbrl.org/2003/arcrole/summation-item" order="6.5" weight="1" />
    <link:calculationArc xlink:type="arc" xlink:from="jpfr-t-cte_SubtotalOpeCF" xlink:to="jpfr-t-cte_LossGainOnValuationOfInvestmentSecuritiesOpeCF" xlink:arcrole="http://www.xbrl.org/2003/arcrole/summation-item" order="9.75" weight="1" />
    <link:calculationArc xlink:type="arc" xlink:from="jpfr-t-cte_NetCashProvidedByUsedInFinancingActivities" xlink:to="jpfr-t-cte_RepaymentsOfLeaseObligationsFinCF" xlink:arcrole="http://www.xbrl.org/2003/arcrole/summation-item" order="11.5" weight="1" />
    <link:calculationArc xlink:type="arc" xlink:from="jpfr-t-cte_NetCashProvidedByUsedInInvestmentActivities" xlink:to="jpfr-asr-E02778-000_ProceedsFromAdvancedRedemptionOfDebtSecurityInvCF" xlink:arcrole="http://www.xbrl.org/2003/arcrole/summation-item" order="0.9375" weight="1" />
    <link:calculationArc xlink:type="arc" xlink:from="jpfr-t-cte_NetCashProvidedByUsedInFinancingActivities" xlink:to="jpfr-asr-E02778-000_ProceedsFromSaleAndLeaseBackOfEquipmentNewlyAcquiredFinCF" xlink:arcrole="http://www.xbrl.org/2003/arcrole/summation-item" order="11" weight="1" />
    <link:calculationArc xlink:type="arc" xlink:from="jpfr-t-cte_NetCashProvidedByUsedInInvestmentActivities" xlink:to="jpfr-t-cte_PurchaseOfShortTermAndLongTermInvestmentSecuritiesInvCF" xlink:arcrole="http://www.xbrl.org/2003/arcrole/summation-item" order="0.75" weight="1" />
    <link:calculationArc xlink:type="arc" xlink:from="jpfr-t-cte_NetCashProvidedByUsedInFinancingActivities" xlink:to="jpfr-t-cte_IncreaseDecreaseInCommercialPapersFinCF" xlink:arcrole="http://www.xbrl.org/2003/arcrole/summation-item" order="0.75" weight="1" />
    <link:calculationArc xlink:type="arc" xlink:from="jpfr-t-cte_NetCashProvidedByUsedInFinancingActivities" xlink:to="jpfr-t-cte_NetIncreaseDecreaseInShortTermLoansPayableFinCF" xlink:arcrole="http://www.xbrl.org/2003/arcrole/summation-item" order="0.5" weight="1" />
  </link:calculationLink>
  <link:calculationLink xlink:type="extended" xlink:role="http://info.edinet-fsa.go.jp/jp/fr/gaap/role/ConsolidatedBalanceSheets">
    <link:loc xlink:type="locator" xlink:href="http://info.edinet-fsa.go.jp/jp/fr/gaap/t/cte/2013-03-01/jpfr-t-cte-2013-03-01.xsd#jpfr-t-cte_NoncurrentLiabilities" xlink:label="jpfr-t-cte_NoncurrentLiabilities" />
    <link:loc xlink:type="locator" xlink:href="http://info.edinet-fsa.go.jp/jp/fr/gaap/t/cte/2013-03-01/jpfr-t-cte-2013-03-01.xsd#jpfr-t-cte_CurrentLiabilities" xlink:label="jpfr-t-cte_CurrentLiabilities" />
    <link:loc xlink:type="locator" xlink:href="http://info.edinet-fsa.go.jp/jp/fr/gaap/t/cte/2013-03-01/jpfr-t-cte-2013-03-01.xsd#jpfr-t-cte_IntangibleAssets" xlink:label="jpfr-t-cte_IntangibleAssets" />
    <link:loc xlink:type="locator" xlink:href="http://info.edinet-fsa.go.jp/jp/fr/gaap/t/cte/2013-03-01/jpfr-t-cte-2013-03-01.xsd#jpfr-t-cte_Software" xlink:label="jpfr-t-cte_Software" />
    <link:loc xlink:type="locator" xlink:href="jpfr-asr-E02778-000-2013-03-31-01-2013-06-21.xsd#jpfr-asr-E02778-000_TelecommunicationsEquipmentNet" xlink:label="jpfr-asr-E02778-000_TelecommunicationsEquipmentNet" />
    <link:loc xlink:type="locator" xlink:href="jpfr-asr-E02778-000-2013-03-31-01-2013-06-21.xsd#jpfr-asr-E02778-000_TelecommunicationsServiceLinesNet" xlink:label="jpfr-asr-E02778-000_TelecommunicationsServiceLinesNet" />
    <link:loc xlink:type="locator" xlink:href="http://info.edinet-fsa.go.jp/jp/fr/gaap/t/cte/2013-03-01/jpfr-t-cte-2013-03-01.xsd#jpfr-t-cte_AccountsPayableOtherAndAccruedExpenses" xlink:label="jpfr-t-cte_AccountsPayableOtherAndAccruedExpenses" />
    <link:loc xlink:type="locator" xlink:href="http://info.edinet-fsa.go.jp/jp/fr/gaap/t/cte/2013-03-01/jpfr-t-cte-2013-03-01.xsd#jpfr-t-cte_PropertyPlantAndEquipment" xlink:label="jpfr-t-cte_PropertyPlantAndEquipment" />
    <link:loc xlink:type="locator" xlink:href="http://info.edinet-fsa.go.jp/jp/fr/gaap/t/cte/2013-03-01/jpfr-t-cte-2013-03-01.xsd#jpfr-t-cte_ProvisionForPointCardCertificatesNCL" xlink:label="jpfr-t-cte_ProvisionForPointCardCertificatesNCL" />
    <link:loc xlink:type="locator" xlink:href="http://info.edinet-fsa.go.jp/jp/fr/gaap/t/cte/2013-03-01/jpfr-t-cte-2013-03-01.xsd#jpfr-t-cte_CurrentPortionOfBonds" xlink:label="jpfr-t-cte_CurrentPortionOfBonds" />
    <link:calculationArc xlink:type="arc" xlink:from="jpfr-t-cte_IntangibleAssets" xlink:to="jpfr-t-cte_Software" xlink:arcrole="http://www.xbrl.org/2003/arcrole/summation-item" order="1.5" weight="1" />
    <link:calculationArc xlink:type="arc" xlink:from="jpfr-t-cte_NoncurrentLiabilities" xlink:to="jpfr-t-cte_ProvisionForPointCardCertificatesNCL" xlink:arcrole="http://www.xbrl.org/2003/arcrole/summation-item" order="5.5" weight="1" />
    <link:calculationArc xlink:type="arc" xlink:from="jpfr-t-cte_CurrentLiabilities" xlink:to="jpfr-t-cte_AccountsPayableOtherAndAccruedExpenses" xlink:arcrole="http://www.xbrl.org/2003/arcrole/summation-item" order="2.75" weight="1" />
    <link:calculationArc xlink:type="arc" xlink:from="jpfr-t-cte_PropertyPlantAndEquipment" xlink:to="jpfr-asr-E02778-000_TelecommunicationsServiceLinesNet" xlink:arcrole="http://www.xbrl.org/2003/arcrole/summation-item" order="8.75" weight="1" />
    <link:calculationArc xlink:type="arc" xlink:from="jpfr-t-cte_PropertyPlantAndEquipment" xlink:to="jpfr-asr-E02778-000_TelecommunicationsEquipmentNet" xlink:arcrole="http://www.xbrl.org/2003/arcrole/summation-item" order="7.5" weight="1" />
    <link:calculationArc xlink:type="arc" xlink:from="jpfr-t-cte_CurrentLiabilities" xlink:to="jpfr-t-cte_CurrentPortionOfBonds" xlink:arcrole="http://www.xbrl.org/2003/arcrole/summation-item" order="2.5" weight="1" />
  </link:calculationLink>
  <link:calculationLink xlink:type="extended" xlink:role="http://info.edinet-fsa.go.jp/jp/fr/gaap/role/ConsolidatedStatementsOfIncome">
    <link:loc xlink:type="locator" xlink:href="http://info.edinet-fsa.go.jp/jp/fr/gaap/t/cte/2013-03-01/jpfr-t-cte-2013-03-01.xsd#jpfr-t-cte_GainOnSalesOfInvestmentSecuritiesEI" xlink:label="jpfr-t-cte_GainOnSalesOfInvestmentSecuritiesEI" />
    <link:loc xlink:type="locator" xlink:href="http://info.edinet-fsa.go.jp/jp/fr/gaap/t/cte/2013-03-01/jpfr-t-cte-2013-03-01.xsd#jpfr-t-cte_ExtraordinaryLoss" xlink:label="jpfr-t-cte_ExtraordinaryLoss" />
    <link:loc xlink:type="locator" xlink:href="http://info.edinet-fsa.go.jp/jp/fr/gaap/t/cte/2013-03-01/jpfr-t-cte-2013-03-01.xsd#jpfr-t-cte_ExtraordinaryIncome" xlink:label="jpfr-t-cte_ExtraordinaryIncome" />
    <link:loc xlink:type="locator" xlink:href="http://info.edinet-fsa.go.jp/jp/fr/gaap/t/cte/2013-03-01/jpfr-t-cte-2013-03-01.xsd#jpfr-t-cte_LossOnValuationOfInvestmentSecuritiesEL" xlink:label="jpfr-t-cte_LossOnValuationOfInvestmentSecuritiesEL" />
    <link:loc xlink:type="locator" xlink:href="http://info.edinet-fsa.go.jp/jp/fr/gaap/t/cte/2013-03-01/jpfr-t-cte-2013-03-01.xsd#jpfr-t-cte_GainOnChangeInEquityEI" xlink:label="jpfr-t-cte_GainOnChangeInEquityEI" />
    <link:loc xlink:type="locator" xlink:href="http://info.edinet-fsa.go.jp/jp/fr/gaap/t/cte/2013-03-01/jpfr-t-cte-2013-03-01.xsd#jpfr-t-cte_OtherNOE" xlink:label="jpfr-t-cte_OtherNOE" />
    <link:loc xlink:type="locator" xlink:href="http://info.edinet-fsa.go.jp/jp/fr/gaap/t/cte/2013-03-01/jpfr-t-cte-2013-03-01.xsd#jpfr-t-cte_GainOnStepAcquisitionsEI" xlink:label="jpfr-t-cte_GainOnStepAcquisitionsEI" />
    <link:loc xlink:type="locator" xlink:href="http://info.edinet-fsa.go.jp/jp/fr/gaap/t/cte/2013-03-01/jpfr-t-cte-2013-03-01.xsd#jpfr-t-cte_OtherEI" xlink:label="jpfr-t-cte_OtherEI" />
    <link:loc xlink:type="locator" xlink:href="http://info.edinet-fsa.go.jp/jp/fr/gaap/t/cte/2013-03-01/jpfr-t-cte-2013-03-01.xsd#jpfr-t-cte_NonOperatingExpenses" xlink:label="jpfr-t-cte_NonOperatingExpenses" />
    <link:loc xlink:type="locator" xlink:href="jpfr-asr-E02778-000-2013-03-31-01-2013-06-21.xsd#jpfr-asr-E02778-000_UnrealizedLossGainOnValuationOfInvestmentAndLossGainOnSalesOfInvestmentAtSubsidiariesInTheUSNetEL" xlink:label="jpfr-asr-E02778-000_UnrealizedLossGainOnValuationOfInvestmentAndLossGainOnSalesOfInvestmentAtSubsidiariesInTheUSNetEL" />
    <link:loc xlink:type="locator" xlink:href="http://info.edinet-fsa.go.jp/jp/fr/gaap/t/cte/2013-03-01/jpfr-t-cte-2013-03-01.xsd#jpfr-t-cte_LossOnLiquidationOfSubsidiariesAndAffiliatesEL" xlink:label="jpfr-t-cte_LossOnLiquidationOfSubsidiariesAndAffiliatesEL" />
    <link:loc xlink:type="locator" xlink:href="http://info.edinet-fsa.go.jp/jp/fr/gaap/t/cte/2013-03-01/jpfr-t-cte-2013-03-01.xsd#jpfr-t-cte_NonOperatingIncome" xlink:label="jpfr-t-cte_NonOperatingIncome" />
    <link:loc xlink:type="locator" xlink:href="jpfr-asr-E02778-000-2013-03-31-01-2013-06-21.xsd#jpfr-asr-E02778-000_PremiumOnPrepaymentOfLongTermDebtEL" xlink:label="jpfr-asr-E02778-000_PremiumOnPrepaymentOfLongTermDebtEL" />
    <link:loc xlink:type="locator" xlink:href="jpfr-asr-E02778-000-2013-03-31-01-2013-06-21.xsd#jpfr-asr-E02778-000_FinancingRelatedExpensesNOE" xlink:label="jpfr-asr-E02778-000_FinancingRelatedExpensesNOE" />
    <link:loc xlink:type="locator" xlink:href="http://info.edinet-fsa.go.jp/jp/fr/gaap/t/cte/2013-03-01/jpfr-t-cte-2013-03-01.xsd#jpfr-t-cte_OtherEL" xlink:label="jpfr-t-cte_OtherEL" />
    <link:loc xlink:type="locator" xlink:href="jpfr-asr-E02778-000-2013-03-31-01-2013-06-21.xsd#jpfr-asr-E02778-000_RefinancingRelatedExpenseNOE" xlink:label="jpfr-asr-E02778-000_RefinancingRelatedExpenseNOE" />
    <link:loc xlink:type="locator" xlink:href="jpfr-asr-E02778-000-2013-03-31-01-2013-06-21.xsd#jpfr-asr-E02778-000_IncomeFromInvestmentsInPartnershipsIncomeNOI" xlink:label="jpfr-asr-E02778-000_IncomeFromInvestmentsInPartnershipsIncomeNOI" />
    <link:loc xlink:type="locator" xlink:href="http://info.edinet-fsa.go.jp/jp/fr/gaap/t/cte/2013-03-01/jpfr-t-cte-2013-03-01.xsd#jpfr-t-cte_OtherNOI" xlink:label="jpfr-t-cte_OtherNOI" />
    <link:loc xlink:type="locator" xlink:href="jpfr-asr-E02778-000-2013-03-31-01-2013-06-21.xsd#jpfr-asr-E02778-000_UnrealizedGainLossOnValuationOfInvestmentAndGainLossOnSalesOfInvestmentAtSubsidiariesInTheUSNetEI" xlink:label="jpfr-asr-E02778-000_UnrealizedGainLossOnValuationOfInvestmentAndGainLossOnSalesOfInvestmentAtSubsidiariesInTheUSNetEI" />
    <link:calculationArc xlink:type="arc" xlink:from="jpfr-t-cte_ExtraordinaryIncome" xlink:to="jpfr-t-cte_GainOnStepAcquisitionsEI" xlink:arcrole="http://www.xbrl.org/2003/arcrole/summation-item" order="0.875" weight="1" />
    <link:calculationArc xlink:type="arc" xlink:from="jpfr-t-cte_ExtraordinaryLoss" xlink:to="jpfr-t-cte_LossOnLiquidationOfSubsidiariesAndAffiliatesEL" xlink:arcrole="http://www.xbrl.org/2003/arcrole/summation-item" order="0.9375" weight="1" />
    <link:calculationArc xlink:type="arc" xlink:from="jpfr-t-cte_ExtraordinaryLoss" xlink:to="jpfr-t-cte_LossOnValuationOfInvestmentSecuritiesEL" xlink:arcrole="http://www.xbrl.org/2003/arcrole/summation-item" order="0.5" weight="1" />
    <link:calculationArc xlink:type="arc" xlink:from="jpfr-t-cte_ExtraordinaryLoss" xlink:to="jpfr-asr-E02778-000_UnrealizedLossGainOnValuationOfInvestmentAndLossGainOnSalesOfInvestmentAtSubsidiariesInTheUSNetEL" xlink:arcrole="http://www.xbrl.org/2003/arcrole/summation-item" order="0.75" weight="1" />
    <link:calculationArc xlink:type="arc" xlink:from="jpfr-t-cte_ExtraordinaryIncome" xlink:to="jpfr-t-cte_OtherEI" xlink:arcrole="http://www.xbrl.org/2003/arcrole/summation-item" order="0.96875" weight="1" />
    <link:calculationArc xlink:type="arc" xlink:from="jpfr-t-cte_NonOperatingIncome" xlink:to="jpfr-t-cte_OtherNOI" xlink:arcrole="http://www.xbrl.org/2003/arcrole/summation-item" order="2.75" weight="1" />
    <link:calculationArc xlink:type="arc" xlink:from="jpfr-t-cte_ExtraordinaryIncome" xlink:to="jpfr-t-cte_GainOnSalesOfInvestmentSecuritiesEI" xlink:arcrole="http://www.xbrl.org/2003/arcrole/summation-item" order="0.5" weight="1" />
    <link:calculationArc xlink:type="arc" xlink:from="jpfr-t-cte_NonOperatingIncome" xlink:to="jpfr-asr-E02778-000_IncomeFromInvestmentsInPartnershipsIncomeNOI" xlink:arcrole="http://www.xbrl.org/2003/arcrole/summation-item" order="2.5" weight="1" />
    <link:calculationArc xlink:type="arc" xlink:from="jpfr-t-cte_ExtraordinaryIncome" xlink:to="jpfr-asr-E02778-000_UnrealizedGainLossOnValuationOfInvestmentAndGainLossOnSalesOfInvestmentAtSubsidiariesInTheUSNetEI" xlink:arcrole="http://www.xbrl.org/2003/arcrole/summation-item" order="0.9375" weight="1" />
    <link:calculationArc xlink:type="arc" xlink:from="jpfr-t-cte_ExtraordinaryIncome" xlink:to="jpfr-t-cte_GainOnChangeInEquityEI" xlink:arcrole="http://www.xbrl.org/2003/arcrole/summation-item" order="0.75" weight="1" />
    <link:calculationArc xlink:type="arc" xlink:from="jpfr-t-cte_ExtraordinaryLoss" xlink:to="jpfr-t-cte_OtherEL" xlink:arcrole="http://www.xbrl.org/2003/arcrole/summation-item" order="0.96875" weight="1" />
    <link:calculationArc xlink:type="arc" xlink:from="jpfr-t-cte_NonOperatingExpenses" xlink:to="jpfr-asr-E02778-000_FinancingRelatedExpensesNOE" xlink:arcrole="http://www.xbrl.org/2003/arcrole/summation-item" order="4" weight="1" />
    <link:calculationArc xlink:type="arc" xlink:from="jpfr-t-cte_NonOperatingExpenses" xlink:to="jpfr-asr-E02778-000_RefinancingRelatedExpenseNOE" xlink:arcrole="http://www.xbrl.org/2003/arcrole/summation-item" order="5" weight="1" />
    <link:calculationArc xlink:type="arc" xlink:from="jpfr-t-cte_NonOperatingExpenses" xlink:to="jpfr-t-cte_OtherNOE" xlink:arcrole="http://www.xbrl.org/2003/arcrole/summation-item" order="6" weight="1" />
    <link:calculationArc xlink:type="arc" xlink:from="jpfr-t-cte_ExtraordinaryLoss" xlink:to="jpfr-asr-E02778-000_PremiumOnPrepaymentOfLongTermDebtEL" xlink:arcrole="http://www.xbrl.org/2003/arcrole/summation-item" order="0.875" weight="1" />
  </link:calculationLink>
</link:linkbase>