﻿<?xml version="1.0" encoding="utf-8"?>
<!-- Edited with XiRUTE .NET Library 01-04 -->
<link:linkbase xmlns:xlink="http://www.w3.org/1999/xlink" xmlns:xsi="http://www.w3.org/2001/XMLSchema-instance" xmlns:link="http://www.xbrl.org/2003/linkbase">
  <link:labelLink xlink:type="extended" xlink:role="http://www.xbrl.org/2003/role/link">
    <link:label xml:lang="en" xlink:type="resource" xlink:label="jpfr-asr-E01364-000_GainOnValuationOfInvestmentSecuritiesNOI_label" xlink:role="http://www.xbrl.org/2003/role/verboseLabel">Gain on valuation of investment securities-NOI</link:label>
    <link:label xml:lang="en" xlink:type="resource" xlink:label="jpfr-asr-E01364-000_HeadquartersRelocationExpensesAllowance_label" xlink:role="http://www.xbrl.org/2003/role/verboseLabel">Headquarters relocation expenses allowance</link:label>
    <link:label xml:lang="en" xlink:type="resource" xlink:label="jpfr-asr-E01364-000_IncreaseDecreaseInProvisionForHeadquartersRelocationExpensesAllowanceOpeCF_label" xlink:role="http://www.xbrl.org/2003/role/label">Increase(decrease)in provision for headquarters relocation expenses allowance</link:label>
    <link:label xml:lang="en" xlink:type="resource" xlink:label="jpfr-asr-E01364-000_IncreaseDecreaseInProvisionForHeadquartersRelocationExpensesAllowanceOpeCF_label_1" xlink:role="http://www.xbrl.org/2003/role/verboseLabel">Increase(decrease)in provision for headquarters relocation expenses allowance-OpeCF</link:label>
    <link:label xml:lang="en" xlink:type="resource" xlink:label="jpfr-asr-E01364-000_IncidentalOfAcquisitionOfTreasuryStockNOE_label" xlink:role="http://www.xbrl.org/2003/role/documentation">Incidental of acquisition of treasury stock-NOE</link:label>
    <link:label xml:lang="en" xlink:type="resource" xlink:label="jpfr-asr-E01364-000_RentIncomeNOI_label" xlink:role="http://www.xbrl.org/2003/role/verboseLabel">RentIncome-NOI</link:label>
    <link:label xml:lang="en" xlink:type="resource" xlink:label="jpfr-asr-E01364-000_RentIncomeNOI_label_1" xlink:role="http://www.xbrl.org/2003/role/label">RentIncome</link:label>
    <link:label xml:lang="en" xlink:type="resource" xlink:label="jpfr-asr-E01364-000_IncidentalOfAcquisitionOfTreasuryStockOpeCF_label_2" xlink:role="http://www.xbrl.org/2003/role/label">Incidental of acquisition of treasury stock</link:label>
    <link:label xml:lang="en" xlink:type="resource" xlink:label="jpfr-asr-E01364-000_HeadquartersRelocationExpensesAllowance_label_2" xlink:role="http://www.xbrl.org/2003/role/label">Headquarters relocation expenses allowance</link:label>
    <link:label xml:lang="en" xlink:type="resource" xlink:label="jpfr-asr-E01364-000_HeadquartersRelocationExpensesAllowanceProvisionEL_label" xlink:role="http://www.xbrl.org/2003/role/verboseLabel">Headquarters relocation expenses allowance provision-EL</link:label>
    <link:label xml:lang="en" xlink:type="resource" xlink:label="jpfr-asr-E01364-000_HeadquartersRelocationExpensesAllowance_label_1" xlink:role="http://www.xbrl.org/2003/role/documentation">Headquarters relocation expenses allowance</link:label>
    <link:label xml:lang="en" xlink:type="resource" xlink:label="jpfr-asr-E01364-000_IncreaseDecreaseInProvisionForHeadquartersRelocationExpensesAllowanceOpeCF_label_2" xlink:role="http://www.xbrl.org/2003/role/documentation">Increase(decrease)in provision for headquarters relocation expenses allowance-OpeCF</link:label>
    <link:label xml:lang="en" xlink:type="resource" xlink:label="jpfr-asr-E01364-000_IncidentalOfAcquisitionOfTreasuryStockNOE_label_2" xlink:role="http://www.xbrl.org/2003/role/label">Incidental of acquisition of treasury stock</link:label>
    <link:label xml:lang="en" xlink:type="resource" xlink:label="jpfr-asr-E01364-000_GainOnValuationOfInvestmentSecuritiesNOI_label_1" xlink:role="http://www.xbrl.org/2003/role/documentation">Gain on valuation of investment securities-NOI</link:label>
    <link:label xml:lang="en" xlink:type="resource" xlink:label="jpfr-asr-E01364-000_GainOnValuationOfInvestmentSecuritiesNOI_label_2" xlink:role="http://www.xbrl.org/2003/role/label">Gain on valuation of investment securities</link:label>
    <link:label xml:lang="en" xlink:type="resource" xlink:label="jpfr-asr-E01364-000_IncidentalOfAcquisitionOfTreasuryStockOpeCF_label_1" xlink:role="http://www.xbrl.org/2003/role/verboseLabel">Incidental of acquisition of treasury stock-OpeCF</link:label>
    <link:label xml:lang="en" xlink:type="resource" xlink:label="jpfr-asr-E01364-000_AllowanceForLossesDamages_label_1" xlink:role="http://www.xbrl.org/2003/role/documentation">Allowance for losses damages</link:label>
    <link:label xml:lang="en" xlink:type="resource" xlink:label="jpfr-asr-E01364-000_RentIncomeNOI_label_2" xlink:role="http://www.xbrl.org/2003/role/documentation">RentIncome-NOI</link:label>
    <link:label xml:lang="en" xlink:type="resource" xlink:label="jpfr-asr-E01364-000_AllowanceForLossesDamages_label" xlink:role="http://www.xbrl.org/2003/role/label">Allowance for losses damages</link:label>
    <link:label xml:lang="en" xlink:type="resource" xlink:label="jpfr-asr-E01364-000_HeadquartersRelocationExpensesAllowanceProvisionEL_label_2" xlink:role="http://www.xbrl.org/2003/role/label">Headquarters relocation expenses allowance provision</link:label>
    <link:label xml:lang="en" xlink:type="resource" xlink:label="jpfr-asr-E01364-000_IncidentalOfAcquisitionOfTreasuryStockOpeCF_label" xlink:role="http://www.xbrl.org/2003/role/documentation">Incidental of acquisition of treasury stock-OpeCF</link:label>
    <link:label xml:lang="en" xlink:type="resource" xlink:label="jpfr-asr-E01364-000_IncidentalOfAcquisitionOfTreasuryStockNOE_label_1" xlink:role="http://www.xbrl.org/2003/role/verboseLabel">Incidental of acquisition of treasury stock-NOE</link:label>
    <link:label xml:lang="en" xlink:type="resource" xlink:label="jpfr-asr-E01364-000_HeadquartersRelocationExpensesAllowanceProvisionEL_label_1" xlink:role="http://www.xbrl.org/2003/role/documentation">Headquarters relocation expenses allowance provision-EL</link:label>
    <link:label xml:lang="en" xlink:type="resource" xlink:label="jpfr-asr-E01364-000_AllowanceForLossesDamages_label_2" xlink:role="http://www.xbrl.org/2003/role/verboseLabel">Allowance for losses damages</link:label>
    <link:loc xlink:type="locator" xlink:href="jpfr-asr-E01364-000-2011-03-31-01-2011-06-29.xsd#jpfr-asr-E01364-000_IncidentalOfAcquisitionOfTreasuryStockOpeCF" xlink:label="jpfr-asr-E01364-000_IncidentalOfAcquisitionOfTreasuryStockOpeCF" />
    <link:loc xlink:type="locator" xlink:href="jpfr-asr-E01364-000-2011-03-31-01-2011-06-29.xsd#jpfr-asr-E01364-000_AllowanceForLossesDamages" xlink:label="jpfr-asr-E01364-000_AllowanceForLossesDamages" />
    <link:loc xlink:type="locator" xlink:href="jpfr-asr-E01364-000-2011-03-31-01-2011-06-29.xsd#jpfr-asr-E01364-000_HeadquartersRelocationExpensesAllowanceProvisionEL" xlink:label="jpfr-asr-E01364-000_HeadquartersRelocationExpensesAllowanceProvisionEL" />
    <link:loc xlink:type="locator" xlink:href="jpfr-asr-E01364-000-2011-03-31-01-2011-06-29.xsd#jpfr-asr-E01364-000_IncidentalOfAcquisitionOfTreasuryStockNOE" xlink:label="jpfr-asr-E01364-000_IncidentalOfAcquisitionOfTreasuryStockNOE" />
    <link:loc xlink:type="locator" xlink:href="jpfr-asr-E01364-000-2011-03-31-01-2011-06-29.xsd#jpfr-asr-E01364-000_GainOnValuationOfInvestmentSecuritiesNOI" xlink:label="jpfr-asr-E01364-000_GainOnValuationOfInvestmentSecuritiesNOI" />
    <link:loc xlink:type="locator" xlink:href="jpfr-asr-E01364-000-2011-03-31-01-2011-06-29.xsd#jpfr-asr-E01364-000_RentIncomeNOI" xlink:label="jpfr-asr-E01364-000_RentIncomeNOI" />
    <link:loc xlink:type="locator" xlink:href="jpfr-asr-E01364-000-2011-03-31-01-2011-06-29.xsd#jpfr-asr-E01364-000_HeadquartersRelocationExpensesAllowance" xlink:label="jpfr-asr-E01364-000_HeadquartersRelocationExpensesAllowance" />
    <link:loc xlink:type="locator" xlink:href="jpfr-asr-E01364-000-2011-03-31-01-2011-06-29.xsd#jpfr-asr-E01364-000_IncreaseDecreaseInProvisionForHeadquartersRelocationExpensesAllowanceOpeCF" xlink:label="jpfr-asr-E01364-000_IncreaseDecreaseInProvisionForHeadquartersRelocationExpensesAllowanceOpeCF" />
    <link:labelArc xlink:type="arc" xlink:from="jpfr-asr-E01364-000_RentIncomeNOI" xlink:to="jpfr-asr-E01364-000_RentIncomeNOI_label" xlink:arcrole="http://www.xbrl.org/2003/arcrole/concept-label" order="1" />
    <link:labelArc xlink:type="arc" xlink:from="jpfr-asr-E01364-000_IncidentalOfAcquisitionOfTreasuryStockOpeCF" xlink:to="jpfr-asr-E01364-000_IncidentalOfAcquisitionOfTreasuryStockOpeCF_label" xlink:arcrole="http://www.xbrl.org/2003/arcrole/concept-label" order="1" />
    <link:labelArc xlink:type="arc" xlink:from="jpfr-asr-E01364-000_HeadquartersRelocationExpensesAllowanceProvisionEL" xlink:to="jpfr-asr-E01364-000_HeadquartersRelocationExpensesAllowanceProvisionEL_label" xlink:arcrole="http://www.xbrl.org/2003/arcrole/concept-label" order="1" />
    <link:labelArc xlink:type="arc" xlink:from="jpfr-asr-E01364-000_HeadquartersRelocationExpensesAllowance" xlink:to="jpfr-asr-E01364-000_HeadquartersRelocationExpensesAllowance_label" xlink:arcrole="http://www.xbrl.org/2003/arcrole/concept-label" order="1" />
    <link:labelArc xlink:type="arc" xlink:from="jpfr-asr-E01364-000_AllowanceForLossesDamages" xlink:to="jpfr-asr-E01364-000_AllowanceForLossesDamages_label" xlink:arcrole="http://www.xbrl.org/2003/arcrole/concept-label" order="1" />
    <link:labelArc xlink:type="arc" xlink:from="jpfr-asr-E01364-000_IncidentalOfAcquisitionOfTreasuryStockNOE" xlink:to="jpfr-asr-E01364-000_IncidentalOfAcquisitionOfTreasuryStockNOE_label" xlink:arcrole="http://www.xbrl.org/2003/arcrole/concept-label" order="1" />
    <link:labelArc xlink:type="arc" xlink:from="jpfr-asr-E01364-000_HeadquartersRelocationExpensesAllowanceProvisionEL" xlink:to="jpfr-asr-E01364-000_HeadquartersRelocationExpensesAllowanceProvisionEL_label_1" xlink:arcrole="http://www.xbrl.org/2003/arcrole/concept-label" order="1" />
    <link:labelArc xlink:type="arc" xlink:from="jpfr-asr-E01364-000_IncreaseDecreaseInProvisionForHeadquartersRelocationExpensesAllowanceOpeCF" xlink:to="jpfr-asr-E01364-000_IncreaseDecreaseInProvisionForHeadquartersRelocationExpensesAllowanceOpeCF_label" xlink:arcrole="http://www.xbrl.org/2003/arcrole/concept-label" order="1" />
    <link:labelArc xlink:type="arc" xlink:from="jpfr-asr-E01364-000_IncreaseDecreaseInProvisionForHeadquartersRelocationExpensesAllowanceOpeCF" xlink:to="jpfr-asr-E01364-000_IncreaseDecreaseInProvisionForHeadquartersRelocationExpensesAllowanceOpeCF_label_1" xlink:arcrole="http://www.xbrl.org/2003/arcrole/concept-label" order="1" />
    <link:labelArc xlink:type="arc" xlink:from="jpfr-asr-E01364-000_IncidentalOfAcquisitionOfTreasuryStockOpeCF" xlink:to="jpfr-asr-E01364-000_IncidentalOfAcquisitionOfTreasuryStockOpeCF_label_1" xlink:arcrole="http://www.xbrl.org/2003/arcrole/concept-label" order="1" />
    <link:labelArc xlink:type="arc" xlink:from="jpfr-asr-E01364-000_RentIncomeNOI" xlink:to="jpfr-asr-E01364-000_RentIncomeNOI_label_1" xlink:arcrole="http://www.xbrl.org/2003/arcrole/concept-label" order="1" />
    <link:labelArc xlink:type="arc" xlink:from="jpfr-asr-E01364-000_GainOnValuationOfInvestmentSecuritiesNOI" xlink:to="jpfr-asr-E01364-000_GainOnValuationOfInvestmentSecuritiesNOI_label" xlink:arcrole="http://www.xbrl.org/2003/arcrole/concept-label" order="1" />
    <link:labelArc xlink:type="arc" xlink:from="jpfr-asr-E01364-000_IncidentalOfAcquisitionOfTreasuryStockNOE" xlink:to="jpfr-asr-E01364-000_IncidentalOfAcquisitionOfTreasuryStockNOE_label_1" xlink:arcrole="http://www.xbrl.org/2003/arcrole/concept-label" order="1" />
    <link:labelArc xlink:type="arc" xlink:from="jpfr-asr-E01364-000_IncidentalOfAcquisitionOfTreasuryStockOpeCF" xlink:to="jpfr-asr-E01364-000_IncidentalOfAcquisitionOfTreasuryStockOpeCF_label_2" xlink:arcrole="http://www.xbrl.org/2003/arcrole/concept-label" order="1" />
    <link:labelArc xlink:type="arc" xlink:from="jpfr-asr-E01364-000_HeadquartersRelocationExpensesAllowance" xlink:to="jpfr-asr-E01364-000_HeadquartersRelocationExpensesAllowance_label_1" xlink:arcrole="http://www.xbrl.org/2003/arcrole/concept-label" order="1" />
    <link:labelArc xlink:type="arc" xlink:from="jpfr-asr-E01364-000_GainOnValuationOfInvestmentSecuritiesNOI" xlink:to="jpfr-asr-E01364-000_GainOnValuationOfInvestmentSecuritiesNOI_label_1" xlink:arcrole="http://www.xbrl.org/2003/arcrole/concept-label" order="1" />
    <link:labelArc xlink:type="arc" xlink:from="jpfr-asr-E01364-000_AllowanceForLossesDamages" xlink:to="jpfr-asr-E01364-000_AllowanceForLossesDamages_label_1" xlink:arcrole="http://www.xbrl.org/2003/arcrole/concept-label" order="1" />
    <link:labelArc xlink:type="arc" xlink:from="jpfr-asr-E01364-000_IncidentalOfAcquisitionOfTreasuryStockNOE" xlink:to="jpfr-asr-E01364-000_IncidentalOfAcquisitionOfTreasuryStockNOE_label_2" xlink:arcrole="http://www.xbrl.org/2003/arcrole/concept-label" order="1" />
    <link:labelArc xlink:type="arc" xlink:from="jpfr-asr-E01364-000_RentIncomeNOI" xlink:to="jpfr-asr-E01364-000_RentIncomeNOI_label_2" xlink:arcrole="http://www.xbrl.org/2003/arcrole/concept-label" order="1" />
    <link:labelArc xlink:type="arc" xlink:from="jpfr-asr-E01364-000_HeadquartersRelocationExpensesAllowance" xlink:to="jpfr-asr-E01364-000_HeadquartersRelocationExpensesAllowance_label_2" xlink:arcrole="http://www.xbrl.org/2003/arcrole/concept-label" order="1" />
    <link:labelArc xlink:type="arc" xlink:from="jpfr-asr-E01364-000_AllowanceForLossesDamages" xlink:to="jpfr-asr-E01364-000_AllowanceForLossesDamages_label_2" xlink:arcrole="http://www.xbrl.org/2003/arcrole/concept-label" order="1" />
    <link:labelArc xlink:type="arc" xlink:from="jpfr-asr-E01364-000_IncreaseDecreaseInProvisionForHeadquartersRelocationExpensesAllowanceOpeCF" xlink:to="jpfr-asr-E01364-000_IncreaseDecreaseInProvisionForHeadquartersRelocationExpensesAllowanceOpeCF_label_2" xlink:arcrole="http://www.xbrl.org/2003/arcrole/concept-label" order="1" />
    <link:labelArc xlink:type="arc" xlink:from="jpfr-asr-E01364-000_HeadquartersRelocationExpensesAllowanceProvisionEL" xlink:to="jpfr-asr-E01364-000_HeadquartersRelocationExpensesAllowanceProvisionEL_label_2" xlink:arcrole="http://www.xbrl.org/2003/arcrole/concept-label" order="1" />
    <link:labelArc xlink:type="arc" xlink:from="jpfr-asr-E01364-000_GainOnValuationOfInvestmentSecuritiesNOI" xlink:to="jpfr-asr-E01364-000_GainOnValuationOfInvestmentSecuritiesNOI_label_2" xlink:arcrole="http://www.xbrl.org/2003/arcrole/concept-label" order="1" />
  </link:labelLink>
</link:linkbase>