﻿<?xml version="1.0" encoding="utf-8"?>
<!-- Edited with XiRUTE .NET Library 01-04 -->
<link:linkbase xmlns:xlink="http://www.w3.org/1999/xlink" xmlns:xsi="http://www.w3.org/2001/XMLSchema-instance" xmlns:link="http://www.xbrl.org/2003/linkbase">
  <link:roleRef xlink:type="simple" xlink:href="http://info.edinet-fsa.go.jp/jp/fr/gaap/o/rt/2011-03-14/jpfr-rt-2011-03-14.xsd#RoleConsolidatedBalanceSheets" roleURI="http://info.edinet-fsa.go.jp/jp/fr/gaap/role/ConsolidatedBalanceSheets" />
  <link:roleRef xlink:type="simple" xlink:href="http://info.edinet-fsa.go.jp/jp/fr/gaap/o/rt/2011-03-14/jpfr-rt-2011-03-14.xsd#RoleConsolidatedStatementsOfCashFlowsIndirect" roleURI="http://info.edinet-fsa.go.jp/jp/fr/gaap/role/ConsolidatedStatementsOfCashFlowsIndirect" />
  <link:roleRef xlink:type="simple" xlink:href="http://info.edinet-fsa.go.jp/jp/fr/gaap/o/rt/2011-03-14/jpfr-rt-2011-03-14.xsd#RoleConsolidatedStatementsOfChangesInNetAssets" roleURI="http://info.edinet-fsa.go.jp/jp/fr/gaap/role/ConsolidatedStatementsOfChangesInNetAssets" />
  <link:roleRef xlink:type="simple" xlink:href="http://info.edinet-fsa.go.jp/jp/fr/gaap/o/rt/2011-03-14/jpfr-rt-2011-03-14.xsd#RoleConsolidatedStatementsOfChangesInNetAssets2" roleURI="http://info.edinet-fsa.go.jp/jp/fr/gaap/role/ConsolidatedStatementsOfChangesInNetAssets2" />
  <link:roleRef xlink:type="simple" xlink:href="http://info.edinet-fsa.go.jp/jp/fr/gaap/o/rt/2011-03-14/jpfr-rt-2011-03-14.xsd#RoleConsolidatedStatementsOfComprehensiveIncome" roleURI="http://info.edinet-fsa.go.jp/jp/fr/gaap/role/ConsolidatedStatementsOfComprehensiveIncome" />
  <link:roleRef xlink:type="simple" xlink:href="http://info.edinet-fsa.go.jp/jp/fr/gaap/o/rt/2011-03-14/jpfr-rt-2011-03-14.xsd#RoleConsolidatedStatementsOfIncome" roleURI="http://info.edinet-fsa.go.jp/jp/fr/gaap/role/ConsolidatedStatementsOfIncome" />
  <link:roleRef xlink:type="simple" xlink:href="http://info.edinet-fsa.go.jp/jp/fr/gaap/o/rt/2011-03-14/jpfr-rt-2011-03-14.xsd#RoleNonConsolidatedBalanceSheets" roleURI="http://info.edinet-fsa.go.jp/jp/fr/gaap/role/NonConsolidatedBalanceSheets" />
  <link:roleRef xlink:type="simple" xlink:href="http://info.edinet-fsa.go.jp/jp/fr/gaap/o/rt/2011-03-14/jpfr-rt-2011-03-14.xsd#RoleNonConsolidatedStatementsOfChangesInNetAssets" roleURI="http://info.edinet-fsa.go.jp/jp/fr/gaap/role/NonConsolidatedStatementsOfChangesInNetAssets" />
  <link:roleRef xlink:type="simple" xlink:href="http://info.edinet-fsa.go.jp/jp/fr/gaap/o/rt/2011-03-14/jpfr-rt-2011-03-14.xsd#RoleNonConsolidatedStatementsOfChangesInNetAssets2" roleURI="http://info.edinet-fsa.go.jp/jp/fr/gaap/role/NonConsolidatedStatementsOfChangesInNetAssets2" />
  <link:roleRef xlink:type="simple" xlink:href="http://info.edinet-fsa.go.jp/jp/fr/gaap/o/rt/2011-03-14/jpfr-rt-2011-03-14.xsd#RoleNonConsolidatedStatementsOfIncome" roleURI="http://info.edinet-fsa.go.jp/jp/fr/gaap/role/NonConsolidatedStatementsOfIncome" />
  <link:calculationLink xlink:type="extended" xlink:role="http://info.edinet-fsa.go.jp/jp/fr/gaap/role/NonConsolidatedStatementsOfChangesInNetAssets2">
    <link:loc xlink:type="locator" xlink:href="http://info.edinet-fsa.go.jp/jp/fr/gaap/t/cte/2011-03-14/jpfr-t-cte-2011-03-14.xsd#jpfr-t-cte_ReversalOfGeneralReserveREBF" xlink:label="jpfr-t-cte_ReversalOfGeneralReserveREBF" />
    <link:loc xlink:type="locator" xlink:href="http://info.edinet-fsa.go.jp/jp/fr/gaap/t/cte/2011-03-14/jpfr-t-cte-2011-03-14.xsd#jpfr-t-cte_ReversalOfGeneralReserveGeneralReserve" xlink:label="jpfr-t-cte_ReversalOfGeneralReserveGeneralReserve" />
    <link:loc xlink:type="locator" xlink:href="http://info.edinet-fsa.go.jp/jp/fr/gaap/t/cte/2011-03-14/jpfr-t-cte-2011-03-14.xsd#jpfr-t-cte_ProvisionOfGeneralReserveREBF" xlink:label="jpfr-t-cte_ProvisionOfGeneralReserveREBF" />
    <link:loc xlink:type="locator" xlink:href="http://info.edinet-fsa.go.jp/jp/fr/gaap/t/cte/2011-03-14/jpfr-t-cte-2011-03-14.xsd#jpfr-t-cte_TotalChangesOfItemsDuringThePeriodRE" xlink:label="jpfr-t-cte_TotalChangesOfItemsDuringThePeriodRE" />
    <link:loc xlink:type="locator" xlink:href="http://info.edinet-fsa.go.jp/jp/fr/gaap/t/cte/2011-03-14/jpfr-t-cte-2011-03-14.xsd#jpfr-t-cte_TotalChangesOfItemsDuringThePeriodGeneralReserve" xlink:label="jpfr-t-cte_TotalChangesOfItemsDuringThePeriodGeneralReserve" />
    <link:loc xlink:type="locator" xlink:href="http://info.edinet-fsa.go.jp/jp/fr/gaap/t/cte/2011-03-14/jpfr-t-cte-2011-03-14.xsd#jpfr-t-cte_ProvisionOfGeneralReserveGeneralReserve" xlink:label="jpfr-t-cte_ProvisionOfGeneralReserveGeneralReserve" />
    <link:loc xlink:type="locator" xlink:href="http://info.edinet-fsa.go.jp/jp/fr/gaap/t/cte/2011-03-14/jpfr-t-cte-2011-03-14.xsd#jpfr-t-cte_ReversalOfGeneralReserveRE" xlink:label="jpfr-t-cte_ReversalOfGeneralReserveRE" />
    <link:loc xlink:type="locator" xlink:href="http://info.edinet-fsa.go.jp/jp/fr/gaap/t/cte/2011-03-14/jpfr-t-cte-2011-03-14.xsd#jpfr-t-cte_PurchaseOfTreasuryStockTS" xlink:label="jpfr-t-cte_PurchaseOfTreasuryStockTS" />
    <link:loc xlink:type="locator" xlink:href="http://info.edinet-fsa.go.jp/jp/fr/gaap/t/cte/2011-03-14/jpfr-t-cte-2011-03-14.xsd#jpfr-t-cte_PurchaseOfTreasuryStockSE" xlink:label="jpfr-t-cte_PurchaseOfTreasuryStockSE" />
    <link:loc xlink:type="locator" xlink:href="http://info.edinet-fsa.go.jp/jp/fr/gaap/t/cte/2011-03-14/jpfr-t-cte-2011-03-14.xsd#jpfr-t-cte_PurchaseOfTreasuryStockNA" xlink:label="jpfr-t-cte_PurchaseOfTreasuryStockNA" />
    <link:loc xlink:type="locator" xlink:href="http://info.edinet-fsa.go.jp/jp/fr/gaap/t/cte/2011-03-14/jpfr-t-cte-2011-03-14.xsd#jpfr-t-cte_TotalChangesOfItemsDuringThePeriodReserveForRetirementAllowance4" xlink:label="jpfr-t-cte_TotalChangesOfItemsDuringThePeriodReserveForRetirementAllowance4" />
    <link:loc xlink:type="locator" xlink:href="http://info.edinet-fsa.go.jp/jp/fr/gaap/t/cte/2011-03-14/jpfr-t-cte-2011-03-14.xsd#jpfr-t-cte_ProvisionOfGeneralReserveRE" xlink:label="jpfr-t-cte_ProvisionOfGeneralReserveRE" />
    <link:calculationArc xlink:type="arc" xlink:from="jpfr-t-cte_ProvisionOfGeneralReserveRE" xlink:to="jpfr-t-cte_ProvisionOfGeneralReserveREBF" xlink:arcrole="http://www.xbrl.org/2003/arcrole/summation-item" order="2" weight="1" />
    <link:calculationArc xlink:type="arc" xlink:from="jpfr-t-cte_ReversalOfGeneralReserveRE" xlink:to="jpfr-t-cte_ReversalOfGeneralReserveREBF" xlink:arcrole="http://www.xbrl.org/2003/arcrole/summation-item" order="2" weight="1" />
    <link:calculationArc xlink:type="arc" xlink:from="jpfr-t-cte_ReversalOfGeneralReserveRE" xlink:to="jpfr-t-cte_ReversalOfGeneralReserveGeneralReserve" xlink:arcrole="http://www.xbrl.org/2003/arcrole/summation-item" order="1" weight="1" />
    <link:calculationArc xlink:type="arc" xlink:from="jpfr-t-cte_PurchaseOfTreasuryStockSE" xlink:to="jpfr-t-cte_PurchaseOfTreasuryStockTS" xlink:arcrole="http://www.xbrl.org/2003/arcrole/summation-item" order="1" weight="1" />
    <link:calculationArc xlink:type="arc" xlink:from="jpfr-t-cte_PurchaseOfTreasuryStockNA" xlink:to="jpfr-t-cte_PurchaseOfTreasuryStockSE" xlink:arcrole="http://www.xbrl.org/2003/arcrole/summation-item" order="1" weight="1" />
    <link:calculationArc xlink:type="arc" xlink:from="jpfr-t-cte_TotalChangesOfItemsDuringThePeriodRE" xlink:to="jpfr-t-cte_TotalChangesOfItemsDuringThePeriodGeneralReserve" xlink:arcrole="http://www.xbrl.org/2003/arcrole/summation-item" order="1.75" weight="1" />
    <link:calculationArc xlink:type="arc" xlink:from="jpfr-t-cte_TotalChangesOfItemsDuringThePeriodRE" xlink:to="jpfr-t-cte_TotalChangesOfItemsDuringThePeriodReserveForRetirementAllowance4" xlink:arcrole="http://www.xbrl.org/2003/arcrole/summation-item" order="1.5" weight="1" />
    <link:calculationArc xlink:type="arc" xlink:from="jpfr-t-cte_ProvisionOfGeneralReserveRE" xlink:to="jpfr-t-cte_ProvisionOfGeneralReserveGeneralReserve" xlink:arcrole="http://www.xbrl.org/2003/arcrole/summation-item" order="1" weight="1" />
  </link:calculationLink>
  <link:calculationLink xlink:type="extended" xlink:role="http://info.edinet-fsa.go.jp/jp/fr/gaap/role/ConsolidatedStatementsOfChangesInNetAssets">
    <link:loc xlink:type="locator" xlink:href="http://info.edinet-fsa.go.jp/jp/fr/gaap/t/cte/2011-03-14/jpfr-t-cte-2011-03-14.xsd#jpfr-t-cte_TotalChangesOfItemsDuringThePeriodTS" xlink:label="jpfr-t-cte_TotalChangesOfItemsDuringThePeriodTS" />
    <link:loc xlink:type="locator" xlink:href="http://info.edinet-fsa.go.jp/jp/fr/gaap/t/cte/2011-03-14/jpfr-t-cte-2011-03-14.xsd#jpfr-t-cte_PurchaseOfTreasuryStockTS" xlink:label="jpfr-t-cte_PurchaseOfTreasuryStockTS" />
    <link:loc xlink:type="locator" xlink:href="http://info.edinet-fsa.go.jp/jp/fr/gaap/t/cte/2011-03-14/jpfr-t-cte-2011-03-14.xsd#jpfr-t-cte_PurchaseOfTreasuryStockSE" xlink:label="jpfr-t-cte_PurchaseOfTreasuryStockSE" />
    <link:loc xlink:type="locator" xlink:href="http://info.edinet-fsa.go.jp/jp/fr/gaap/t/cte/2011-03-14/jpfr-t-cte-2011-03-14.xsd#jpfr-t-cte_TotalChangesOfItemsDuringThePeriodSE" xlink:label="jpfr-t-cte_TotalChangesOfItemsDuringThePeriodSE" />
    <link:loc xlink:type="locator" xlink:href="http://info.edinet-fsa.go.jp/jp/fr/gaap/t/cte/2011-03-14/jpfr-t-cte-2011-03-14.xsd#jpfr-t-cte_TotalChangesOfItemsDuringThePeriodNA" xlink:label="jpfr-t-cte_TotalChangesOfItemsDuringThePeriodNA" />
    <link:loc xlink:type="locator" xlink:href="http://info.edinet-fsa.go.jp/jp/fr/gaap/t/cte/2011-03-14/jpfr-t-cte-2011-03-14.xsd#jpfr-t-cte_PurchaseOfTreasuryStockNA" xlink:label="jpfr-t-cte_PurchaseOfTreasuryStockNA" />
    <link:calculationArc xlink:type="arc" xlink:from="jpfr-t-cte_TotalChangesOfItemsDuringThePeriodSE" xlink:to="jpfr-t-cte_PurchaseOfTreasuryStockSE" xlink:arcrole="http://www.xbrl.org/2003/arcrole/summation-item" order="3.5" weight="1" />
    <link:calculationArc xlink:type="arc" xlink:from="jpfr-t-cte_TotalChangesOfItemsDuringThePeriodTS" xlink:to="jpfr-t-cte_PurchaseOfTreasuryStockTS" xlink:arcrole="http://www.xbrl.org/2003/arcrole/summation-item" order="0.5" weight="1" />
    <link:calculationArc xlink:type="arc" xlink:from="jpfr-t-cte_TotalChangesOfItemsDuringThePeriodNA" xlink:to="jpfr-t-cte_PurchaseOfTreasuryStockNA" xlink:arcrole="http://www.xbrl.org/2003/arcrole/summation-item" order="3.5" weight="1" />
  </link:calculationLink>
  <link:calculationLink xlink:type="extended" xlink:role="http://info.edinet-fsa.go.jp/jp/fr/gaap/role/NonConsolidatedStatementsOfChangesInNetAssets">
    <link:loc xlink:type="locator" xlink:href="http://info.edinet-fsa.go.jp/jp/fr/gaap/t/cte/2011-03-14/jpfr-t-cte-2011-03-14.xsd#jpfr-t-cte_TotalChangesOfItemsDuringThePeriodREBF" xlink:label="jpfr-t-cte_TotalChangesOfItemsDuringThePeriodREBF" />
    <link:loc xlink:type="locator" xlink:href="http://info.edinet-fsa.go.jp/jp/fr/gaap/t/cte/2011-03-14/jpfr-t-cte-2011-03-14.xsd#jpfr-t-cte_PurchaseOfTreasuryStockNA" xlink:label="jpfr-t-cte_PurchaseOfTreasuryStockNA" />
    <link:loc xlink:type="locator" xlink:href="http://info.edinet-fsa.go.jp/jp/fr/gaap/t/cte/2011-03-14/jpfr-t-cte-2011-03-14.xsd#jpfr-t-cte_TotalChangesOfItemsDuringThePeriodSE" xlink:label="jpfr-t-cte_TotalChangesOfItemsDuringThePeriodSE" />
    <link:loc xlink:type="locator" xlink:href="http://info.edinet-fsa.go.jp/jp/fr/gaap/t/cte/2011-03-14/jpfr-t-cte-2011-03-14.xsd#jpfr-t-cte_ReversalOfGeneralReserveREBF" xlink:label="jpfr-t-cte_ReversalOfGeneralReserveREBF" />
    <link:loc xlink:type="locator" xlink:href="http://info.edinet-fsa.go.jp/jp/fr/gaap/t/cte/2011-03-14/jpfr-t-cte-2011-03-14.xsd#jpfr-t-cte_ReversalOfGeneralReserveGeneralReserve" xlink:label="jpfr-t-cte_ReversalOfGeneralReserveGeneralReserve" />
    <link:loc xlink:type="locator" xlink:href="http://info.edinet-fsa.go.jp/jp/fr/gaap/t/cte/2011-03-14/jpfr-t-cte-2011-03-14.xsd#jpfr-t-cte_TotalChangesOfItemsDuringThePeriodRE" xlink:label="jpfr-t-cte_TotalChangesOfItemsDuringThePeriodRE" />
    <link:loc xlink:type="locator" xlink:href="http://info.edinet-fsa.go.jp/jp/fr/gaap/t/cte/2011-03-14/jpfr-t-cte-2011-03-14.xsd#jpfr-t-cte_ProvisionOfGeneralReserveREBF" xlink:label="jpfr-t-cte_ProvisionOfGeneralReserveREBF" />
    <link:loc xlink:type="locator" xlink:href="http://info.edinet-fsa.go.jp/jp/fr/gaap/t/cte/2011-03-14/jpfr-t-cte-2011-03-14.xsd#jpfr-t-cte_ProvisionOfGeneralReserveGeneralReserve" xlink:label="jpfr-t-cte_ProvisionOfGeneralReserveGeneralReserve" />
    <link:loc xlink:type="locator" xlink:href="http://info.edinet-fsa.go.jp/jp/fr/gaap/t/cte/2011-03-14/jpfr-t-cte-2011-03-14.xsd#jpfr-t-cte_ReversalOfGeneralReserveRE" xlink:label="jpfr-t-cte_ReversalOfGeneralReserveRE" />
    <link:loc xlink:type="locator" xlink:href="http://info.edinet-fsa.go.jp/jp/fr/gaap/t/cte/2011-03-14/jpfr-t-cte-2011-03-14.xsd#jpfr-t-cte_PurchaseOfTreasuryStockTS" xlink:label="jpfr-t-cte_PurchaseOfTreasuryStockTS" />
    <link:loc xlink:type="locator" xlink:href="http://info.edinet-fsa.go.jp/jp/fr/gaap/t/cte/2011-03-14/jpfr-t-cte-2011-03-14.xsd#jpfr-t-cte_TotalChangesOfItemsDuringThePeriodTS" xlink:label="jpfr-t-cte_TotalChangesOfItemsDuringThePeriodTS" />
    <link:loc xlink:type="locator" xlink:href="http://info.edinet-fsa.go.jp/jp/fr/gaap/t/cte/2011-03-14/jpfr-t-cte-2011-03-14.xsd#jpfr-t-cte_TotalChangesOfItemsDuringThePeriodNA" xlink:label="jpfr-t-cte_TotalChangesOfItemsDuringThePeriodNA" />
    <link:loc xlink:type="locator" xlink:href="http://info.edinet-fsa.go.jp/jp/fr/gaap/t/cte/2011-03-14/jpfr-t-cte-2011-03-14.xsd#jpfr-t-cte_TotalChangesOfItemsDuringThePeriodGeneralReserve" xlink:label="jpfr-t-cte_TotalChangesOfItemsDuringThePeriodGeneralReserve" />
    <link:loc xlink:type="locator" xlink:href="http://info.edinet-fsa.go.jp/jp/fr/gaap/t/cte/2011-03-14/jpfr-t-cte-2011-03-14.xsd#jpfr-t-cte_ProvisionOfGeneralReserveRE" xlink:label="jpfr-t-cte_ProvisionOfGeneralReserveRE" />
    <link:loc xlink:type="locator" xlink:href="http://info.edinet-fsa.go.jp/jp/fr/gaap/t/cte/2011-03-14/jpfr-t-cte-2011-03-14.xsd#jpfr-t-cte_PurchaseOfTreasuryStockSE" xlink:label="jpfr-t-cte_PurchaseOfTreasuryStockSE" />
    <link:calculationArc xlink:type="arc" xlink:from="jpfr-t-cte_TotalChangesOfItemsDuringThePeriodREBF" xlink:to="jpfr-t-cte_ReversalOfGeneralReserveREBF" xlink:arcrole="http://www.xbrl.org/2003/arcrole/summation-item" order="4" weight="1" />
    <link:calculationArc xlink:type="arc" xlink:from="jpfr-t-cte_TotalChangesOfItemsDuringThePeriodNA" xlink:to="jpfr-t-cte_PurchaseOfTreasuryStockNA" xlink:arcrole="http://www.xbrl.org/2003/arcrole/summation-item" order="3.5" weight="1" />
    <link:calculationArc xlink:type="arc" xlink:from="jpfr-t-cte_TotalChangesOfItemsDuringThePeriodGeneralReserve" xlink:to="jpfr-t-cte_ProvisionOfGeneralReserveGeneralReserve" xlink:arcrole="http://www.xbrl.org/2003/arcrole/summation-item" order="1" weight="1" />
    <link:calculationArc xlink:type="arc" xlink:from="jpfr-t-cte_TotalChangesOfItemsDuringThePeriodRE" xlink:to="jpfr-t-cte_ProvisionOfGeneralReserveRE" xlink:arcrole="http://www.xbrl.org/2003/arcrole/summation-item" order="3" weight="1" />
    <link:calculationArc xlink:type="arc" xlink:from="jpfr-t-cte_TotalChangesOfItemsDuringThePeriodGeneralReserve" xlink:to="jpfr-t-cte_ReversalOfGeneralReserveGeneralReserve" xlink:arcrole="http://www.xbrl.org/2003/arcrole/summation-item" order="2" weight="1" />
    <link:calculationArc xlink:type="arc" xlink:from="jpfr-t-cte_TotalChangesOfItemsDuringThePeriodSE" xlink:to="jpfr-t-cte_PurchaseOfTreasuryStockSE" xlink:arcrole="http://www.xbrl.org/2003/arcrole/summation-item" order="3.5" weight="1" />
    <link:calculationArc xlink:type="arc" xlink:from="jpfr-t-cte_TotalChangesOfItemsDuringThePeriodRE" xlink:to="jpfr-t-cte_ReversalOfGeneralReserveRE" xlink:arcrole="http://www.xbrl.org/2003/arcrole/summation-item" order="4" weight="1" />
    <link:calculationArc xlink:type="arc" xlink:from="jpfr-t-cte_TotalChangesOfItemsDuringThePeriodTS" xlink:to="jpfr-t-cte_PurchaseOfTreasuryStockTS" xlink:arcrole="http://www.xbrl.org/2003/arcrole/summation-item" order="0.5" weight="1" />
    <link:calculationArc xlink:type="arc" xlink:from="jpfr-t-cte_TotalChangesOfItemsDuringThePeriodREBF" xlink:to="jpfr-t-cte_ProvisionOfGeneralReserveREBF" xlink:arcrole="http://www.xbrl.org/2003/arcrole/summation-item" order="3" weight="1" />
  </link:calculationLink>
  <link:calculationLink xlink:type="extended" xlink:role="http://info.edinet-fsa.go.jp/jp/fr/gaap/role/NonConsolidatedStatementsOfIncome">
    <link:loc xlink:type="locator" xlink:href="http://info.edinet-fsa.go.jp/jp/fr/gaap/t/cte/2011-03-14/jpfr-t-cte-2011-03-14.xsd#jpfr-t-cte_ExtraordinaryIncome" xlink:label="jpfr-t-cte_ExtraordinaryIncome" />
    <link:loc xlink:type="locator" xlink:href="http://info.edinet-fsa.go.jp/jp/fr/gaap/t/cte/2011-03-14/jpfr-t-cte-2011-03-14.xsd#jpfr-t-cte_OperatingIncome" xlink:label="jpfr-t-cte_OperatingIncome" />
    <link:loc xlink:type="locator" xlink:href="http://info.edinet-fsa.go.jp/jp/fr/gaap/t/cte/2011-03-14/jpfr-t-cte-2011-03-14.xsd#jpfr-t-cte_NonOperatingExpenses" xlink:label="jpfr-t-cte_NonOperatingExpenses" />
    <link:loc xlink:type="locator" xlink:href="http://info.edinet-fsa.go.jp/jp/fr/gaap/t/cte/2011-03-14/jpfr-t-cte-2011-03-14.xsd#jpfr-t-cte_CommissionFeeSGA" xlink:label="jpfr-t-cte_CommissionFeeSGA" />
    <link:loc xlink:type="locator" xlink:href="http://info.edinet-fsa.go.jp/jp/fr/gaap/t/cte/2011-03-14/jpfr-t-cte-2011-03-14.xsd#jpfr-t-cte_BookExpensesSGA" xlink:label="jpfr-t-cte_BookExpensesSGA" />
    <link:loc xlink:type="locator" xlink:href="http://info.edinet-fsa.go.jp/jp/fr/gaap/t/cte/2011-03-14/jpfr-t-cte-2011-03-14.xsd#jpfr-t-cte_ResearchAndDevelopmentExpensesSGA" xlink:label="jpfr-t-cte_ResearchAndDevelopmentExpensesSGA" />
    <link:loc xlink:type="locator" xlink:href="http://info.edinet-fsa.go.jp/jp/fr/gaap/t/cte/2011-03-14/jpfr-t-cte-2011-03-14.xsd#jpfr-t-cte_SellingGeneralAndAdministrativeExpenses" xlink:label="jpfr-t-cte_SellingGeneralAndAdministrativeExpenses" />
    <link:loc xlink:type="locator" xlink:href="http://info.edinet-fsa.go.jp/jp/fr/gaap/t/cte/2011-03-14/jpfr-t-cte-2011-03-14.xsd#jpfr-t-cte_ProvisionForDirectorsBonusesSGA" xlink:label="jpfr-t-cte_ProvisionForDirectorsBonusesSGA" />
    <link:loc xlink:type="locator" xlink:href="http://info.edinet-fsa.go.jp/jp/fr/gaap/t/cte/2011-03-14/jpfr-t-cte-2011-03-14.xsd#jpfr-t-cte_MiscellaneousIncomeNOI" xlink:label="jpfr-t-cte_MiscellaneousIncomeNOI" />
    <link:loc xlink:type="locator" xlink:href="http://info.edinet-fsa.go.jp/jp/fr/gaap/t/cte/2011-03-14/jpfr-t-cte-2011-03-14.xsd#jpfr-t-cte_GainOnSalesOfNoncurrentAssetsEI" xlink:label="jpfr-t-cte_GainOnSalesOfNoncurrentAssetsEI" />
    <link:loc xlink:type="locator" xlink:href="http://info.edinet-fsa.go.jp/jp/fr/gaap/t/cte/2011-03-14/jpfr-t-cte-2011-03-14.xsd#jpfr-t-cte_InvestigationExpensesSGA" xlink:label="jpfr-t-cte_InvestigationExpensesSGA" />
    <link:loc xlink:type="locator" xlink:href="http://info.edinet-fsa.go.jp/jp/fr/gaap/t/cte/2011-03-14/jpfr-t-cte-2011-03-14.xsd#jpfr-t-cte_MiscellaneousExpensesNOE" xlink:label="jpfr-t-cte_MiscellaneousExpensesNOE" />
    <link:loc xlink:type="locator" xlink:href="http://info.edinet-fsa.go.jp/jp/fr/gaap/t/cte/2011-03-14/jpfr-t-cte-2011-03-14.xsd#jpfr-t-cte_GrossProfit" xlink:label="jpfr-t-cte_GrossProfit" />
    <link:loc xlink:type="locator" xlink:href="http://info.edinet-fsa.go.jp/jp/fr/gaap/t/cte/2011-03-14/jpfr-t-cte-2011-03-14.xsd#jpfr-t-cte_GainOnSalesOfSubsidiariesStocksEI" xlink:label="jpfr-t-cte_GainOnSalesOfSubsidiariesStocksEI" />
    <link:loc xlink:type="locator" xlink:href="http://info.edinet-fsa.go.jp/jp/fr/gaap/t/cte/2011-03-14/jpfr-t-cte-2011-03-14.xsd#jpfr-t-cte_InterestOnSecuritiesNOI" xlink:label="jpfr-t-cte_InterestOnSecuritiesNOI" />
    <link:loc xlink:type="locator" xlink:href="http://info.edinet-fsa.go.jp/jp/fr/gaap/t/cte/2011-03-14/jpfr-t-cte-2011-03-14.xsd#jpfr-t-cte_MembershipFeeSGA" xlink:label="jpfr-t-cte_MembershipFeeSGA" />
    <link:loc xlink:type="locator" xlink:href="http://info.edinet-fsa.go.jp/jp/fr/gaap/t/cte/2011-03-14/jpfr-t-cte-2011-03-14.xsd#jpfr-t-cte_ExtraordinaryLoss" xlink:label="jpfr-t-cte_ExtraordinaryLoss" />
    <link:loc xlink:type="locator" xlink:href="http://info.edinet-fsa.go.jp/jp/fr/gaap/t/cte/2011-03-14/jpfr-t-cte-2011-03-14.xsd#jpfr-t-cte_HaulageExpensesSGA" xlink:label="jpfr-t-cte_HaulageExpensesSGA" />
    <link:loc xlink:type="locator" xlink:href="http://info.edinet-fsa.go.jp/jp/fr/gaap/t/cte/2011-03-14/jpfr-t-cte-2011-03-14.xsd#jpfr-t-cte_ImpairmentLossEL" xlink:label="jpfr-t-cte_ImpairmentLossEL" />
    <link:loc xlink:type="locator" xlink:href="http://info.edinet-fsa.go.jp/jp/fr/gaap/t/cte/2011-03-14/jpfr-t-cte-2011-03-14.xsd#jpfr-t-cte_SalariesAndWagesSGA" xlink:label="jpfr-t-cte_SalariesAndWagesSGA" />
    <link:loc xlink:type="locator" xlink:href="jpfr-asr-E01364-000-2011-03-31-01-2011-06-29.xsd#jpfr-asr-E01364-000_HeadquartersRelocationExpensesAllowanceProvisionEL" xlink:label="jpfr-asr-E01364-000_HeadquartersRelocationExpensesAllowanceProvisionEL" />
    <link:loc xlink:type="locator" xlink:href="http://info.edinet-fsa.go.jp/jp/fr/gaap/t/cte/2011-03-14/jpfr-t-cte-2011-03-14.xsd#jpfr-t-cte_NonOperatingIncome" xlink:label="jpfr-t-cte_NonOperatingIncome" />
    <link:loc xlink:type="locator" xlink:href="http://info.edinet-fsa.go.jp/jp/fr/gaap/t/cte/2011-03-14/jpfr-t-cte-2011-03-14.xsd#jpfr-t-cte_LossOnRetirementOfNoncurrentAssetsEL" xlink:label="jpfr-t-cte_LossOnRetirementOfNoncurrentAssetsEL" />
    <link:loc xlink:type="locator" xlink:href="http://info.edinet-fsa.go.jp/jp/fr/gaap/t/cte/2011-03-14/jpfr-t-cte-2011-03-14.xsd#jpfr-t-cte_LossOnAbolishmentOfRetirementBenefitPlanEL" xlink:label="jpfr-t-cte_LossOnAbolishmentOfRetirementBenefitPlanEL" />
    <link:loc xlink:type="locator" xlink:href="http://info.edinet-fsa.go.jp/jp/fr/gaap/t/cte/2011-03-14/jpfr-t-cte-2011-03-14.xsd#jpfr-t-cte_UtilitiesExpensesSGA" xlink:label="jpfr-t-cte_UtilitiesExpensesSGA" />
    <link:loc xlink:type="locator" xlink:href="jpfr-asr-E01364-000-2011-03-31-01-2011-06-29.xsd#jpfr-asr-E01364-000_IncidentalOfAcquisitionOfTreasuryStockNOE" xlink:label="jpfr-asr-E01364-000_IncidentalOfAcquisitionOfTreasuryStockNOE" />
    <link:loc xlink:type="locator" xlink:href="http://info.edinet-fsa.go.jp/jp/fr/gaap/t/cte/2011-03-14/jpfr-t-cte-2011-03-14.xsd#jpfr-t-cte_RetirementBenefitExpensesSGA" xlink:label="jpfr-t-cte_RetirementBenefitExpensesSGA" />
    <link:loc xlink:type="locator" xlink:href="http://info.edinet-fsa.go.jp/jp/fr/gaap/t/cte/2011-03-14/jpfr-t-cte-2011-03-14.xsd#jpfr-t-cte_ProvisionForDirectorsRetirementBenefitsSGA" xlink:label="jpfr-t-cte_ProvisionForDirectorsRetirementBenefitsSGA" />
    <link:loc xlink:type="locator" xlink:href="http://info.edinet-fsa.go.jp/jp/fr/gaap/t/cns/2011-03-14/jpfr-t-cns-2011-03-14.xsd#jpfr-t-cns_GrossProfitOnCompletedConstructionContractsCNS" xlink:label="jpfr-t-cns_GrossProfitOnCompletedConstructionContractsCNS" />
    <link:loc xlink:type="locator" xlink:href="http://info.edinet-fsa.go.jp/jp/fr/gaap/t/cte/2011-03-14/jpfr-t-cte-2011-03-14.xsd#jpfr-t-cte_RepairExpensesSGA" xlink:label="jpfr-t-cte_RepairExpensesSGA" />
    <link:loc xlink:type="locator" xlink:href="http://info.edinet-fsa.go.jp/jp/fr/gaap/t/cte/2011-03-14/jpfr-t-cte-2011-03-14.xsd#jpfr-t-cte_ForeignExchangeLossesNOE" xlink:label="jpfr-t-cte_ForeignExchangeLossesNOE" />
    <link:loc xlink:type="locator" xlink:href="http://info.edinet-fsa.go.jp/jp/fr/gaap/t/cte/2011-03-14/jpfr-t-cte-2011-03-14.xsd#jpfr-t-cte_GainOnSalesOfMembershipsEI" xlink:label="jpfr-t-cte_GainOnSalesOfMembershipsEI" />
    <link:loc xlink:type="locator" xlink:href="http://info.edinet-fsa.go.jp/jp/fr/gaap/t/cte/2011-03-14/jpfr-t-cte-2011-03-14.xsd#jpfr-t-cte_LossOnValuationOfMembershipEL" xlink:label="jpfr-t-cte_LossOnValuationOfMembershipEL" />
    <link:loc xlink:type="locator" xlink:href="http://info.edinet-fsa.go.jp/jp/fr/gaap/t/cte/2011-03-14/jpfr-t-cte-2011-03-14.xsd#jpfr-t-cte_RentExpensesSGA" xlink:label="jpfr-t-cte_RentExpensesSGA" />
    <link:loc xlink:type="locator" xlink:href="http://info.edinet-fsa.go.jp/jp/fr/gaap/t/cte/2011-03-14/jpfr-t-cte-2011-03-14.xsd#jpfr-t-cte_GainOnSalesOfInvestmentSecuritiesEI" xlink:label="jpfr-t-cte_GainOnSalesOfInvestmentSecuritiesEI" />
    <link:loc xlink:type="locator" xlink:href="http://info.edinet-fsa.go.jp/jp/fr/gaap/t/cte/2011-03-14/jpfr-t-cte-2011-03-14.xsd#jpfr-t-cte_ProvisionForBonusesSGA" xlink:label="jpfr-t-cte_ProvisionForBonusesSGA" />
    <link:loc xlink:type="locator" xlink:href="jpfr-asr-E01364-000-2011-03-31-01-2011-06-29.xsd#jpfr-asr-E01364-000_GainOnValuationOfInvestmentSecuritiesNOI" xlink:label="jpfr-asr-E01364-000_GainOnValuationOfInvestmentSecuritiesNOI" />
    <link:loc xlink:type="locator" xlink:href="http://info.edinet-fsa.go.jp/jp/fr/gaap/t/cte/2011-03-14/jpfr-t-cte-2011-03-14.xsd#jpfr-t-cte_LossOnSalesOfNoncurrentAssetsEL" xlink:label="jpfr-t-cte_LossOnSalesOfNoncurrentAssetsEL" />
    <link:loc xlink:type="locator" xlink:href="http://info.edinet-fsa.go.jp/jp/fr/gaap/t/cte/2011-03-14/jpfr-t-cte-2011-03-14.xsd#jpfr-t-cte_EmployeesBonusesSGA" xlink:label="jpfr-t-cte_EmployeesBonusesSGA" />
    <link:calculationArc xlink:type="arc" xlink:from="jpfr-t-cte_NonOperatingExpenses" xlink:to="jpfr-asr-E01364-000_IncidentalOfAcquisitionOfTreasuryStockNOE" xlink:arcrole="http://www.xbrl.org/2003/arcrole/summation-item" order="0.75" weight="1" />
    <link:calculationArc xlink:type="arc" xlink:from="jpfr-t-cte_ExtraordinaryLoss" xlink:to="jpfr-t-cte_LossOnAbolishmentOfRetirementBenefitPlanEL" xlink:arcrole="http://www.xbrl.org/2003/arcrole/summation-item" order="0.984375" weight="1" />
    <link:calculationArc xlink:type="arc" xlink:from="jpfr-t-cte_NonOperatingExpenses" xlink:to="jpfr-t-cte_ForeignExchangeLossesNOE" xlink:arcrole="http://www.xbrl.org/2003/arcrole/summation-item" order="0.5" weight="1" />
    <link:calculationArc xlink:type="arc" xlink:from="jpfr-t-cte_SellingGeneralAndAdministrativeExpenses" xlink:to="jpfr-t-cte_HaulageExpensesSGA" xlink:arcrole="http://www.xbrl.org/2003/arcrole/summation-item" order="8.75" weight="1" />
    <link:calculationArc xlink:type="arc" xlink:from="jpfr-t-cte_SellingGeneralAndAdministrativeExpenses" xlink:to="jpfr-t-cte_InvestigationExpensesSGA" xlink:arcrole="http://www.xbrl.org/2003/arcrole/summation-item" order="20.5" weight="1" />
    <link:calculationArc xlink:type="arc" xlink:from="jpfr-t-cte_ExtraordinaryLoss" xlink:to="jpfr-t-cte_LossOnSalesOfNoncurrentAssetsEL" xlink:arcrole="http://www.xbrl.org/2003/arcrole/summation-item" order="0.5" weight="1" />
    <link:calculationArc xlink:type="arc" xlink:from="jpfr-t-cte_SellingGeneralAndAdministrativeExpenses" xlink:to="jpfr-t-cte_RentExpensesSGA" xlink:arcrole="http://www.xbrl.org/2003/arcrole/summation-item" order="15.5" weight="1" />
    <link:calculationArc xlink:type="arc" xlink:from="jpfr-t-cte_SellingGeneralAndAdministrativeExpenses" xlink:to="jpfr-t-cte_RepairExpensesSGA" xlink:arcrole="http://www.xbrl.org/2003/arcrole/summation-item" order="5.5" weight="1" />
    <link:calculationArc xlink:type="arc" xlink:from="jpfr-t-cte_ExtraordinaryLoss" xlink:to="jpfr-t-cte_LossOnRetirementOfNoncurrentAssetsEL" xlink:arcrole="http://www.xbrl.org/2003/arcrole/summation-item" order="0.75" weight="1" />
    <link:calculationArc xlink:type="arc" xlink:from="jpfr-t-cte_SellingGeneralAndAdministrativeExpenses" xlink:to="jpfr-t-cte_SalariesAndWagesSGA" xlink:arcrole="http://www.xbrl.org/2003/arcrole/summation-item" order="1.5" weight="1" />
    <link:calculationArc xlink:type="arc" xlink:from="jpfr-t-cte_ExtraordinaryIncome" xlink:to="jpfr-t-cte_GainOnSalesOfMembershipsEI" xlink:arcrole="http://www.xbrl.org/2003/arcrole/summation-item" order="0.9375" weight="1" />
    <link:calculationArc xlink:type="arc" xlink:from="jpfr-t-cte_ExtraordinaryIncome" xlink:to="jpfr-t-cte_GainOnSalesOfInvestmentSecuritiesEI" xlink:arcrole="http://www.xbrl.org/2003/arcrole/summation-item" order="0.75" weight="1" />
    <link:calculationArc xlink:type="arc" xlink:from="jpfr-t-cte_ExtraordinaryLoss" xlink:to="jpfr-t-cte_ImpairmentLossEL" xlink:arcrole="http://www.xbrl.org/2003/arcrole/summation-item" order="0.875" weight="1" />
    <link:calculationArc xlink:type="arc" xlink:from="jpfr-t-cte_SellingGeneralAndAdministrativeExpenses" xlink:to="jpfr-t-cte_CommissionFeeSGA" xlink:arcrole="http://www.xbrl.org/2003/arcrole/summation-item" order="20.75" weight="1" />
    <link:calculationArc xlink:type="arc" xlink:from="jpfr-t-cte_SellingGeneralAndAdministrativeExpenses" xlink:to="jpfr-t-cte_RetirementBenefitExpensesSGA" xlink:arcrole="http://www.xbrl.org/2003/arcrole/summation-item" order="1.96875" weight="1" />
    <link:calculationArc xlink:type="arc" xlink:from="jpfr-t-cte_OperatingIncome" xlink:to="jpfr-t-cns_GrossProfitOnCompletedConstructionContractsCNS" xlink:arcrole="http://www.xbrl.org/2003/arcrole/summation-item" order="0.5" weight="1" />
    <link:calculationArc xlink:type="arc" xlink:from="jpfr-t-cte_NonOperatingIncome" xlink:to="jpfr-t-cte_MiscellaneousIncomeNOI" xlink:arcrole="http://www.xbrl.org/2003/arcrole/summation-item" order="2.75" weight="1" />
    <link:calculationArc xlink:type="arc" xlink:from="jpfr-t-cte_SellingGeneralAndAdministrativeExpenses" xlink:to="jpfr-t-cte_MembershipFeeSGA" xlink:arcrole="http://www.xbrl.org/2003/arcrole/summation-item" order="20.875" weight="1" />
    <link:calculationArc xlink:type="arc" xlink:from="jpfr-t-cte_ExtraordinaryLoss" xlink:to="jpfr-asr-E01364-000_HeadquartersRelocationExpensesAllowanceProvisionEL" xlink:arcrole="http://www.xbrl.org/2003/arcrole/summation-item" order="0.96875" weight="1" />
    <link:calculationArc xlink:type="arc" xlink:from="jpfr-t-cte_NonOperatingExpenses" xlink:to="jpfr-t-cte_MiscellaneousExpensesNOE" xlink:arcrole="http://www.xbrl.org/2003/arcrole/summation-item" order="0.875" weight="1" />
    <link:calculationArc xlink:type="arc" xlink:from="jpfr-t-cte_NonOperatingIncome" xlink:to="jpfr-asr-E01364-000_GainOnValuationOfInvestmentSecuritiesNOI" xlink:arcrole="http://www.xbrl.org/2003/arcrole/summation-item" order="2.5" weight="1" />
    <link:calculationArc xlink:type="arc" xlink:from="jpfr-t-cte_ExtraordinaryIncome" xlink:to="jpfr-t-cte_GainOnSalesOfSubsidiariesStocksEI" xlink:arcrole="http://www.xbrl.org/2003/arcrole/summation-item" order="0.875" weight="1" />
    <link:calculationArc xlink:type="arc" xlink:from="jpfr-t-cte_SellingGeneralAndAdministrativeExpenses" xlink:to="jpfr-t-cte_ResearchAndDevelopmentExpensesSGA" xlink:arcrole="http://www.xbrl.org/2003/arcrole/summation-item" order="20.96875" weight="1" />
    <link:calculationArc xlink:type="arc" xlink:from="jpfr-t-cte_SellingGeneralAndAdministrativeExpenses" xlink:to="jpfr-t-cte_ProvisionForDirectorsBonusesSGA" xlink:arcrole="http://www.xbrl.org/2003/arcrole/summation-item" order="1.9375" weight="1" />
    <link:calculationArc xlink:type="arc" xlink:from="jpfr-t-cte_ExtraordinaryIncome" xlink:to="jpfr-t-cte_GainOnSalesOfNoncurrentAssetsEI" xlink:arcrole="http://www.xbrl.org/2003/arcrole/summation-item" order="0.5" weight="1" />
    <link:calculationArc xlink:type="arc" xlink:from="jpfr-t-cte_ExtraordinaryLoss" xlink:to="jpfr-t-cte_LossOnValuationOfMembershipEL" xlink:arcrole="http://www.xbrl.org/2003/arcrole/summation-item" order="0.9375" weight="1" />
    <link:calculationArc xlink:type="arc" xlink:from="jpfr-t-cte_SellingGeneralAndAdministrativeExpenses" xlink:to="jpfr-t-cte_ProvisionForDirectorsRetirementBenefitsSGA" xlink:arcrole="http://www.xbrl.org/2003/arcrole/summation-item" order="1.984375" weight="1" />
    <link:calculationArc xlink:type="arc" xlink:from="jpfr-t-cte_NonOperatingIncome" xlink:to="jpfr-t-cte_InterestOnSecuritiesNOI" xlink:arcrole="http://www.xbrl.org/2003/arcrole/summation-item" order="1.5" weight="1" />
    <link:calculationArc xlink:type="arc" xlink:from="jpfr-t-cte_SellingGeneralAndAdministrativeExpenses" xlink:to="jpfr-t-cte_UtilitiesExpensesSGA" xlink:arcrole="http://www.xbrl.org/2003/arcrole/summation-item" order="8.5" weight="1" />
    <link:calculationArc xlink:type="arc" xlink:from="jpfr-t-cte_GrossProfit" xlink:to="jpfr-t-cns_GrossProfitOnCompletedConstructionContractsCNS" xlink:arcrole="http://www.xbrl.org/2003/arcrole/summation-item" use="prohibited" priority="1" order="1" weight="1" />
    <link:calculationArc xlink:type="arc" xlink:from="jpfr-t-cte_SellingGeneralAndAdministrativeExpenses" xlink:to="jpfr-t-cte_BookExpensesSGA" xlink:arcrole="http://www.xbrl.org/2003/arcrole/summation-item" order="20.9375" weight="1" />
    <link:calculationArc xlink:type="arc" xlink:from="jpfr-t-cte_SellingGeneralAndAdministrativeExpenses" xlink:to="jpfr-t-cte_EmployeesBonusesSGA" xlink:arcrole="http://www.xbrl.org/2003/arcrole/summation-item" order="1.75" weight="1" />
    <link:calculationArc xlink:type="arc" xlink:from="jpfr-t-cte_SellingGeneralAndAdministrativeExpenses" xlink:to="jpfr-t-cte_ProvisionForBonusesSGA" xlink:arcrole="http://www.xbrl.org/2003/arcrole/summation-item" order="1.875" weight="1" />
  </link:calculationLink>
  <link:calculationLink xlink:type="extended" xlink:role="http://info.edinet-fsa.go.jp/jp/fr/gaap/role/NonConsolidatedBalanceSheets">
    <link:loc xlink:type="locator" xlink:href="http://info.edinet-fsa.go.jp/jp/fr/gaap/t/cte/2011-03-14/jpfr-t-cte-2011-03-14.xsd#jpfr-t-cte_GeneralReserve" xlink:label="jpfr-t-cte_GeneralReserve" />
    <link:loc xlink:type="locator" xlink:href="http://info.edinet-fsa.go.jp/jp/fr/gaap/t/cte/2011-03-14/jpfr-t-cte-2011-03-14.xsd#jpfr-t-cte_IntangibleAssets" xlink:label="jpfr-t-cte_IntangibleAssets" />
    <link:loc xlink:type="locator" xlink:href="http://info.edinet-fsa.go.jp/jp/fr/gaap/t/cte/2011-03-14/jpfr-t-cte-2011-03-14.xsd#jpfr-t-cte_LongTermLoansReceivableFromEmployees" xlink:label="jpfr-t-cte_LongTermLoansReceivableFromEmployees" />
    <link:loc xlink:type="locator" xlink:href="http://info.edinet-fsa.go.jp/jp/fr/gaap/t/cte/2011-03-14/jpfr-t-cte-2011-03-14.xsd#jpfr-t-cte_LongTermTimeDeposits" xlink:label="jpfr-t-cte_LongTermTimeDeposits" />
    <link:loc xlink:type="locator" xlink:href="http://info.edinet-fsa.go.jp/jp/fr/gaap/t/cte/2011-03-14/jpfr-t-cte-2011-03-14.xsd#jpfr-t-cte_ProvisionCL" xlink:label="jpfr-t-cte_ProvisionCL" />
    <link:loc xlink:type="locator" xlink:href="http://info.edinet-fsa.go.jp/jp/fr/gaap/t/cte/2011-03-14/jpfr-t-cte-2011-03-14.xsd#jpfr-t-cte_ProvisionForRetirementBenefits" xlink:label="jpfr-t-cte_ProvisionForRetirementBenefits" />
    <link:loc xlink:type="locator" xlink:href="http://info.edinet-fsa.go.jp/jp/fr/gaap/t/cte/2011-03-14/jpfr-t-cte-2011-03-14.xsd#jpfr-t-cte_AccumulatedDepreciationRealEstateForRent" xlink:label="jpfr-t-cte_AccumulatedDepreciationRealEstateForRent" />
    <link:loc xlink:type="locator" xlink:href="jpfr-asr-E01364-000-2011-03-31-01-2011-06-29.xsd#jpfr-asr-E01364-000_AllowanceForLossesDamages" xlink:label="jpfr-asr-E01364-000_AllowanceForLossesDamages" />
    <link:loc xlink:type="locator" xlink:href="http://info.edinet-fsa.go.jp/jp/fr/gaap/t/cte/2011-03-14/jpfr-t-cte-2011-03-14.xsd#jpfr-t-cte_ProvisionForDirectorsBonuses" xlink:label="jpfr-t-cte_ProvisionForDirectorsBonuses" />
    <link:loc xlink:type="locator" xlink:href="http://info.edinet-fsa.go.jp/jp/fr/gaap/t/cte/2011-03-14/jpfr-t-cte-2011-03-14.xsd#jpfr-t-cte_LeaseAssetsNetPPE" xlink:label="jpfr-t-cte_LeaseAssetsNetPPE" />
    <link:loc xlink:type="locator" xlink:href="http://info.edinet-fsa.go.jp/jp/fr/gaap/t/cte/2011-03-14/jpfr-t-cte-2011-03-14.xsd#jpfr-t-cte_RetainedEarnings" xlink:label="jpfr-t-cte_RetainedEarnings" />
    <link:loc xlink:type="locator" xlink:href="http://info.edinet-fsa.go.jp/jp/fr/gaap/t/cte/2011-03-14/jpfr-t-cte-2011-03-14.xsd#jpfr-t-cte_AccumulatedDepreciationVehicles" xlink:label="jpfr-t-cte_AccumulatedDepreciationVehicles" />
    <link:loc xlink:type="locator" xlink:href="http://info.edinet-fsa.go.jp/jp/fr/gaap/t/cte/2011-03-14/jpfr-t-cte-2011-03-14.xsd#jpfr-t-cte_ProvisionForBonuses" xlink:label="jpfr-t-cte_ProvisionForBonuses" />
    <link:loc xlink:type="locator" xlink:href="http://info.edinet-fsa.go.jp/jp/fr/gaap/t/cte/2011-03-14/jpfr-t-cte-2011-03-14.xsd#jpfr-t-cte_ProvisionForDirectorsRetirementBenefits" xlink:label="jpfr-t-cte_ProvisionForDirectorsRetirementBenefits" />
    <link:loc xlink:type="locator" xlink:href="http://info.edinet-fsa.go.jp/jp/fr/gaap/t/cte/2011-03-14/jpfr-t-cte-2011-03-14.xsd#jpfr-t-cte_ProvisionForEnvironmentalMeasuresNCL" xlink:label="jpfr-t-cte_ProvisionForEnvironmentalMeasuresNCL" />
    <link:loc xlink:type="locator" xlink:href="http://info.edinet-fsa.go.jp/jp/fr/gaap/t/cte/2011-03-14/jpfr-t-cte-2011-03-14.xsd#jpfr-t-cte_RealEstateForRentNet" xlink:label="jpfr-t-cte_RealEstateForRentNet" />
    <link:loc xlink:type="locator" xlink:href="http://info.edinet-fsa.go.jp/jp/fr/gaap/t/cte/2011-03-14/jpfr-t-cte-2011-03-14.xsd#jpfr-t-cte_PropertyPlantAndEquipment" xlink:label="jpfr-t-cte_PropertyPlantAndEquipment" />
    <link:loc xlink:type="locator" xlink:href="http://info.edinet-fsa.go.jp/jp/fr/gaap/t/cte/2011-03-14/jpfr-t-cte-2011-03-14.xsd#jpfr-t-cte_ProvisionNCL" xlink:label="jpfr-t-cte_ProvisionNCL" />
    <link:loc xlink:type="locator" xlink:href="http://info.edinet-fsa.go.jp/jp/fr/gaap/t/cte/2011-03-14/jpfr-t-cte-2011-03-14.xsd#jpfr-t-cte_ProvisionForLossOnConstructionContracts" xlink:label="jpfr-t-cte_ProvisionForLossOnConstructionContracts" />
    <link:loc xlink:type="locator" xlink:href="http://info.edinet-fsa.go.jp/jp/fr/gaap/t/cte/2011-03-14/jpfr-t-cte-2011-03-14.xsd#jpfr-t-cte_Software" xlink:label="jpfr-t-cte_Software" />
    <link:loc xlink:type="locator" xlink:href="http://info.edinet-fsa.go.jp/jp/fr/gaap/t/cte/2011-03-14/jpfr-t-cte-2011-03-14.xsd#jpfr-t-cte_AccumulatedDepreciationLeaseAssetsPPE" xlink:label="jpfr-t-cte_AccumulatedDepreciationLeaseAssetsPPE" />
    <link:loc xlink:type="locator" xlink:href="http://info.edinet-fsa.go.jp/jp/fr/gaap/t/cte/2011-03-14/jpfr-t-cte-2011-03-14.xsd#jpfr-t-cte_VehiclesNet" xlink:label="jpfr-t-cte_VehiclesNet" />
    <link:loc xlink:type="locator" xlink:href="http://info.edinet-fsa.go.jp/jp/fr/gaap/t/cte/2011-03-14/jpfr-t-cte-2011-03-14.xsd#jpfr-t-cte_ReserveForRetirementAllowance4" xlink:label="jpfr-t-cte_ReserveForRetirementAllowance4" />
    <link:loc xlink:type="locator" xlink:href="http://info.edinet-fsa.go.jp/jp/fr/gaap/t/cte/2011-03-14/jpfr-t-cte-2011-03-14.xsd#jpfr-t-cte_ProvisionForWarrantiesForCompletedConstruction" xlink:label="jpfr-t-cte_ProvisionForWarrantiesForCompletedConstruction" />
    <link:loc xlink:type="locator" xlink:href="jpfr-asr-E01364-000-2011-03-31-01-2011-06-29.xsd#jpfr-asr-E01364-000_HeadquartersRelocationExpensesAllowance" xlink:label="jpfr-asr-E01364-000_HeadquartersRelocationExpensesAllowance" />
    <link:loc xlink:type="locator" xlink:href="http://info.edinet-fsa.go.jp/jp/fr/gaap/t/cte/2011-03-14/jpfr-t-cte-2011-03-14.xsd#jpfr-t-cte_RealEstateForRent" xlink:label="jpfr-t-cte_RealEstateForRent" />
    <link:loc xlink:type="locator" xlink:href="http://info.edinet-fsa.go.jp/jp/fr/gaap/t/cte/2011-03-14/jpfr-t-cte-2011-03-14.xsd#jpfr-t-cte_NoncurrentLiabilities" xlink:label="jpfr-t-cte_NoncurrentLiabilities" />
    <link:loc xlink:type="locator" xlink:href="http://info.edinet-fsa.go.jp/jp/fr/gaap/t/cte/2011-03-14/jpfr-t-cte-2011-03-14.xsd#jpfr-t-cte_InvestmentsAndOtherAssets" xlink:label="jpfr-t-cte_InvestmentsAndOtherAssets" />
    <link:loc xlink:type="locator" xlink:href="http://info.edinet-fsa.go.jp/jp/fr/gaap/t/cte/2011-03-14/jpfr-t-cte-2011-03-14.xsd#jpfr-t-cte_CurrentLiabilities" xlink:label="jpfr-t-cte_CurrentLiabilities" />
    <link:calculationArc xlink:type="arc" xlink:from="jpfr-t-cte_LeaseAssetsNetPPE" xlink:to="jpfr-t-cte_AccumulatedDepreciationLeaseAssetsPPE" xlink:arcrole="http://www.xbrl.org/2003/arcrole/summation-item" order="4.5" weight="1" />
    <link:calculationArc xlink:type="arc" xlink:from="jpfr-t-cte_CurrentLiabilities" xlink:to="jpfr-t-cte_ProvisionForDirectorsBonuses" xlink:arcrole="http://www.xbrl.org/2003/arcrole/summation-item" order="10.5" weight="1" />
    <link:calculationArc xlink:type="arc" xlink:from="jpfr-t-cte_CurrentLiabilities" xlink:to="jpfr-t-cte_ProvisionForWarrantiesForCompletedConstruction" xlink:arcrole="http://www.xbrl.org/2003/arcrole/summation-item" order="10.75" weight="1" />
    <link:calculationArc xlink:type="arc" xlink:from="jpfr-t-cte_CurrentLiabilities" xlink:to="jpfr-asr-E01364-000_HeadquartersRelocationExpensesAllowance" xlink:arcrole="http://www.xbrl.org/2003/arcrole/summation-item" order="10.96875" weight="1" />
    <link:calculationArc xlink:type="arc" xlink:from="jpfr-t-cte_CurrentLiabilities" xlink:to="jpfr-asr-E01364-000_AllowanceForLossesDamages" xlink:arcrole="http://www.xbrl.org/2003/arcrole/summation-item" order="10.9375" weight="1" />
    <link:calculationArc xlink:type="arc" xlink:from="jpfr-t-cte_NoncurrentLiabilities" xlink:to="jpfr-t-cte_ProvisionForRetirementBenefits" xlink:arcrole="http://www.xbrl.org/2003/arcrole/summation-item" order="4.875" weight="1" />
    <link:calculationArc xlink:type="arc" xlink:from="jpfr-t-cte_RetainedEarnings" xlink:to="jpfr-t-cte_GeneralReserve" xlink:arcrole="http://www.xbrl.org/2003/arcrole/summation-item" order="1.75" weight="1" />
    <link:calculationArc xlink:type="arc" xlink:from="jpfr-t-cte_ProvisionNCL" xlink:to="jpfr-t-cte_ProvisionForRetirementBenefits" xlink:arcrole="http://www.xbrl.org/2003/arcrole/summation-item" use="prohibited" priority="1" order="1" weight="1" />
    <link:calculationArc xlink:type="arc" xlink:from="jpfr-t-cte_PropertyPlantAndEquipment" xlink:to="jpfr-t-cte_RealEstateForRentNet" xlink:arcrole="http://www.xbrl.org/2003/arcrole/summation-item" order="1" weight="1" />
    <link:calculationArc xlink:type="arc" xlink:from="jpfr-t-cte_InvestmentsAndOtherAssets" xlink:to="jpfr-t-cte_LongTermLoansReceivableFromEmployees" xlink:arcrole="http://www.xbrl.org/2003/arcrole/summation-item" order="8.25" weight="1" />
    <link:calculationArc xlink:type="arc" xlink:from="jpfr-t-cte_NoncurrentLiabilities" xlink:to="jpfr-t-cte_ProvisionForEnvironmentalMeasuresNCL" xlink:arcrole="http://www.xbrl.org/2003/arcrole/summation-item" order="4.75" weight="1" />
    <link:calculationArc xlink:type="arc" xlink:from="jpfr-t-cte_VehiclesNet" xlink:to="jpfr-t-cte_AccumulatedDepreciationVehicles" xlink:arcrole="http://www.xbrl.org/2003/arcrole/summation-item" order="4.5" weight="1" />
    <link:calculationArc xlink:type="arc" xlink:from="jpfr-t-cte_RetainedEarnings" xlink:to="jpfr-t-cte_ReserveForRetirementAllowance4" xlink:arcrole="http://www.xbrl.org/2003/arcrole/summation-item" order="1.5" weight="1" />
    <link:calculationArc xlink:type="arc" xlink:from="jpfr-t-cte_InvestmentsAndOtherAssets" xlink:to="jpfr-t-cte_LongTermTimeDeposits" xlink:arcrole="http://www.xbrl.org/2003/arcrole/summation-item" order="6.5" weight="1" />
    <link:calculationArc xlink:type="arc" xlink:from="jpfr-t-cte_RealEstateForRentNet" xlink:to="jpfr-t-cte_RealEstateForRent" xlink:arcrole="http://www.xbrl.org/2003/arcrole/summation-item" order="1" weight="1" />
    <link:calculationArc xlink:type="arc" xlink:from="jpfr-t-cte_RealEstateForRentNet" xlink:to="jpfr-t-cte_AccumulatedDepreciationRealEstateForRent" xlink:arcrole="http://www.xbrl.org/2003/arcrole/summation-item" order="2" weight="1" />
    <link:calculationArc xlink:type="arc" xlink:from="jpfr-t-cte_IntangibleAssets" xlink:to="jpfr-t-cte_Software" xlink:arcrole="http://www.xbrl.org/2003/arcrole/summation-item" order="3.5" weight="1" />
    <link:calculationArc xlink:type="arc" xlink:from="jpfr-t-cte_CurrentLiabilities" xlink:to="jpfr-t-cte_ProvisionForBonuses" xlink:arcrole="http://www.xbrl.org/2003/arcrole/summation-item" order="10.984375" weight="1" />
    <link:calculationArc xlink:type="arc" xlink:from="jpfr-t-cte_NoncurrentLiabilities" xlink:to="jpfr-t-cte_ProvisionForDirectorsRetirementBenefits" xlink:arcrole="http://www.xbrl.org/2003/arcrole/summation-item" order="4.5" weight="1" />
    <link:calculationArc xlink:type="arc" xlink:from="jpfr-t-cte_CurrentLiabilities" xlink:to="jpfr-t-cte_ProvisionForLossOnConstructionContracts" xlink:arcrole="http://www.xbrl.org/2003/arcrole/summation-item" order="10.875" weight="1" />
    <link:calculationArc xlink:type="arc" xlink:from="jpfr-t-cte_ProvisionCL" xlink:to="jpfr-t-cte_ProvisionForBonuses" xlink:arcrole="http://www.xbrl.org/2003/arcrole/summation-item" use="prohibited" priority="1" order="1" weight="1" />
  </link:calculationLink>
  <link:calculationLink xlink:type="extended" xlink:role="http://info.edinet-fsa.go.jp/jp/fr/gaap/role/ConsolidatedStatementsOfChangesInNetAssets2">
    <link:loc xlink:type="locator" xlink:href="http://info.edinet-fsa.go.jp/jp/fr/gaap/t/cte/2011-03-14/jpfr-t-cte-2011-03-14.xsd#jpfr-t-cte_PurchaseOfTreasuryStockNA" xlink:label="jpfr-t-cte_PurchaseOfTreasuryStockNA" />
    <link:loc xlink:type="locator" xlink:href="http://info.edinet-fsa.go.jp/jp/fr/gaap/t/cte/2011-03-14/jpfr-t-cte-2011-03-14.xsd#jpfr-t-cte_PurchaseOfTreasuryStockTS" xlink:label="jpfr-t-cte_PurchaseOfTreasuryStockTS" />
    <link:loc xlink:type="locator" xlink:href="http://info.edinet-fsa.go.jp/jp/fr/gaap/t/cte/2011-03-14/jpfr-t-cte-2011-03-14.xsd#jpfr-t-cte_PurchaseOfTreasuryStockSE" xlink:label="jpfr-t-cte_PurchaseOfTreasuryStockSE" />
    <link:calculationArc xlink:type="arc" xlink:from="jpfr-t-cte_PurchaseOfTreasuryStockNA" xlink:to="jpfr-t-cte_PurchaseOfTreasuryStockSE" xlink:arcrole="http://www.xbrl.org/2003/arcrole/summation-item" order="1" weight="1" />
    <link:calculationArc xlink:type="arc" xlink:from="jpfr-t-cte_PurchaseOfTreasuryStockSE" xlink:to="jpfr-t-cte_PurchaseOfTreasuryStockTS" xlink:arcrole="http://www.xbrl.org/2003/arcrole/summation-item" order="1" weight="1" />
  </link:calculationLink>
  <link:calculationLink xlink:type="extended" xlink:role="http://info.edinet-fsa.go.jp/jp/fr/gaap/role/ConsolidatedStatementsOfCashFlowsIndirect">
    <link:loc xlink:type="locator" xlink:href="http://info.edinet-fsa.go.jp/jp/fr/gaap/t/cte/2011-03-14/jpfr-t-cte-2011-03-14.xsd#jpfr-t-cte_IncreaseDecreaseInProvisionForRetirementBenefitsOpeCF" xlink:label="jpfr-t-cte_IncreaseDecreaseInProvisionForRetirementBenefitsOpeCF" />
    <link:loc xlink:type="locator" xlink:href="http://info.edinet-fsa.go.jp/jp/fr/gaap/t/cte/2011-03-14/jpfr-t-cte-2011-03-14.xsd#jpfr-t-cte_NetCashProvidedByUsedInInvestmentActivities" xlink:label="jpfr-t-cte_NetCashProvidedByUsedInInvestmentActivities" />
    <link:loc xlink:type="locator" xlink:href="http://info.edinet-fsa.go.jp/jp/fr/gaap/t/cte/2011-03-14/jpfr-t-cte-2011-03-14.xsd#jpfr-t-cte_LossGainOnSalesOfInvestmentSecuritiesOpeCF" xlink:label="jpfr-t-cte_LossGainOnSalesOfInvestmentSecuritiesOpeCF" />
    <link:loc xlink:type="locator" xlink:href="http://info.edinet-fsa.go.jp/jp/fr/gaap/t/cte/2011-03-14/jpfr-t-cte-2011-03-14.xsd#jpfr-t-cte_PurchaseOfTreasuryStockOfSubsidiariesInConsolidationFinCF" xlink:label="jpfr-t-cte_PurchaseOfTreasuryStockOfSubsidiariesInConsolidationFinCF" />
    <link:loc xlink:type="locator" xlink:href="http://info.edinet-fsa.go.jp/jp/fr/gaap/t/cte/2011-03-14/jpfr-t-cte-2011-03-14.xsd#jpfr-t-cte_LossOnRetirementOfNoncurrentAssetsOpeCF" xlink:label="jpfr-t-cte_LossOnRetirementOfNoncurrentAssetsOpeCF" />
    <link:loc xlink:type="locator" xlink:href="jpfr-asr-E01364-000-2011-03-31-01-2011-06-29.xsd#jpfr-asr-E01364-000_IncreaseDecreaseInProvisionForHeadquartersRelocationExpensesAllowanceOpeCF" xlink:label="jpfr-asr-E01364-000_IncreaseDecreaseInProvisionForHeadquartersRelocationExpensesAllowanceOpeCF" />
    <link:loc xlink:type="locator" xlink:href="http://info.edinet-fsa.go.jp/jp/fr/gaap/t/cte/2011-03-14/jpfr-t-cte-2011-03-14.xsd#jpfr-t-cte_LossOnValuationOfMembershipOpeCF" xlink:label="jpfr-t-cte_LossOnValuationOfMembershipOpeCF" />
    <link:loc xlink:type="locator" xlink:href="jpfr-asr-E01364-000-2011-03-31-01-2011-06-29.xsd#jpfr-asr-E01364-000_IncidentalOfAcquisitionOfTreasuryStockOpeCF" xlink:label="jpfr-asr-E01364-000_IncidentalOfAcquisitionOfTreasuryStockOpeCF" />
    <link:loc xlink:type="locator" xlink:href="http://info.edinet-fsa.go.jp/jp/fr/gaap/t/cte/2011-03-14/jpfr-t-cte-2011-03-14.xsd#jpfr-t-cte_IncreaseDecreaseInProvisionForLossOnConstructionContractsOpeCF" xlink:label="jpfr-t-cte_IncreaseDecreaseInProvisionForLossOnConstructionContractsOpeCF" />
    <link:loc xlink:type="locator" xlink:href="http://info.edinet-fsa.go.jp/jp/fr/gaap/t/cte/2011-03-14/jpfr-t-cte-2011-03-14.xsd#jpfr-t-cte_SubtotalOpeCF" xlink:label="jpfr-t-cte_SubtotalOpeCF" />
    <link:loc xlink:type="locator" xlink:href="http://info.edinet-fsa.go.jp/jp/fr/gaap/t/cns/2011-03-14/jpfr-t-cns-2011-03-14.xsd#jpfr-t-cns_IncreaseDecreaseInAdvancesReceivedOnUncompletedConstructionContractsOpeCFCNS" xlink:label="jpfr-t-cns_IncreaseDecreaseInAdvancesReceivedOnUncompletedConstructionContractsOpeCFCNS" />
    <link:loc xlink:type="locator" xlink:href="http://info.edinet-fsa.go.jp/jp/fr/gaap/t/cte/2011-03-14/jpfr-t-cte-2011-03-14.xsd#jpfr-t-cte_ProceedsFromSalesAndRedemptionOfSecuritiesInvCF" xlink:label="jpfr-t-cte_ProceedsFromSalesAndRedemptionOfSecuritiesInvCF" />
    <link:loc xlink:type="locator" xlink:href="http://info.edinet-fsa.go.jp/jp/fr/gaap/t/cte/2011-03-14/jpfr-t-cte-2011-03-14.xsd#jpfr-t-cte_ProceedsFromSalesOfMembershipInvCF" xlink:label="jpfr-t-cte_ProceedsFromSalesOfMembershipInvCF" />
    <link:loc xlink:type="locator" xlink:href="http://info.edinet-fsa.go.jp/jp/fr/gaap/t/cte/2011-03-14/jpfr-t-cte-2011-03-14.xsd#jpfr-t-cte_PaymentsIntoTimeDepositsInvCF" xlink:label="jpfr-t-cte_PaymentsIntoTimeDepositsInvCF" />
    <link:loc xlink:type="locator" xlink:href="http://info.edinet-fsa.go.jp/jp/fr/gaap/t/cte/2011-03-14/jpfr-t-cte-2011-03-14.xsd#jpfr-t-cte_IncreaseDecreaseInAccruedConsumptionTaxesOpeCF" xlink:label="jpfr-t-cte_IncreaseDecreaseInAccruedConsumptionTaxesOpeCF" />
    <link:loc xlink:type="locator" xlink:href="http://info.edinet-fsa.go.jp/jp/fr/gaap/t/cte/2011-03-14/jpfr-t-cte-2011-03-14.xsd#jpfr-t-cte_LossGainOnValuationOfInvestmentSecuritiesOpeCF" xlink:label="jpfr-t-cte_LossGainOnValuationOfInvestmentSecuritiesOpeCF" />
    <link:loc xlink:type="locator" xlink:href="http://info.edinet-fsa.go.jp/jp/fr/gaap/t/cte/2011-03-14/jpfr-t-cte-2011-03-14.xsd#jpfr-t-cte_ProceedsFromSalesAndRedemptionOfInvestmentSecuritiesInvCF" xlink:label="jpfr-t-cte_ProceedsFromSalesAndRedemptionOfInvestmentSecuritiesInvCF" />
    <link:loc xlink:type="locator" xlink:href="http://info.edinet-fsa.go.jp/jp/fr/gaap/t/cte/2011-03-14/jpfr-t-cte-2011-03-14.xsd#jpfr-t-cte_LossGainOnSalesOfNoncurrentAssetsOpeCF" xlink:label="jpfr-t-cte_LossGainOnSalesOfNoncurrentAssetsOpeCF" />
    <link:loc xlink:type="locator" xlink:href="http://info.edinet-fsa.go.jp/jp/fr/gaap/t/cte/2011-03-14/jpfr-t-cte-2011-03-14.xsd#jpfr-t-cte_IncreaseDecreaseInProvisionForDirectorsRetirementBenefitsOpeCF" xlink:label="jpfr-t-cte_IncreaseDecreaseInProvisionForDirectorsRetirementBenefitsOpeCF" />
    <link:loc xlink:type="locator" xlink:href="http://info.edinet-fsa.go.jp/jp/fr/gaap/t/cte/2011-03-14/jpfr-t-cte-2011-03-14.xsd#jpfr-t-cte_IncreaseDecreaseInProvisionForBonusesOpeCF" xlink:label="jpfr-t-cte_IncreaseDecreaseInProvisionForBonusesOpeCF" />
    <link:loc xlink:type="locator" xlink:href="http://info.edinet-fsa.go.jp/jp/fr/gaap/t/cte/2011-03-14/jpfr-t-cte-2011-03-14.xsd#jpfr-t-cte_LossGainOnSalesOfMembershipOpeCF" xlink:label="jpfr-t-cte_LossGainOnSalesOfMembershipOpeCF" />
    <link:loc xlink:type="locator" xlink:href="http://info.edinet-fsa.go.jp/jp/fr/gaap/t/cte/2011-03-14/jpfr-t-cte-2011-03-14.xsd#jpfr-t-cte_ProceedsFromWithdrawalOfTimeDepositsInvCF" xlink:label="jpfr-t-cte_ProceedsFromWithdrawalOfTimeDepositsInvCF" />
    <link:loc xlink:type="locator" xlink:href="http://info.edinet-fsa.go.jp/jp/fr/gaap/t/cte/2011-03-14/jpfr-t-cte-2011-03-14.xsd#jpfr-t-cte_NetCashProvidedByUsedInFinancingActivities" xlink:label="jpfr-t-cte_NetCashProvidedByUsedInFinancingActivities" />
    <link:loc xlink:type="locator" xlink:href="http://info.edinet-fsa.go.jp/jp/fr/gaap/t/cte/2011-03-14/jpfr-t-cte-2011-03-14.xsd#jpfr-t-cte_IncreaseDecreaseInProvisionForDirectorsBonusesOpeCF" xlink:label="jpfr-t-cte_IncreaseDecreaseInProvisionForDirectorsBonusesOpeCF" />
    <link:calculationArc xlink:type="arc" xlink:from="jpfr-t-cte_NetCashProvidedByUsedInInvestmentActivities" xlink:to="jpfr-t-cte_ProceedsFromSalesAndRedemptionOfInvestmentSecuritiesInvCF" xlink:arcrole="http://www.xbrl.org/2003/arcrole/summation-item" order="3.5" weight="1" />
    <link:calculationArc xlink:type="arc" xlink:from="jpfr-t-cte_SubtotalOpeCF" xlink:to="jpfr-asr-E01364-000_IncidentalOfAcquisitionOfTreasuryStockOpeCF" xlink:arcrole="http://www.xbrl.org/2003/arcrole/summation-item" order="9.5" weight="1" />
    <link:calculationArc xlink:type="arc" xlink:from="jpfr-t-cte_SubtotalOpeCF" xlink:to="jpfr-t-cte_IncreaseDecreaseInProvisionForRetirementBenefitsOpeCF" xlink:arcrole="http://www.xbrl.org/2003/arcrole/summation-item" order="5.96875" weight="1" />
    <link:calculationArc xlink:type="arc" xlink:from="jpfr-t-cte_SubtotalOpeCF" xlink:to="jpfr-t-cte_IncreaseDecreaseInAccruedConsumptionTaxesOpeCF" xlink:arcrole="http://www.xbrl.org/2003/arcrole/summation-item" order="14.75" weight="1" />
    <link:calculationArc xlink:type="arc" xlink:from="jpfr-t-cte_SubtotalOpeCF" xlink:to="jpfr-t-cns_IncreaseDecreaseInAdvancesReceivedOnUncompletedConstructionContractsOpeCFCNS" xlink:arcrole="http://www.xbrl.org/2003/arcrole/summation-item" order="14.5" weight="1" />
    <link:calculationArc xlink:type="arc" xlink:from="jpfr-t-cte_NetCashProvidedByUsedInInvestmentActivities" xlink:to="jpfr-t-cte_ProceedsFromSalesAndRedemptionOfSecuritiesInvCF" xlink:arcrole="http://www.xbrl.org/2003/arcrole/summation-item" order="11.5" weight="1" />
    <link:calculationArc xlink:type="arc" xlink:from="jpfr-t-cte_NetCashProvidedByUsedInInvestmentActivities" xlink:to="jpfr-t-cte_ProceedsFromSalesOfMembershipInvCF" xlink:arcrole="http://www.xbrl.org/2003/arcrole/summation-item" order="5.5" weight="1" />
    <link:calculationArc xlink:type="arc" xlink:from="jpfr-t-cte_NetCashProvidedByUsedInInvestmentActivities" xlink:to="jpfr-t-cte_PaymentsIntoTimeDepositsInvCF" xlink:arcrole="http://www.xbrl.org/2003/arcrole/summation-item" order="0.75" weight="1" />
    <link:calculationArc xlink:type="arc" xlink:from="jpfr-t-cte_SubtotalOpeCF" xlink:to="jpfr-asr-E01364-000_IncreaseDecreaseInProvisionForHeadquartersRelocationExpensesAllowanceOpeCF" xlink:arcrole="http://www.xbrl.org/2003/arcrole/summation-item" order="5.9375" weight="1" />
    <link:calculationArc xlink:type="arc" xlink:from="jpfr-t-cte_SubtotalOpeCF" xlink:to="jpfr-t-cte_LossGainOnValuationOfInvestmentSecuritiesOpeCF" xlink:arcrole="http://www.xbrl.org/2003/arcrole/summation-item" order="9.96875" weight="1" />
    <link:calculationArc xlink:type="arc" xlink:from="jpfr-t-cte_SubtotalOpeCF" xlink:to="jpfr-t-cte_LossGainOnSalesOfInvestmentSecuritiesOpeCF" xlink:arcrole="http://www.xbrl.org/2003/arcrole/summation-item" order="9.9375" weight="1" />
    <link:calculationArc xlink:type="arc" xlink:from="jpfr-t-cte_SubtotalOpeCF" xlink:to="jpfr-t-cte_IncreaseDecreaseInProvisionForBonusesOpeCF" xlink:arcrole="http://www.xbrl.org/2003/arcrole/summation-item" order="5.5" weight="1" />
    <link:calculationArc xlink:type="arc" xlink:from="jpfr-t-cte_SubtotalOpeCF" xlink:to="jpfr-t-cte_IncreaseDecreaseInProvisionForDirectorsRetirementBenefitsOpeCF" xlink:arcrole="http://www.xbrl.org/2003/arcrole/summation-item" order="5.984375" weight="1" />
    <link:calculationArc xlink:type="arc" xlink:from="jpfr-t-cte_SubtotalOpeCF" xlink:to="jpfr-t-cte_LossOnValuationOfMembershipOpeCF" xlink:arcrole="http://www.xbrl.org/2003/arcrole/summation-item" order="9.984375" weight="1" />
    <link:calculationArc xlink:type="arc" xlink:from="jpfr-t-cte_NetCashProvidedByUsedInFinancingActivities" xlink:to="jpfr-t-cte_PurchaseOfTreasuryStockOfSubsidiariesInConsolidationFinCF" xlink:arcrole="http://www.xbrl.org/2003/arcrole/summation-item" order="8.5" weight="1" />
    <link:calculationArc xlink:type="arc" xlink:from="jpfr-t-cte_SubtotalOpeCF" xlink:to="jpfr-t-cte_LossGainOnSalesOfNoncurrentAssetsOpeCF" xlink:arcrole="http://www.xbrl.org/2003/arcrole/summation-item" order="9.75" weight="1" />
    <link:calculationArc xlink:type="arc" xlink:from="jpfr-t-cte_NetCashProvidedByUsedInInvestmentActivities" xlink:to="jpfr-t-cte_ProceedsFromWithdrawalOfTimeDepositsInvCF" xlink:arcrole="http://www.xbrl.org/2003/arcrole/summation-item" order="0.5" weight="1" />
    <link:calculationArc xlink:type="arc" xlink:from="jpfr-t-cte_SubtotalOpeCF" xlink:to="jpfr-t-cte_IncreaseDecreaseInProvisionForDirectorsBonusesOpeCF" xlink:arcrole="http://www.xbrl.org/2003/arcrole/summation-item" order="5.75" weight="1" />
    <link:calculationArc xlink:type="arc" xlink:from="jpfr-t-cte_SubtotalOpeCF" xlink:to="jpfr-t-cte_LossGainOnSalesOfMembershipOpeCF" xlink:arcrole="http://www.xbrl.org/2003/arcrole/summation-item" order="9.9921875" weight="1" />
    <link:calculationArc xlink:type="arc" xlink:from="jpfr-t-cte_SubtotalOpeCF" xlink:to="jpfr-t-cte_LossOnRetirementOfNoncurrentAssetsOpeCF" xlink:arcrole="http://www.xbrl.org/2003/arcrole/summation-item" order="9.875" weight="1" />
    <link:calculationArc xlink:type="arc" xlink:from="jpfr-t-cte_SubtotalOpeCF" xlink:to="jpfr-t-cte_IncreaseDecreaseInProvisionForLossOnConstructionContractsOpeCF" xlink:arcrole="http://www.xbrl.org/2003/arcrole/summation-item" order="5.875" weight="1" />
  </link:calculationLink>
  <link:calculationLink xlink:type="extended" xlink:role="http://info.edinet-fsa.go.jp/jp/fr/gaap/role/ConsolidatedBalanceSheets">
    <link:loc xlink:type="locator" xlink:href="http://info.edinet-fsa.go.jp/jp/fr/gaap/t/cte/2011-03-14/jpfr-t-cte-2011-03-14.xsd#jpfr-t-cte_PropertyPlantAndEquipment" xlink:label="jpfr-t-cte_PropertyPlantAndEquipment" />
    <link:loc xlink:type="locator" xlink:href="http://info.edinet-fsa.go.jp/jp/fr/gaap/t/cte/2011-03-14/jpfr-t-cte-2011-03-14.xsd#jpfr-t-cte_LeaseholdRight" xlink:label="jpfr-t-cte_LeaseholdRight" />
    <link:loc xlink:type="locator" xlink:href="http://info.edinet-fsa.go.jp/jp/fr/gaap/t/cte/2011-03-14/jpfr-t-cte-2011-03-14.xsd#jpfr-t-cte_IntangibleAssets" xlink:label="jpfr-t-cte_IntangibleAssets" />
    <link:loc xlink:type="locator" xlink:href="http://info.edinet-fsa.go.jp/jp/fr/gaap/t/cte/2011-03-14/jpfr-t-cte-2011-03-14.xsd#jpfr-t-cte_CurrentLiabilities" xlink:label="jpfr-t-cte_CurrentLiabilities" />
    <link:loc xlink:type="locator" xlink:href="http://info.edinet-fsa.go.jp/jp/fr/gaap/t/cte/2011-03-14/jpfr-t-cte-2011-03-14.xsd#jpfr-t-cte_LongTermTimeDeposits" xlink:label="jpfr-t-cte_LongTermTimeDeposits" />
    <link:loc xlink:type="locator" xlink:href="http://info.edinet-fsa.go.jp/jp/fr/gaap/t/cte/2011-03-14/jpfr-t-cte-2011-03-14.xsd#jpfr-t-cte_ToolsFurnitureAndFixturesNet" xlink:label="jpfr-t-cte_ToolsFurnitureAndFixturesNet" />
    <link:loc xlink:type="locator" xlink:href="http://info.edinet-fsa.go.jp/jp/fr/gaap/t/cte/2011-03-14/jpfr-t-cte-2011-03-14.xsd#jpfr-t-cte_ProvisionCL" xlink:label="jpfr-t-cte_ProvisionCL" />
    <link:loc xlink:type="locator" xlink:href="http://info.edinet-fsa.go.jp/jp/fr/gaap/t/cte/2011-03-14/jpfr-t-cte-2011-03-14.xsd#jpfr-t-cte_ProvisionForRetirementBenefits" xlink:label="jpfr-t-cte_ProvisionForRetirementBenefits" />
    <link:loc xlink:type="locator" xlink:href="jpfr-asr-E01364-000-2011-03-31-01-2011-06-29.xsd#jpfr-asr-E01364-000_AllowanceForLossesDamages" xlink:label="jpfr-asr-E01364-000_AllowanceForLossesDamages" />
    <link:loc xlink:type="locator" xlink:href="http://info.edinet-fsa.go.jp/jp/fr/gaap/t/cte/2011-03-14/jpfr-t-cte-2011-03-14.xsd#jpfr-t-cte_ProvisionForDirectorsBonuses" xlink:label="jpfr-t-cte_ProvisionForDirectorsBonuses" />
    <link:loc xlink:type="locator" xlink:href="http://info.edinet-fsa.go.jp/jp/fr/gaap/t/cte/2011-03-14/jpfr-t-cte-2011-03-14.xsd#jpfr-t-cte_LeaseAssetsNetPPE" xlink:label="jpfr-t-cte_LeaseAssetsNetPPE" />
    <link:loc xlink:type="locator" xlink:href="http://info.edinet-fsa.go.jp/jp/fr/gaap/t/cte/2011-03-14/jpfr-t-cte-2011-03-14.xsd#jpfr-t-cte_ProvisionForBonuses" xlink:label="jpfr-t-cte_ProvisionForBonuses" />
    <link:loc xlink:type="locator" xlink:href="http://info.edinet-fsa.go.jp/jp/fr/gaap/t/cte/2011-03-14/jpfr-t-cte-2011-03-14.xsd#jpfr-t-cte_ProvisionForDirectorsRetirementBenefits" xlink:label="jpfr-t-cte_ProvisionForDirectorsRetirementBenefits" />
    <link:loc xlink:type="locator" xlink:href="http://info.edinet-fsa.go.jp/jp/fr/gaap/t/cte/2011-03-14/jpfr-t-cte-2011-03-14.xsd#jpfr-t-cte_ToolsFurnitureAndFixtures" xlink:label="jpfr-t-cte_ToolsFurnitureAndFixtures" />
    <link:loc xlink:type="locator" xlink:href="http://info.edinet-fsa.go.jp/jp/fr/gaap/t/cte/2011-03-14/jpfr-t-cte-2011-03-14.xsd#jpfr-t-cte_AccumulatedDepreciationAndImpairmentLossToolsFurnitureAndFixtures" xlink:label="jpfr-t-cte_AccumulatedDepreciationAndImpairmentLossToolsFurnitureAndFixtures" />
    <link:loc xlink:type="locator" xlink:href="http://info.edinet-fsa.go.jp/jp/fr/gaap/t/cte/2011-03-14/jpfr-t-cte-2011-03-14.xsd#jpfr-t-cte_ProvisionForEnvironmentalMeasuresNCL" xlink:label="jpfr-t-cte_ProvisionForEnvironmentalMeasuresNCL" />
    <link:loc xlink:type="locator" xlink:href="http://info.edinet-fsa.go.jp/jp/fr/gaap/t/cte/2011-03-14/jpfr-t-cte-2011-03-14.xsd#jpfr-t-cte_RealEstateForRentNet" xlink:label="jpfr-t-cte_RealEstateForRentNet" />
    <link:loc xlink:type="locator" xlink:href="http://info.edinet-fsa.go.jp/jp/fr/gaap/t/cte/2011-03-14/jpfr-t-cte-2011-03-14.xsd#jpfr-t-cte_ProvisionForLossOnConstructionContracts" xlink:label="jpfr-t-cte_ProvisionForLossOnConstructionContracts" />
    <link:loc xlink:type="locator" xlink:href="http://info.edinet-fsa.go.jp/jp/fr/gaap/t/cte/2011-03-14/jpfr-t-cte-2011-03-14.xsd#jpfr-t-cte_ProvisionNCL" xlink:label="jpfr-t-cte_ProvisionNCL" />
    <link:loc xlink:type="locator" xlink:href="http://info.edinet-fsa.go.jp/jp/fr/gaap/t/cte/2011-03-14/jpfr-t-cte-2011-03-14.xsd#jpfr-t-cte_Software" xlink:label="jpfr-t-cte_Software" />
    <link:loc xlink:type="locator" xlink:href="http://info.edinet-fsa.go.jp/jp/fr/gaap/t/cte/2011-03-14/jpfr-t-cte-2011-03-14.xsd#jpfr-t-cte_AccumulatedDepreciationLeaseAssetsPPE" xlink:label="jpfr-t-cte_AccumulatedDepreciationLeaseAssetsPPE" />
    <link:loc xlink:type="locator" xlink:href="http://info.edinet-fsa.go.jp/jp/fr/gaap/t/cte/2011-03-14/jpfr-t-cte-2011-03-14.xsd#jpfr-t-cte_AccruedExpenses" xlink:label="jpfr-t-cte_AccruedExpenses" />
    <link:loc xlink:type="locator" xlink:href="http://info.edinet-fsa.go.jp/jp/fr/gaap/t/cte/2011-03-14/jpfr-t-cte-2011-03-14.xsd#jpfr-t-cte_AccumulatedDepreciationRealEstateForRent" xlink:label="jpfr-t-cte_AccumulatedDepreciationRealEstateForRent" />
    <link:loc xlink:type="locator" xlink:href="http://info.edinet-fsa.go.jp/jp/fr/gaap/t/cte/2011-03-14/jpfr-t-cte-2011-03-14.xsd#jpfr-t-cte_ProvisionForWarrantiesForCompletedConstruction" xlink:label="jpfr-t-cte_ProvisionForWarrantiesForCompletedConstruction" />
    <link:loc xlink:type="locator" xlink:href="jpfr-asr-E01364-000-2011-03-31-01-2011-06-29.xsd#jpfr-asr-E01364-000_HeadquartersRelocationExpensesAllowance" xlink:label="jpfr-asr-E01364-000_HeadquartersRelocationExpensesAllowance" />
    <link:loc xlink:type="locator" xlink:href="http://info.edinet-fsa.go.jp/jp/fr/gaap/t/cte/2011-03-14/jpfr-t-cte-2011-03-14.xsd#jpfr-t-cte_RealEstateForRent" xlink:label="jpfr-t-cte_RealEstateForRent" />
    <link:loc xlink:type="locator" xlink:href="http://info.edinet-fsa.go.jp/jp/fr/gaap/t/cte/2011-03-14/jpfr-t-cte-2011-03-14.xsd#jpfr-t-cte_NoncurrentLiabilities" xlink:label="jpfr-t-cte_NoncurrentLiabilities" />
    <link:loc xlink:type="locator" xlink:href="http://info.edinet-fsa.go.jp/jp/fr/gaap/t/cte/2011-03-14/jpfr-t-cte-2011-03-14.xsd#jpfr-t-cte_InvestmentsAndOtherAssets" xlink:label="jpfr-t-cte_InvestmentsAndOtherAssets" />
    <link:calculationArc xlink:type="arc" xlink:from="jpfr-t-cte_LeaseAssetsNetPPE" xlink:to="jpfr-t-cte_AccumulatedDepreciationLeaseAssetsPPE" xlink:arcrole="http://www.xbrl.org/2003/arcrole/summation-item" order="4.5" weight="1" />
    <link:calculationArc xlink:type="arc" xlink:from="jpfr-t-cte_InvestmentsAndOtherAssets" xlink:to="jpfr-t-cte_LongTermTimeDeposits" xlink:arcrole="http://www.xbrl.org/2003/arcrole/summation-item" order="3" weight="1" />
    <link:calculationArc xlink:type="arc" xlink:from="jpfr-t-cte_CurrentLiabilities" xlink:to="jpfr-t-cte_ProvisionForWarrantiesForCompletedConstruction" xlink:arcrole="http://www.xbrl.org/2003/arcrole/summation-item" order="6.75" weight="1" />
    <link:calculationArc xlink:type="arc" xlink:from="jpfr-t-cte_CurrentLiabilities" xlink:to="jpfr-asr-E01364-000_HeadquartersRelocationExpensesAllowance" xlink:arcrole="http://www.xbrl.org/2003/arcrole/summation-item" order="6.96875" weight="1" />
    <link:calculationArc xlink:type="arc" xlink:from="jpfr-t-cte_CurrentLiabilities" xlink:to="jpfr-asr-E01364-000_AllowanceForLossesDamages" xlink:arcrole="http://www.xbrl.org/2003/arcrole/summation-item" order="6.9375" weight="1" />
    <link:calculationArc xlink:type="arc" xlink:from="jpfr-t-cte_ProvisionNCL" xlink:to="jpfr-t-cte_ProvisionForRetirementBenefits" xlink:arcrole="http://www.xbrl.org/2003/arcrole/summation-item" use="prohibited" priority="1" order="1" weight="1" />
    <link:calculationArc xlink:type="arc" xlink:from="jpfr-t-cte_PropertyPlantAndEquipment" xlink:to="jpfr-t-cte_RealEstateForRentNet" xlink:arcrole="http://www.xbrl.org/2003/arcrole/summation-item" order="1.5" weight="1" />
    <link:calculationArc xlink:type="arc" xlink:from="jpfr-t-cte_ToolsFurnitureAndFixturesNet" xlink:to="jpfr-t-cte_AccumulatedDepreciationAndImpairmentLossToolsFurnitureAndFixtures" xlink:arcrole="http://www.xbrl.org/2003/arcrole/summation-item" order="2" weight="1" />
    <link:calculationArc xlink:type="arc" xlink:from="jpfr-t-cte_CurrentLiabilities" xlink:to="jpfr-t-cte_ProvisionForDirectorsBonuses" xlink:arcrole="http://www.xbrl.org/2003/arcrole/summation-item" order="6.5" weight="1" />
    <link:calculationArc xlink:type="arc" xlink:from="jpfr-t-cte_NoncurrentLiabilities" xlink:to="jpfr-t-cte_ProvisionForRetirementBenefits" xlink:arcrole="http://www.xbrl.org/2003/arcrole/summation-item" order="4.875" weight="1" />
    <link:calculationArc xlink:type="arc" xlink:from="jpfr-t-cte_PropertyPlantAndEquipment" xlink:to="jpfr-t-cte_ToolsFurnitureAndFixturesNet" xlink:arcrole="http://www.xbrl.org/2003/arcrole/summation-item" order="1" weight="1" />
    <link:calculationArc xlink:type="arc" xlink:from="jpfr-t-cte_NoncurrentLiabilities" xlink:to="jpfr-t-cte_ProvisionForEnvironmentalMeasuresNCL" xlink:arcrole="http://www.xbrl.org/2003/arcrole/summation-item" order="4.75" weight="1" />
    <link:calculationArc xlink:type="arc" xlink:from="jpfr-t-cte_IntangibleAssets" xlink:to="jpfr-t-cte_LeaseholdRight" xlink:arcrole="http://www.xbrl.org/2003/arcrole/summation-item" order="0.5" weight="1" />
    <link:calculationArc xlink:type="arc" xlink:from="jpfr-t-cte_ToolsFurnitureAndFixturesNet" xlink:to="jpfr-t-cte_ToolsFurnitureAndFixtures" xlink:arcrole="http://www.xbrl.org/2003/arcrole/summation-item" order="1" weight="1" />
    <link:calculationArc xlink:type="arc" xlink:from="jpfr-t-cte_CurrentLiabilities" xlink:to="jpfr-t-cte_ProvisionForLossOnConstructionContracts" xlink:arcrole="http://www.xbrl.org/2003/arcrole/summation-item" order="6.875" weight="1" />
    <link:calculationArc xlink:type="arc" xlink:from="jpfr-t-cte_RealEstateForRentNet" xlink:to="jpfr-t-cte_RealEstateForRent" xlink:arcrole="http://www.xbrl.org/2003/arcrole/summation-item" order="1" weight="1" />
    <link:calculationArc xlink:type="arc" xlink:from="jpfr-t-cte_RealEstateForRentNet" xlink:to="jpfr-t-cte_AccumulatedDepreciationRealEstateForRent" xlink:arcrole="http://www.xbrl.org/2003/arcrole/summation-item" order="2" weight="1" />
    <link:calculationArc xlink:type="arc" xlink:from="jpfr-t-cte_IntangibleAssets" xlink:to="jpfr-t-cte_Software" xlink:arcrole="http://www.xbrl.org/2003/arcrole/summation-item" order="0.75" weight="1" />
    <link:calculationArc xlink:type="arc" xlink:from="jpfr-t-cte_CurrentLiabilities" xlink:to="jpfr-t-cte_ProvisionForBonuses" xlink:arcrole="http://www.xbrl.org/2003/arcrole/summation-item" order="6.984375" weight="1" />
    <link:calculationArc xlink:type="arc" xlink:from="jpfr-t-cte_NoncurrentLiabilities" xlink:to="jpfr-t-cte_ProvisionForDirectorsRetirementBenefits" xlink:arcrole="http://www.xbrl.org/2003/arcrole/summation-item" order="4.5" weight="1" />
    <link:calculationArc xlink:type="arc" xlink:from="jpfr-t-cte_CurrentLiabilities" xlink:to="jpfr-t-cte_AccruedExpenses" xlink:arcrole="http://www.xbrl.org/2003/arcrole/summation-item" order="3.5" weight="1" />
    <link:calculationArc xlink:type="arc" xlink:from="jpfr-t-cte_ProvisionCL" xlink:to="jpfr-t-cte_ProvisionForBonuses" xlink:arcrole="http://www.xbrl.org/2003/arcrole/summation-item" use="prohibited" priority="1" order="1" weight="1" />
  </link:calculationLink>
  <link:calculationLink xlink:type="extended" xlink:role="http://info.edinet-fsa.go.jp/jp/fr/gaap/role/ConsolidatedStatementsOfComprehensiveIncome">
    <link:loc xlink:type="locator" xlink:href="http://info.edinet-fsa.go.jp/jp/fr/gaap/t/cte/2011-03-14/jpfr-t-cte-2011-03-14.xsd#jpfr-t-cte_DeferredGainsOrLossesOnHedgesNetOfTaxOCI" xlink:label="jpfr-t-cte_DeferredGainsOrLossesOnHedgesNetOfTaxOCI" />
    <link:loc xlink:type="locator" xlink:href="http://info.edinet-fsa.go.jp/jp/fr/gaap/t/cte/2011-03-14/jpfr-t-cte-2011-03-14.xsd#jpfr-t-cte_OtherComprehensiveIncome" xlink:label="jpfr-t-cte_OtherComprehensiveIncome" />
    <link:loc xlink:type="locator" xlink:href="http://info.edinet-fsa.go.jp/jp/fr/gaap/t/cte/2011-03-14/jpfr-t-cte-2011-03-14.xsd#jpfr-t-cte_ForeignCurrencyTranslationAdjustmentNetOfTaxOCI" xlink:label="jpfr-t-cte_ForeignCurrencyTranslationAdjustmentNetOfTaxOCI" />
    <link:calculationArc xlink:type="arc" xlink:from="jpfr-t-cte_OtherComprehensiveIncome" xlink:to="jpfr-t-cte_DeferredGainsOrLossesOnHedgesNetOfTaxOCI" xlink:arcrole="http://www.xbrl.org/2003/arcrole/summation-item" use="prohibited" priority="1" order="2" weight="1" />
    <link:calculationArc xlink:type="arc" xlink:from="jpfr-t-cte_OtherComprehensiveIncome" xlink:to="jpfr-t-cte_ForeignCurrencyTranslationAdjustmentNetOfTaxOCI" xlink:arcrole="http://www.xbrl.org/2003/arcrole/summation-item" use="prohibited" priority="1" order="3" weight="1" />
  </link:calculationLink>
  <link:calculationLink xlink:type="extended" xlink:role="http://info.edinet-fsa.go.jp/jp/fr/gaap/role/ConsolidatedStatementsOfIncome">
    <link:loc xlink:type="locator" xlink:href="http://info.edinet-fsa.go.jp/jp/fr/gaap/t/cte/2011-03-14/jpfr-t-cte-2011-03-14.xsd#jpfr-t-cte_NetIncome" xlink:label="jpfr-t-cte_NetIncome" />
    <link:loc xlink:type="locator" xlink:href="http://info.edinet-fsa.go.jp/jp/fr/gaap/t/cte/2011-03-14/jpfr-t-cte-2011-03-14.xsd#jpfr-t-cte_IncomeBeforeMinorityInterests" xlink:label="jpfr-t-cte_IncomeBeforeMinorityInterests" />
    <link:calculationArc xlink:type="arc" xlink:from="jpfr-t-cte_NetIncome" xlink:to="jpfr-t-cte_IncomeBeforeMinorityInterests" xlink:arcrole="http://www.xbrl.org/2003/arcrole/summation-item" use="prohibited" priority="1" order="1" weight="1" />
  </link:calculationLink>
  <link:calculationLink xlink:type="extended" xlink:role="http://info.edinet-fsa.go.jp/jp/fr/gaap/role/ConsolidatedStatementsOfIncome">
    <link:loc xlink:type="locator" xlink:href="http://info.edinet-fsa.go.jp/jp/fr/gaap/t/cte/2011-03-14/jpfr-t-cte-2011-03-14.xsd#jpfr-t-cte_NetIncome" xlink:label="jpfr-t-cte_NetIncome" />
    <link:loc xlink:type="locator" xlink:href="http://info.edinet-fsa.go.jp/jp/fr/gaap/t/cte/2011-03-14/jpfr-t-cte-2011-03-14.xsd#jpfr-t-cte_IncomeBeforeIncomeTaxes" xlink:label="jpfr-t-cte_IncomeBeforeIncomeTaxes" />
    <link:loc xlink:type="locator" xlink:href="http://info.edinet-fsa.go.jp/jp/fr/gaap/t/cte/2011-03-14/jpfr-t-cte-2011-03-14.xsd#jpfr-t-cte_IncomeBeforeMinorityInterests" xlink:label="jpfr-t-cte_IncomeBeforeMinorityInterests" />
    <link:calculationArc xlink:type="arc" xlink:from="jpfr-t-cte_IncomeBeforeMinorityInterests" xlink:to="jpfr-t-cte_IncomeBeforeIncomeTaxes" xlink:arcrole="http://www.xbrl.org/2003/arcrole/summation-item" use="prohibited" priority="1" order="1" weight="1" />
    <link:calculationArc xlink:type="arc" xlink:from="jpfr-t-cte_NetIncome" xlink:to="jpfr-t-cte_IncomeBeforeMinorityInterests" xlink:arcrole="http://www.xbrl.org/2003/arcrole/summation-item" order="3" weight="1" />
  </link:calculationLink>
  <link:calculationLink xlink:type="extended" xlink:role="http://info.edinet-fsa.go.jp/jp/fr/gaap/role/ConsolidatedStatementsOfIncome">
    <link:loc xlink:type="locator" xlink:href="http://info.edinet-fsa.go.jp/jp/fr/gaap/t/cte/2011-03-14/jpfr-t-cte-2011-03-14.xsd#jpfr-t-cte_OrdinaryIncome" xlink:label="jpfr-t-cte_OrdinaryIncome" />
    <link:loc xlink:type="locator" xlink:href="http://info.edinet-fsa.go.jp/jp/fr/gaap/t/cte/2011-03-14/jpfr-t-cte-2011-03-14.xsd#jpfr-t-cte_IncomeBeforeIncomeTaxes" xlink:label="jpfr-t-cte_IncomeBeforeIncomeTaxes" />
    <link:loc xlink:type="locator" xlink:href="http://info.edinet-fsa.go.jp/jp/fr/gaap/t/cte/2011-03-14/jpfr-t-cte-2011-03-14.xsd#jpfr-t-cte_IncomeBeforeMinorityInterests" xlink:label="jpfr-t-cte_IncomeBeforeMinorityInterests" />
    <link:calculationArc xlink:type="arc" xlink:from="jpfr-t-cte_IncomeBeforeIncomeTaxes" xlink:to="jpfr-t-cte_OrdinaryIncome" xlink:arcrole="http://www.xbrl.org/2003/arcrole/summation-item" use="prohibited" priority="1" order="1" weight="1" />
    <link:calculationArc xlink:type="arc" xlink:from="jpfr-t-cte_IncomeBeforeMinorityInterests" xlink:to="jpfr-t-cte_IncomeBeforeIncomeTaxes" xlink:arcrole="http://www.xbrl.org/2003/arcrole/summation-item" order="3" weight="1" />
  </link:calculationLink>
  <link:calculationLink xlink:type="extended" xlink:role="http://info.edinet-fsa.go.jp/jp/fr/gaap/role/ConsolidatedStatementsOfIncome">
    <link:loc xlink:type="locator" xlink:href="http://info.edinet-fsa.go.jp/jp/fr/gaap/t/cte/2011-03-14/jpfr-t-cte-2011-03-14.xsd#jpfr-t-cte_OperatingIncome" xlink:label="jpfr-t-cte_OperatingIncome" />
    <link:loc xlink:type="locator" xlink:href="http://info.edinet-fsa.go.jp/jp/fr/gaap/t/cte/2011-03-14/jpfr-t-cte-2011-03-14.xsd#jpfr-t-cte_OrdinaryIncome" xlink:label="jpfr-t-cte_OrdinaryIncome" />
    <link:loc xlink:type="locator" xlink:href="http://info.edinet-fsa.go.jp/jp/fr/gaap/t/cte/2011-03-14/jpfr-t-cte-2011-03-14.xsd#jpfr-t-cte_IncomeBeforeIncomeTaxes" xlink:label="jpfr-t-cte_IncomeBeforeIncomeTaxes" />
    <link:calculationArc xlink:type="arc" xlink:from="jpfr-t-cte_IncomeBeforeIncomeTaxes" xlink:to="jpfr-t-cte_OrdinaryIncome" xlink:arcrole="http://www.xbrl.org/2003/arcrole/summation-item" order="4" weight="1" />
    <link:calculationArc xlink:type="arc" xlink:from="jpfr-t-cte_OrdinaryIncome" xlink:to="jpfr-t-cte_OperatingIncome" xlink:arcrole="http://www.xbrl.org/2003/arcrole/summation-item" use="prohibited" priority="1" order="1" weight="1" />
  </link:calculationLink>
  <link:calculationLink xlink:type="extended" xlink:role="http://info.edinet-fsa.go.jp/jp/fr/gaap/role/ConsolidatedStatementsOfIncome">
    <link:loc xlink:type="locator" xlink:href="http://info.edinet-fsa.go.jp/jp/fr/gaap/t/cte/2011-03-14/jpfr-t-cte-2011-03-14.xsd#jpfr-t-cte_ForeignExchangeLossesNOE" xlink:label="jpfr-t-cte_ForeignExchangeLossesNOE" />
    <link:loc xlink:type="locator" xlink:href="jpfr-asr-E01364-000-2011-03-31-01-2011-06-29.xsd#jpfr-asr-E01364-000_HeadquartersRelocationExpensesAllowanceProvisionEL" xlink:label="jpfr-asr-E01364-000_HeadquartersRelocationExpensesAllowanceProvisionEL" />
    <link:loc xlink:type="locator" xlink:href="http://info.edinet-fsa.go.jp/jp/fr/gaap/t/cte/2011-03-14/jpfr-t-cte-2011-03-14.xsd#jpfr-t-cte_OtherEL" xlink:label="jpfr-t-cte_OtherEL" />
    <link:loc xlink:type="locator" xlink:href="http://info.edinet-fsa.go.jp/jp/fr/gaap/t/cns/2011-03-14/jpfr-t-cns-2011-03-14.xsd#jpfr-t-cns_NetSalesOfCompletedConstructionContractsCNS" xlink:label="jpfr-t-cns_NetSalesOfCompletedConstructionContractsCNS" />
    <link:loc xlink:type="locator" xlink:href="http://info.edinet-fsa.go.jp/jp/fr/gaap/t/cte/2011-03-14/jpfr-t-cte-2011-03-14.xsd#jpfr-t-cte_LossOnValuationOfInvestmentSecuritiesNOE" xlink:label="jpfr-t-cte_LossOnValuationOfInvestmentSecuritiesNOE" />
    <link:loc xlink:type="locator" xlink:href="http://info.edinet-fsa.go.jp/jp/fr/gaap/t/cte/2011-03-14/jpfr-t-cte-2011-03-14.xsd#jpfr-t-cte_RentExpensesNOE" xlink:label="jpfr-t-cte_RentExpensesNOE" />
    <link:loc xlink:type="locator" xlink:href="http://info.edinet-fsa.go.jp/jp/fr/gaap/t/cte/2011-03-14/jpfr-t-cte-2011-03-14.xsd#jpfr-t-cte_LossOnAbolishmentOfRetirementBenefitPlanEL" xlink:label="jpfr-t-cte_LossOnAbolishmentOfRetirementBenefitPlanEL" />
    <link:loc xlink:type="locator" xlink:href="http://info.edinet-fsa.go.jp/jp/fr/gaap/t/cte/2011-03-14/jpfr-t-cte-2011-03-14.xsd#jpfr-t-cte_NonOperatingExpenses" xlink:label="jpfr-t-cte_NonOperatingExpenses" />
    <link:loc xlink:type="locator" xlink:href="jpfr-asr-E01364-000-2011-03-31-01-2011-06-29.xsd#jpfr-asr-E01364-000_GainOnValuationOfInvestmentSecuritiesNOI" xlink:label="jpfr-asr-E01364-000_GainOnValuationOfInvestmentSecuritiesNOI" />
    <link:loc xlink:type="locator" xlink:href="http://info.edinet-fsa.go.jp/jp/fr/gaap/t/cte/2011-03-14/jpfr-t-cte-2011-03-14.xsd#jpfr-t-cte_MiscellaneousIncomeNOI" xlink:label="jpfr-t-cte_MiscellaneousIncomeNOI" />
    <link:loc xlink:type="locator" xlink:href="http://info.edinet-fsa.go.jp/jp/fr/gaap/t/cte/2011-03-14/jpfr-t-cte-2011-03-14.xsd#jpfr-t-cte_LossOnValuationOfInvestmentSecuritiesEL" xlink:label="jpfr-t-cte_LossOnValuationOfInvestmentSecuritiesEL" />
    <link:loc xlink:type="locator" xlink:href="http://info.edinet-fsa.go.jp/jp/fr/gaap/t/cte/2011-03-14/jpfr-t-cte-2011-03-14.xsd#jpfr-t-cte_LossOnRetirementOfNoncurrentAssetsEL" xlink:label="jpfr-t-cte_LossOnRetirementOfNoncurrentAssetsEL" />
    <link:loc xlink:type="locator" xlink:href="http://info.edinet-fsa.go.jp/jp/fr/gaap/t/cte/2011-03-14/jpfr-t-cte-2011-03-14.xsd#jpfr-t-cte_OrdinaryIncome" xlink:label="jpfr-t-cte_OrdinaryIncome" />
    <link:loc xlink:type="locator" xlink:href="jpfr-asr-E01364-000-2011-03-31-01-2011-06-29.xsd#jpfr-asr-E01364-000_RentIncomeNOI" xlink:label="jpfr-asr-E01364-000_RentIncomeNOI" />
    <link:loc xlink:type="locator" xlink:href="http://info.edinet-fsa.go.jp/jp/fr/gaap/t/cte/2011-03-14/jpfr-t-cte-2011-03-14.xsd#jpfr-t-cte_OperatingIncome" xlink:label="jpfr-t-cte_OperatingIncome" />
    <link:loc xlink:type="locator" xlink:href="http://info.edinet-fsa.go.jp/jp/fr/gaap/t/cte/2011-03-14/jpfr-t-cte-2011-03-14.xsd#jpfr-t-cte_GainOnSalesOfMembershipsEI" xlink:label="jpfr-t-cte_GainOnSalesOfMembershipsEI" />
    <link:loc xlink:type="locator" xlink:href="jpfr-asr-E01364-000-2011-03-31-01-2011-06-29.xsd#jpfr-asr-E01364-000_IncidentalOfAcquisitionOfTreasuryStockNOE" xlink:label="jpfr-asr-E01364-000_IncidentalOfAcquisitionOfTreasuryStockNOE" />
    <link:loc xlink:type="locator" xlink:href="http://info.edinet-fsa.go.jp/jp/fr/gaap/t/cte/2011-03-14/jpfr-t-cte-2011-03-14.xsd#jpfr-t-cte_LossOnValuationOfMembershipEL" xlink:label="jpfr-t-cte_LossOnValuationOfMembershipEL" />
    <link:loc xlink:type="locator" xlink:href="http://info.edinet-fsa.go.jp/jp/fr/gaap/t/cte/2011-03-14/jpfr-t-cte-2011-03-14.xsd#jpfr-t-cte_ExtraordinaryLoss" xlink:label="jpfr-t-cte_ExtraordinaryLoss" />
    <link:loc xlink:type="locator" xlink:href="http://info.edinet-fsa.go.jp/jp/fr/gaap/t/cte/2011-03-14/jpfr-t-cte-2011-03-14.xsd#jpfr-t-cte_OtherEI" xlink:label="jpfr-t-cte_OtherEI" />
    <link:loc xlink:type="locator" xlink:href="http://info.edinet-fsa.go.jp/jp/fr/gaap/t/cns/2011-03-14/jpfr-t-cns-2011-03-14.xsd#jpfr-t-cns_CostOfSalesOfCompletedConstructionContractsCNS" xlink:label="jpfr-t-cns_CostOfSalesOfCompletedConstructionContractsCNS" />
    <link:loc xlink:type="locator" xlink:href="http://info.edinet-fsa.go.jp/jp/fr/gaap/t/cte/2011-03-14/jpfr-t-cte-2011-03-14.xsd#jpfr-t-cte_NonOperatingIncome" xlink:label="jpfr-t-cte_NonOperatingIncome" />
    <link:loc xlink:type="locator" xlink:href="http://info.edinet-fsa.go.jp/jp/fr/gaap/t/cte/2011-03-14/jpfr-t-cte-2011-03-14.xsd#jpfr-t-cte_MiscellaneousExpensesNOE" xlink:label="jpfr-t-cte_MiscellaneousExpensesNOE" />
    <link:loc xlink:type="locator" xlink:href="http://info.edinet-fsa.go.jp/jp/fr/gaap/t/cns/2011-03-14/jpfr-t-cns-2011-03-14.xsd#jpfr-t-cns_GrossProfitOnCompletedConstructionContractsCNS" xlink:label="jpfr-t-cns_GrossProfitOnCompletedConstructionContractsCNS" />
    <link:loc xlink:type="locator" xlink:href="http://info.edinet-fsa.go.jp/jp/fr/gaap/t/cte/2011-03-14/jpfr-t-cte-2011-03-14.xsd#jpfr-t-cte_GainOnSalesOfInvestmentSecuritiesEI" xlink:label="jpfr-t-cte_GainOnSalesOfInvestmentSecuritiesEI" />
    <link:loc xlink:type="locator" xlink:href="http://info.edinet-fsa.go.jp/jp/fr/gaap/t/cte/2011-03-14/jpfr-t-cte-2011-03-14.xsd#jpfr-t-cte_ExtraordinaryIncome" xlink:label="jpfr-t-cte_ExtraordinaryIncome" />
    <link:calculationArc xlink:type="arc" xlink:from="jpfr-t-cte_ExtraordinaryLoss" xlink:to="jpfr-t-cte_OtherEL" xlink:arcrole="http://www.xbrl.org/2003/arcrole/summation-item" order="3.96875" weight="1" />
    <link:calculationArc xlink:type="arc" xlink:from="jpfr-t-cns_GrossProfitOnCompletedConstructionContractsCNS" xlink:to="jpfr-t-cns_CostOfSalesOfCompletedConstructionContractsCNS" xlink:arcrole="http://www.xbrl.org/2003/arcrole/summation-item" order="2" weight="-1" />
    <link:calculationArc xlink:type="arc" xlink:from="jpfr-t-cns_GrossProfitOnCompletedConstructionContractsCNS" xlink:to="jpfr-t-cns_NetSalesOfCompletedConstructionContractsCNS" xlink:arcrole="http://www.xbrl.org/2003/arcrole/summation-item" order="1" weight="1" />
    <link:calculationArc xlink:type="arc" xlink:from="jpfr-t-cte_ExtraordinaryIncome" xlink:to="jpfr-t-cte_GainOnSalesOfMembershipsEI" xlink:arcrole="http://www.xbrl.org/2003/arcrole/summation-item" order="4" weight="1" />
    <link:calculationArc xlink:type="arc" xlink:from="jpfr-t-cte_NonOperatingIncome" xlink:to="jpfr-asr-E01364-000_GainOnValuationOfInvestmentSecuritiesNOI" xlink:arcrole="http://www.xbrl.org/2003/arcrole/summation-item" order="2.5" weight="1" />
    <link:calculationArc xlink:type="arc" xlink:from="jpfr-t-cte_NonOperatingIncome" xlink:to="jpfr-asr-E01364-000_RentIncomeNOI" xlink:arcrole="http://www.xbrl.org/2003/arcrole/summation-item" order="6" weight="1" />
    <link:calculationArc xlink:type="arc" xlink:from="jpfr-t-cte_NonOperatingExpenses" xlink:to="jpfr-t-cte_ForeignExchangeLossesNOE" xlink:arcrole="http://www.xbrl.org/2003/arcrole/summation-item" order="0.5" weight="1" />
    <link:calculationArc xlink:type="arc" xlink:from="jpfr-t-cte_ExtraordinaryLoss" xlink:to="jpfr-t-cte_LossOnValuationOfInvestmentSecuritiesEL" xlink:arcrole="http://www.xbrl.org/2003/arcrole/summation-item" order="3.5" weight="1" />
    <link:calculationArc xlink:type="arc" xlink:from="jpfr-t-cte_OrdinaryIncome" xlink:to="jpfr-t-cte_OperatingIncome" xlink:arcrole="http://www.xbrl.org/2003/arcrole/summation-item" order="4" weight="1" />
    <link:calculationArc xlink:type="arc" xlink:from="jpfr-t-cte_ExtraordinaryLoss" xlink:to="jpfr-t-cte_LossOnRetirementOfNoncurrentAssetsEL" xlink:arcrole="http://www.xbrl.org/2003/arcrole/summation-item" order="2.5" weight="1" />
    <link:calculationArc xlink:type="arc" xlink:from="jpfr-t-cte_OperatingIncome" xlink:to="jpfr-t-cns_GrossProfitOnCompletedConstructionContractsCNS" xlink:arcrole="http://www.xbrl.org/2003/arcrole/summation-item" order="0.5" weight="1" />
    <link:calculationArc xlink:type="arc" xlink:from="jpfr-t-cte_NonOperatingExpenses" xlink:to="jpfr-t-cte_RentExpensesNOE" xlink:arcrole="http://www.xbrl.org/2003/arcrole/summation-item" order="0.9375" weight="1" />
    <link:calculationArc xlink:type="arc" xlink:from="jpfr-t-cte_NonOperatingExpenses" xlink:to="jpfr-t-cte_MiscellaneousExpensesNOE" xlink:arcrole="http://www.xbrl.org/2003/arcrole/summation-item" order="0.96875" weight="1" />
    <link:calculationArc xlink:type="arc" xlink:from="jpfr-t-cte_NonOperatingExpenses" xlink:to="jpfr-asr-E01364-000_IncidentalOfAcquisitionOfTreasuryStockNOE" xlink:arcrole="http://www.xbrl.org/2003/arcrole/summation-item" order="0.875" weight="1" />
    <link:calculationArc xlink:type="arc" xlink:from="jpfr-t-cte_ExtraordinaryLoss" xlink:to="jpfr-t-cte_LossOnAbolishmentOfRetirementBenefitPlanEL" xlink:arcrole="http://www.xbrl.org/2003/arcrole/summation-item" order="3.9375" weight="1" />
    <link:calculationArc xlink:type="arc" xlink:from="jpfr-t-cte_NonOperatingExpenses" xlink:to="jpfr-t-cte_LossOnValuationOfInvestmentSecuritiesNOE" xlink:arcrole="http://www.xbrl.org/2003/arcrole/summation-item" order="0.75" weight="1" />
    <link:calculationArc xlink:type="arc" xlink:from="jpfr-t-cte_ExtraordinaryLoss" xlink:to="jpfr-t-cte_LossOnValuationOfMembershipEL" xlink:arcrole="http://www.xbrl.org/2003/arcrole/summation-item" order="3.75" weight="1" />
    <link:calculationArc xlink:type="arc" xlink:from="jpfr-t-cte_ExtraordinaryIncome" xlink:to="jpfr-t-cte_GainOnSalesOfInvestmentSecuritiesEI" xlink:arcrole="http://www.xbrl.org/2003/arcrole/summation-item" order="3" weight="1" />
    <link:calculationArc xlink:type="arc" xlink:from="jpfr-t-cte_NonOperatingIncome" xlink:to="jpfr-t-cte_MiscellaneousIncomeNOI" xlink:arcrole="http://www.xbrl.org/2003/arcrole/summation-item" order="7" weight="1" />
    <link:calculationArc xlink:type="arc" xlink:from="jpfr-t-cte_ExtraordinaryIncome" xlink:to="jpfr-t-cte_OtherEI" xlink:arcrole="http://www.xbrl.org/2003/arcrole/summation-item" order="5" weight="1" />
    <link:calculationArc xlink:type="arc" xlink:from="jpfr-t-cte_ExtraordinaryLoss" xlink:to="jpfr-asr-E01364-000_HeadquartersRelocationExpensesAllowanceProvisionEL" xlink:arcrole="http://www.xbrl.org/2003/arcrole/summation-item" order="3.875" weight="1" />
  </link:calculationLink>
</link:linkbase>