﻿<?xml version="1.0" encoding="utf-8"?>
<!-- Edited with XiRUTE .NET Library 01-04 -->
<link:linkbase xmlns:xlink="http://www.w3.org/1999/xlink" xmlns:xsi="http://www.w3.org/2001/XMLSchema-instance" xmlns:link="http://www.xbrl.org/2003/linkbase">
  <link:roleRef xlink:type="simple" xlink:href="http://info.edinet-fsa.go.jp/jp/fr/gaap/o/rt/2010-03-11/jpfr-rt-2010-03-11.xsd#RoleBalanceSheets" roleURI="http://info.edinet-fsa.go.jp/jp/fr/gaap/role/BalanceSheets" />
  <link:roleRef xlink:type="simple" xlink:href="http://info.edinet-fsa.go.jp/jp/fr/gaap/o/rt/2010-03-11/jpfr-rt-2010-03-11.xsd#RoleStatementsOfCashFlows" roleURI="http://info.edinet-fsa.go.jp/jp/fr/gaap/role/StatementsOfCashFlows" />
  <link:roleRef xlink:type="simple" xlink:href="http://info.edinet-fsa.go.jp/jp/fr/gaap/o/rt/2010-03-11/jpfr-rt-2010-03-11.xsd#RoleStatementsOfChangesInNetAssets" roleURI="http://info.edinet-fsa.go.jp/jp/fr/gaap/role/StatementsOfChangesInNetAssets" />
  <link:roleRef xlink:type="simple" xlink:href="http://info.edinet-fsa.go.jp/jp/fr/gaap/o/rt/2010-03-11/jpfr-rt-2010-03-11.xsd#RoleStatementsOfIncome" roleURI="http://info.edinet-fsa.go.jp/jp/fr/gaap/role/StatementsOfIncome" />
  <link:definitionLink xlink:type="extended" xlink:role="http://info.edinet-fsa.go.jp/jp/fr/gaap/role/BalanceSheets">
    <link:loc xlink:type="locator" xlink:href="http://info.edinet-fsa.go.jp/jp/fr/gaap/t/cte/2010-03-11/jpfr-t-cte-2010-03-11.xsd#jpfr-t-cte_PropertyPlantAndEquipmentAbstract" xlink:label="jpfr-t-cte_PropertyPlantAndEquipmentAbstract" />
    <link:loc xlink:type="locator" xlink:href="jpfr-asr-E02778-000-2010-03-31-01-2010-06-25.xsd#jpfr-asr-E02778-000_TelecommunicationsEquipmentNet" xlink:label="jpfr-asr-E02778-000_TelecommunicationsEquipmentNet" />
    <link:loc xlink:type="locator" xlink:href="jpfr-asr-E02778-000-2010-03-31-01-2010-06-25.xsd#jpfr-asr-E02778-000_TelecommunicationsServiceLinesNet" xlink:label="jpfr-asr-E02778-000_TelecommunicationsServiceLinesNet" />
    <link:definitionArc xlink:type="arc" xlink:from="jpfr-t-cte_PropertyPlantAndEquipmentAbstract" xlink:to="jpfr-asr-E02778-000_TelecommunicationsServiceLinesNet" xlink:arcrole="http://www.xbrl.org/2003/arcrole/general-special" order="0.75" />
    <link:definitionArc xlink:type="arc" xlink:from="jpfr-t-cte_PropertyPlantAndEquipmentAbstract" xlink:to="jpfr-asr-E02778-000_TelecommunicationsEquipmentNet" xlink:arcrole="http://www.xbrl.org/2003/arcrole/general-special" order="0.5" />
  </link:definitionLink>
  <link:definitionLink xlink:type="extended" xlink:role="http://info.edinet-fsa.go.jp/jp/fr/gaap/role/StatementsOfCashFlows">
    <link:loc xlink:type="locator" xlink:href="http://info.edinet-fsa.go.jp/jp/fr/gaap/t/cte/2010-03-11/jpfr-t-cte-2010-03-11.xsd#jpfr-t-cte_NetCashProvidedByUsedInFinancingActivitiesAbstract" xlink:label="jpfr-t-cte_NetCashProvidedByUsedInFinancingActivitiesAbstract" />
    <link:loc xlink:type="locator" xlink:href="jpfr-asr-E02778-000-2010-03-31-01-2010-06-25.xsd#jpfr-asr-E02778-000_UnrealizedLossGainOnValuationOfInvestmentAndLossGainOnSalesOfInvestmentAtSubsidiariesInTheUSNetOpeCF" xlink:label="jpfr-asr-E02778-000_UnrealizedLossGainOnValuationOfInvestmentAndLossGainOnSalesOfInvestmentAtSubsidiariesInTheUSNetOpeCF" />
    <link:loc xlink:type="locator" xlink:href="jpfr-asr-E02778-000-2010-03-31-01-2010-06-25.xsd#jpfr-asr-E02778-000_ProceedsFromSaleAndLeaseBackOfEquipmentNewlyAcquiredFinCF" xlink:label="jpfr-asr-E02778-000_ProceedsFromSaleAndLeaseBackOfEquipmentNewlyAcquiredFinCF" />
    <link:loc xlink:type="locator" xlink:href="http://info.edinet-fsa.go.jp/jp/fr/gaap/t/cte/2010-03-11/jpfr-t-cte-2010-03-11.xsd#jpfr-t-cte_NetCashProvidedByUsedInOperatingActivitiesAbstract" xlink:label="jpfr-t-cte_NetCashProvidedByUsedInOperatingActivitiesAbstract" />
    <link:definitionArc xlink:type="arc" xlink:from="jpfr-t-cte_NetCashProvidedByUsedInFinancingActivitiesAbstract" xlink:to="jpfr-asr-E02778-000_ProceedsFromSaleAndLeaseBackOfEquipmentNewlyAcquiredFinCF" xlink:arcrole="http://www.xbrl.org/2003/arcrole/general-special" order="0.5" />
    <link:definitionArc xlink:type="arc" xlink:from="jpfr-t-cte_NetCashProvidedByUsedInOperatingActivitiesAbstract" xlink:to="jpfr-asr-E02778-000_UnrealizedLossGainOnValuationOfInvestmentAndLossGainOnSalesOfInvestmentAtSubsidiariesInTheUSNetOpeCF" xlink:arcrole="http://www.xbrl.org/2003/arcrole/general-special" order="0.5" />
  </link:definitionLink>
  <link:definitionLink xlink:type="extended" xlink:role="http://info.edinet-fsa.go.jp/jp/fr/gaap/role/StatementsOfIncome">
    <link:loc xlink:type="locator" xlink:href="jpfr-asr-E02778-000-2010-03-31-01-2010-06-25.xsd#jpfr-asr-E02778-000_InterestExpensesFromSubsidiariesAndAffiliatesNOE" xlink:label="jpfr-asr-E02778-000_InterestExpensesFromSubsidiariesAndAffiliatesNOE" />
    <link:loc xlink:type="locator" xlink:href="jpfr-asr-E02778-000-2010-03-31-01-2010-06-25.xsd#jpfr-asr-E02778-000_InterestOnLoansToSubsidiariesSonAffiliatesNOI" xlink:label="jpfr-asr-E02778-000_InterestOnLoansToSubsidiariesSonAffiliatesNOI" />
    <link:loc xlink:type="locator" xlink:href="jpfr-asr-E02778-000-2010-03-31-01-2010-06-25.xsd#jpfr-asr-E02778-000_LossOnAdditionalEntrustmentForDebtAssumption" xlink:label="jpfr-asr-E02778-000_LossOnAdditionalEntrustmentForDebtAssumption" />
    <link:loc xlink:type="locator" xlink:href="jpfr-asr-E02778-000-2010-03-31-01-2010-06-25.xsd#jpfr-asr-E02778-000_ContributionForConstructionNOI" xlink:label="jpfr-asr-E02778-000_ContributionForConstructionNOI" />
    <link:loc xlink:type="locator" xlink:href="http://info.edinet-fsa.go.jp/jp/fr/gaap/t/cte/2010-03-11/jpfr-t-cte-2010-03-11.xsd#jpfr-t-cte_NonOperatingIncomeAbstract" xlink:label="jpfr-t-cte_NonOperatingIncomeAbstract" />
    <link:loc xlink:type="locator" xlink:href="http://info.edinet-fsa.go.jp/jp/fr/gaap/t/cte/2010-03-11/jpfr-t-cte-2010-03-11.xsd#jpfr-t-cte_ExtraordinaryLossAbstract" xlink:label="jpfr-t-cte_ExtraordinaryLossAbstract" />
    <link:loc xlink:type="locator" xlink:href="jpfr-asr-E02778-000-2010-03-31-01-2010-06-25.xsd#jpfr-asr-E02778-000_DividendsFromSubsidiariesAndAffiliatesNOI" xlink:label="jpfr-asr-E02778-000_DividendsFromSubsidiariesAndAffiliatesNOI" />
    <link:loc xlink:type="locator" xlink:href="http://info.edinet-fsa.go.jp/jp/fr/gaap/t/cte/2010-03-11/jpfr-t-cte-2010-03-11.xsd#jpfr-t-cte_NonOperatingExpensesAbstract" xlink:label="jpfr-t-cte_NonOperatingExpensesAbstract" />
    <link:loc xlink:type="locator" xlink:href="jpfr-asr-E02778-000-2010-03-31-01-2010-06-25.xsd#jpfr-asr-E02778-000_UnrealizedLossGainOnValuationOfInvestmentAndLossGainOnSalesOfInvestmentAtSubsidiariesInTheUSNetEL" xlink:label="jpfr-asr-E02778-000_UnrealizedLossGainOnValuationOfInvestmentAndLossGainOnSalesOfInvestmentAtSubsidiariesInTheUSNetEL" />
    <link:definitionArc xlink:type="arc" xlink:from="jpfr-t-cte_NonOperatingIncomeAbstract" xlink:to="jpfr-asr-E02778-000_DividendsFromSubsidiariesAndAffiliatesNOI" xlink:arcrole="http://www.xbrl.org/2003/arcrole/general-special" order="0.875" />
    <link:definitionArc xlink:type="arc" xlink:from="jpfr-t-cte_ExtraordinaryLossAbstract" xlink:to="jpfr-asr-E02778-000_LossOnAdditionalEntrustmentForDebtAssumption" xlink:arcrole="http://www.xbrl.org/2003/arcrole/general-special" order="0.75" />
    <link:definitionArc xlink:type="arc" xlink:from="jpfr-t-cte_NonOperatingIncomeAbstract" xlink:to="jpfr-asr-E02778-000_InterestOnLoansToSubsidiariesSonAffiliatesNOI" xlink:arcrole="http://www.xbrl.org/2003/arcrole/general-special" order="0.75" />
    <link:definitionArc xlink:type="arc" xlink:from="jpfr-t-cte_NonOperatingExpensesAbstract" xlink:to="jpfr-asr-E02778-000_InterestExpensesFromSubsidiariesAndAffiliatesNOE" xlink:arcrole="http://www.xbrl.org/2003/arcrole/general-special" order="0.5" />
    <link:definitionArc xlink:type="arc" xlink:from="jpfr-t-cte_NonOperatingIncomeAbstract" xlink:to="jpfr-asr-E02778-000_ContributionForConstructionNOI" xlink:arcrole="http://www.xbrl.org/2003/arcrole/general-special" order="0.5" />
    <link:definitionArc xlink:type="arc" xlink:from="jpfr-t-cte_ExtraordinaryLossAbstract" xlink:to="jpfr-asr-E02778-000_UnrealizedLossGainOnValuationOfInvestmentAndLossGainOnSalesOfInvestmentAtSubsidiariesInTheUSNetEL" xlink:arcrole="http://www.xbrl.org/2003/arcrole/general-special" order="0.5" />
  </link:definitionLink>
  <link:definitionLink xlink:type="extended" xlink:role="http://info.edinet-fsa.go.jp/jp/fr/gaap/role/StatementsOfChangesInNetAssets">
    <link:loc xlink:type="locator" xlink:href="http://info.edinet-fsa.go.jp/jp/fr/gaap/t/cte/2010-03-11/jpfr-t-cte-2010-03-11.xsd#jpfr-t-cte_RetainedEarningsSSAbstract" xlink:label="jpfr-t-cte_RetainedEarningsSSAbstract" />
    <link:loc xlink:type="locator" xlink:href="http://info.edinet-fsa.go.jp/jp/fr/gaap/t/cte/2010-03-11/jpfr-t-cte-2010-03-11.xsd#jpfr-t-cte_NetAssetsSSAbstract" xlink:label="jpfr-t-cte_NetAssetsSSAbstract" />
    <link:loc xlink:type="locator" xlink:href="http://info.edinet-fsa.go.jp/jp/fr/gaap/t/cte/2010-03-11/jpfr-t-cte-2010-03-11.xsd#jpfr-t-cte_TotalShareholdersEquitySSAbstract" xlink:label="jpfr-t-cte_TotalShareholdersEquitySSAbstract" />
    <link:loc xlink:type="locator" xlink:href="jpfr-asr-E02778-000-2010-03-31-01-2010-06-25.xsd#jpfr-asr-E02778-000_IncreaseInAccumulatedDeficitDueToAdoptionOfANewAccountingStandardForAccountingPoliciesAtForeignSubsidiariesRE" xlink:label="jpfr-asr-E02778-000_IncreaseInAccumulatedDeficitDueToAdoptionOfANewAccountingStandardForAccountingPoliciesAtForeignSubsidiariesRE" />
    <link:loc xlink:type="locator" xlink:href="jpfr-asr-E02778-000-2010-03-31-01-2010-06-25.xsd#jpfr-asr-E02778-000_IncreaseInAccumulatedDeficitDueToAdoptionOfANewAccountingStandardForAccountingPoliciesAtForeignSubsidiariesNA" xlink:label="jpfr-asr-E02778-000_IncreaseInAccumulatedDeficitDueToAdoptionOfANewAccountingStandardForAccountingPoliciesAtForeignSubsidiariesNA" />
    <link:loc xlink:type="locator" xlink:href="jpfr-asr-E02778-000-2010-03-31-01-2010-06-25.xsd#jpfr-asr-E02778-000_IncreaseInAccumulatedDeficitDueToAdoptionOfANewAccountingStandardForAccountingPoliciesAtForeignSubsidiariesSE" xlink:label="jpfr-asr-E02778-000_IncreaseInAccumulatedDeficitDueToAdoptionOfANewAccountingStandardForAccountingPoliciesAtForeignSubsidiariesSE" />
    <link:definitionArc xlink:type="arc" xlink:from="jpfr-t-cte_TotalShareholdersEquitySSAbstract" xlink:to="jpfr-asr-E02778-000_IncreaseInAccumulatedDeficitDueToAdoptionOfANewAccountingStandardForAccountingPoliciesAtForeignSubsidiariesSE" xlink:arcrole="http://www.xbrl.org/2003/arcrole/general-special" order="0.5" />
    <link:definitionArc xlink:type="arc" xlink:from="jpfr-t-cte_RetainedEarningsSSAbstract" xlink:to="jpfr-asr-E02778-000_IncreaseInAccumulatedDeficitDueToAdoptionOfANewAccountingStandardForAccountingPoliciesAtForeignSubsidiariesRE" xlink:arcrole="http://www.xbrl.org/2003/arcrole/general-special" order="0.5" />
    <link:definitionArc xlink:type="arc" xlink:from="jpfr-t-cte_NetAssetsSSAbstract" xlink:to="jpfr-asr-E02778-000_IncreaseInAccumulatedDeficitDueToAdoptionOfANewAccountingStandardForAccountingPoliciesAtForeignSubsidiariesNA" xlink:arcrole="http://www.xbrl.org/2003/arcrole/general-special" order="0.5" />
  </link:definitionLink>
</link:linkbase>