﻿<?xml version="1.0" encoding="utf-8"?>
<!-- Edited with XiRUTE .NET Library 01-04 -->
<link:linkbase xmlns:xlink="http://www.w3.org/1999/xlink" xmlns:xsi="http://www.w3.org/2001/XMLSchema-instance" xmlns:link="http://www.xbrl.org/2003/linkbase">
  <link:roleRef xlink:type="simple" xlink:href="http://info.edinet-fsa.go.jp/jp/fr/gaap/o/rt/2010-03-11/jpfr-rt-2010-03-11.xsd#RoleConsolidatedBalanceSheets" roleURI="http://info.edinet-fsa.go.jp/jp/fr/gaap/role/ConsolidatedBalanceSheets" />
  <link:roleRef xlink:type="simple" xlink:href="http://info.edinet-fsa.go.jp/jp/fr/gaap/o/rt/2010-03-11/jpfr-rt-2010-03-11.xsd#RoleConsolidatedStatementsOfCashFlowsIndirect" roleURI="http://info.edinet-fsa.go.jp/jp/fr/gaap/role/ConsolidatedStatementsOfCashFlowsIndirect" />
  <link:roleRef xlink:type="simple" xlink:href="http://info.edinet-fsa.go.jp/jp/fr/gaap/o/rt/2010-03-11/jpfr-rt-2010-03-11.xsd#RoleConsolidatedStatementsOfChangesInNetAssets" roleURI="http://info.edinet-fsa.go.jp/jp/fr/gaap/role/ConsolidatedStatementsOfChangesInNetAssets" />
  <link:roleRef xlink:type="simple" xlink:href="http://info.edinet-fsa.go.jp/jp/fr/gaap/o/rt/2010-03-11/jpfr-rt-2010-03-11.xsd#RoleConsolidatedStatementsOfChangesInNetAssets2" roleURI="http://info.edinet-fsa.go.jp/jp/fr/gaap/role/ConsolidatedStatementsOfChangesInNetAssets2" />
  <link:roleRef xlink:type="simple" xlink:href="http://info.edinet-fsa.go.jp/jp/fr/gaap/o/rt/2010-03-11/jpfr-rt-2010-03-11.xsd#RoleConsolidatedStatementsOfIncome" roleURI="http://info.edinet-fsa.go.jp/jp/fr/gaap/role/ConsolidatedStatementsOfIncome" />
  <link:roleRef xlink:type="simple" xlink:href="http://info.edinet-fsa.go.jp/jp/fr/gaap/o/rt/2010-03-11/jpfr-rt-2010-03-11.xsd#RoleNonConsolidatedBalanceSheets" roleURI="http://info.edinet-fsa.go.jp/jp/fr/gaap/role/NonConsolidatedBalanceSheets" />
  <link:roleRef xlink:type="simple" xlink:href="http://info.edinet-fsa.go.jp/jp/fr/gaap/o/rt/2010-03-11/jpfr-rt-2010-03-11.xsd#RoleNonConsolidatedStatementsOfChangesInNetAssets" roleURI="http://info.edinet-fsa.go.jp/jp/fr/gaap/role/NonConsolidatedStatementsOfChangesInNetAssets" />
  <link:roleRef xlink:type="simple" xlink:href="http://info.edinet-fsa.go.jp/jp/fr/gaap/o/rt/2010-03-11/jpfr-rt-2010-03-11.xsd#RoleNonConsolidatedStatementsOfChangesInNetAssets2" roleURI="http://info.edinet-fsa.go.jp/jp/fr/gaap/role/NonConsolidatedStatementsOfChangesInNetAssets2" />
  <link:roleRef xlink:type="simple" xlink:href="http://info.edinet-fsa.go.jp/jp/fr/gaap/o/rt/2010-03-11/jpfr-rt-2010-03-11.xsd#RoleNonConsolidatedStatementsOfIncome" roleURI="http://info.edinet-fsa.go.jp/jp/fr/gaap/role/NonConsolidatedStatementsOfIncome" />
  <link:calculationLink xlink:type="extended" xlink:role="http://info.edinet-fsa.go.jp/jp/fr/gaap/role/ConsolidatedStatementsOfIncome">
    <link:loc xlink:type="locator" xlink:href="http://info.edinet-fsa.go.jp/jp/fr/gaap/t/cte/2010-03-11/jpfr-t-cte-2010-03-11.xsd#jpfr-t-cte_OperatingIncome" xlink:label="jpfr-t-cte_OperatingIncome" />
    <link:loc xlink:type="locator" xlink:href="http://info.edinet-fsa.go.jp/jp/fr/gaap/t/cte/2010-03-11/jpfr-t-cte-2010-03-11.xsd#jpfr-t-cte_ExtraordinaryLoss" xlink:label="jpfr-t-cte_ExtraordinaryLoss" />
    <link:loc xlink:type="locator" xlink:href="http://info.edinet-fsa.go.jp/jp/fr/gaap/t/cte/2010-03-11/jpfr-t-cte-2010-03-11.xsd#jpfr-t-cte_LossOnRetirementOfNoncurrentAssetsEL" xlink:label="jpfr-t-cte_LossOnRetirementOfNoncurrentAssetsEL" />
    <link:loc xlink:type="locator" xlink:href="http://info.edinet-fsa.go.jp/jp/fr/gaap/t/cte/2010-03-11/jpfr-t-cte-2010-03-11.xsd#jpfr-t-cte_SellingGeneralAndAdministrativeExpenses" xlink:label="jpfr-t-cte_SellingGeneralAndAdministrativeExpenses" />
    <link:loc xlink:type="locator" xlink:href="http://info.edinet-fsa.go.jp/jp/fr/gaap/t/cte/2010-03-11/jpfr-t-cte-2010-03-11.xsd#jpfr-t-cte_LossOnValuationOfInvestmentSecuritiesEL" xlink:label="jpfr-t-cte_LossOnValuationOfInvestmentSecuritiesEL" />
    <link:loc xlink:type="locator" xlink:href="http://info.edinet-fsa.go.jp/jp/fr/gaap/t/cte/2010-03-11/jpfr-t-cte-2010-03-11.xsd#jpfr-t-cte_NonOperatingIncome" xlink:label="jpfr-t-cte_NonOperatingIncome" />
    <link:loc xlink:type="locator" xlink:href="http://info.edinet-fsa.go.jp/jp/fr/gaap/t/cte/2010-03-11/jpfr-t-cte-2010-03-11.xsd#jpfr-t-cte_ExtraordinaryIncome" xlink:label="jpfr-t-cte_ExtraordinaryIncome" />
    <link:loc xlink:type="locator" xlink:href="http://info.edinet-fsa.go.jp/jp/fr/gaap/t/cte/2010-03-11/jpfr-t-cte-2010-03-11.xsd#jpfr-t-cte_GainOnSalesOfInvestmentSecuritiesEI" xlink:label="jpfr-t-cte_GainOnSalesOfInvestmentSecuritiesEI" />
    <link:loc xlink:type="locator" xlink:href="http://info.edinet-fsa.go.jp/jp/fr/gaap/t/cte/2010-03-11/jpfr-t-cte-2010-03-11.xsd#jpfr-t-cte_OtherNOE" xlink:label="jpfr-t-cte_OtherNOE" />
    <link:loc xlink:type="locator" xlink:href="http://info.edinet-fsa.go.jp/jp/fr/gaap/t/cte/2010-03-11/jpfr-t-cte-2010-03-11.xsd#jpfr-t-cte_OtherEI" xlink:label="jpfr-t-cte_OtherEI" />
    <link:loc xlink:type="locator" xlink:href="http://info.edinet-fsa.go.jp/jp/fr/gaap/t/cte/2010-03-11/jpfr-t-cte-2010-03-11.xsd#jpfr-t-cte_IncomeBeforeMinorityInterests" xlink:label="jpfr-t-cte_IncomeBeforeMinorityInterests" />
    <link:loc xlink:type="locator" xlink:href="http://info.edinet-fsa.go.jp/jp/fr/gaap/t/cte/2010-03-11/jpfr-t-cte-2010-03-11.xsd#jpfr-t-cte_OtherEL" xlink:label="jpfr-t-cte_OtherEL" />
    <link:loc xlink:type="locator" xlink:href="jpfr-asr-E02778-000-2010-03-31-01-2010-06-25.xsd#jpfr-asr-E02778-000_UnrealizedLossGainOnValuationOfInvestmentAndLossGainOnSalesOfInvestmentAtSubsidiariesInTheUSNetEL" xlink:label="jpfr-asr-E02778-000_UnrealizedLossGainOnValuationOfInvestmentAndLossGainOnSalesOfInvestmentAtSubsidiariesInTheUSNetEL" />
    <link:loc xlink:type="locator" xlink:href="http://info.edinet-fsa.go.jp/jp/fr/gaap/t/cte/2010-03-11/jpfr-t-cte-2010-03-11.xsd#jpfr-t-cte_NetIncome" xlink:label="jpfr-t-cte_NetIncome" />
    <link:loc xlink:type="locator" xlink:href="http://info.edinet-fsa.go.jp/jp/fr/gaap/t/cte/2010-03-11/jpfr-t-cte-2010-03-11.xsd#jpfr-t-cte_IncomeBeforeIncomeTaxes" xlink:label="jpfr-t-cte_IncomeBeforeIncomeTaxes" />
    <link:loc xlink:type="locator" xlink:href="http://info.edinet-fsa.go.jp/jp/fr/gaap/t/cte/2010-03-11/jpfr-t-cte-2010-03-11.xsd#jpfr-t-cte_GainOnChangeInEquityEI" xlink:label="jpfr-t-cte_GainOnChangeInEquityEI" />
    <link:loc xlink:type="locator" xlink:href="http://info.edinet-fsa.go.jp/jp/fr/gaap/t/cte/2010-03-11/jpfr-t-cte-2010-03-11.xsd#jpfr-t-cte_GainOnLiquidationOfSubsidiariesEI" xlink:label="jpfr-t-cte_GainOnLiquidationOfSubsidiariesEI" />
    <link:loc xlink:type="locator" xlink:href="jpfr-asr-E02778-000-2010-03-31-01-2010-06-25.xsd#jpfr-asr-E02778-000_ContributionForConstructionNOI" xlink:label="jpfr-asr-E02778-000_ContributionForConstructionNOI" />
    <link:loc xlink:type="locator" xlink:href="http://info.edinet-fsa.go.jp/jp/fr/gaap/t/cte/2010-03-11/jpfr-t-cte-2010-03-11.xsd#jpfr-t-cte_OtherNOI" xlink:label="jpfr-t-cte_OtherNOI" />
    <link:loc xlink:type="locator" xlink:href="http://info.edinet-fsa.go.jp/jp/fr/gaap/t/cte/2010-03-11/jpfr-t-cte-2010-03-11.xsd#jpfr-t-cte_ForeignExchangeGainsNOI" xlink:label="jpfr-t-cte_ForeignExchangeGainsNOI" />
    <link:loc xlink:type="locator" xlink:href="http://info.edinet-fsa.go.jp/jp/fr/gaap/t/cte/2010-03-11/jpfr-t-cte-2010-03-11.xsd#jpfr-t-cte_NonOperatingExpenses" xlink:label="jpfr-t-cte_NonOperatingExpenses" />
    <link:loc xlink:type="locator" xlink:href="jpfr-asr-E02778-000-2010-03-31-01-2010-06-25.xsd#jpfr-asr-E02778-000_LossOnAdditionalEntrustmentForDebtAssumption" xlink:label="jpfr-asr-E02778-000_LossOnAdditionalEntrustmentForDebtAssumption" />
    <link:loc xlink:type="locator" xlink:href="http://info.edinet-fsa.go.jp/jp/fr/gaap/t/cte/2010-03-11/jpfr-t-cte-2010-03-11.xsd#jpfr-t-cte_IncomeTaxes" xlink:label="jpfr-t-cte_IncomeTaxes" />
    <link:calculationArc xlink:type="arc" xlink:from="jpfr-t-cte_NetIncome" xlink:to="jpfr-t-cte_IncomeTaxes" xlink:arcrole="http://www.xbrl.org/2003/arcrole/summation-item" order="0.75" weight="-1" />
    <link:calculationArc xlink:type="arc" xlink:from="jpfr-t-cte_ExtraordinaryLoss" xlink:to="jpfr-t-cte_LossOnValuationOfInvestmentSecuritiesEL" xlink:arcrole="http://www.xbrl.org/2003/arcrole/summation-item" order="0.5" weight="1" />
    <link:calculationArc xlink:type="arc" xlink:from="jpfr-t-cte_ExtraordinaryLoss" xlink:to="jpfr-t-cte_LossOnRetirementOfNoncurrentAssetsEL" xlink:arcrole="http://www.xbrl.org/2003/arcrole/summation-item" order="0.875" weight="1" />
    <link:calculationArc xlink:type="arc" xlink:from="jpfr-t-cte_ExtraordinaryIncome" xlink:to="jpfr-t-cte_GainOnChangeInEquityEI" xlink:arcrole="http://www.xbrl.org/2003/arcrole/summation-item" order="0.75" weight="1" />
    <link:calculationArc xlink:type="arc" xlink:from="jpfr-t-cte_ExtraordinaryLoss" xlink:to="jpfr-t-cte_OtherEL" xlink:arcrole="http://www.xbrl.org/2003/arcrole/summation-item" order="3.75" weight="1" />
    <link:calculationArc xlink:type="arc" xlink:from="jpfr-t-cte_ExtraordinaryIncome" xlink:to="jpfr-t-cte_GainOnSalesOfInvestmentSecuritiesEI" xlink:arcrole="http://www.xbrl.org/2003/arcrole/summation-item" order="0.5" weight="1" />
    <link:calculationArc xlink:type="arc" xlink:from="jpfr-t-cte_NonOperatingIncome" xlink:to="jpfr-t-cte_OtherNOI" xlink:arcrole="http://www.xbrl.org/2003/arcrole/summation-item" order="1.875" weight="1" />
    <link:calculationArc xlink:type="arc" xlink:from="jpfr-t-cte_OperatingIncome" xlink:to="jpfr-t-cte_SellingGeneralAndAdministrativeExpenses" xlink:arcrole="http://www.xbrl.org/2003/arcrole/summation-item" order="0.5" weight="-1" />
    <link:calculationArc xlink:type="arc" xlink:from="jpfr-t-cte_IncomeBeforeMinorityInterests" xlink:to="jpfr-t-cte_IncomeBeforeIncomeTaxes" xlink:arcrole="http://www.xbrl.org/2003/arcrole/summation-item" use="prohibited" priority="1" order="1" weight="1" />
    <link:calculationArc xlink:type="arc" xlink:from="jpfr-t-cte_ExtraordinaryLoss" xlink:to="jpfr-asr-E02778-000_LossOnAdditionalEntrustmentForDebtAssumption" xlink:arcrole="http://www.xbrl.org/2003/arcrole/summation-item" order="3.5" weight="1" />
    <link:calculationArc xlink:type="arc" xlink:from="jpfr-t-cte_NonOperatingIncome" xlink:to="jpfr-asr-E02778-000_ContributionForConstructionNOI" xlink:arcrole="http://www.xbrl.org/2003/arcrole/summation-item" order="1.75" weight="1" />
    <link:calculationArc xlink:type="arc" xlink:from="jpfr-t-cte_ExtraordinaryIncome" xlink:to="jpfr-t-cte_GainOnLiquidationOfSubsidiariesEI" xlink:arcrole="http://www.xbrl.org/2003/arcrole/summation-item" order="0.875" weight="1" />
    <link:calculationArc xlink:type="arc" xlink:from="jpfr-t-cte_NonOperatingIncome" xlink:to="jpfr-t-cte_ForeignExchangeGainsNOI" xlink:arcrole="http://www.xbrl.org/2003/arcrole/summation-item" order="1.5" weight="1" />
    <link:calculationArc xlink:type="arc" xlink:from="jpfr-t-cte_NonOperatingExpenses" xlink:to="jpfr-t-cte_OtherNOE" xlink:arcrole="http://www.xbrl.org/2003/arcrole/summation-item" order="4" weight="1" />
    <link:calculationArc xlink:type="arc" xlink:from="jpfr-t-cte_ExtraordinaryLoss" xlink:to="jpfr-asr-E02778-000_UnrealizedLossGainOnValuationOfInvestmentAndLossGainOnSalesOfInvestmentAtSubsidiariesInTheUSNetEL" xlink:arcrole="http://www.xbrl.org/2003/arcrole/summation-item" order="0.75" weight="1" />
    <link:calculationArc xlink:type="arc" xlink:from="jpfr-t-cte_NetIncome" xlink:to="jpfr-t-cte_IncomeBeforeIncomeTaxes" xlink:arcrole="http://www.xbrl.org/2003/arcrole/summation-item" order="0.5" weight="1" />
    <link:calculationArc xlink:type="arc" xlink:from="jpfr-t-cte_IncomeBeforeMinorityInterests" xlink:to="jpfr-t-cte_IncomeTaxes" xlink:arcrole="http://www.xbrl.org/2003/arcrole/summation-item" use="prohibited" priority="1" order="2" weight="-1" />
    <link:calculationArc xlink:type="arc" xlink:from="jpfr-t-cte_ExtraordinaryIncome" xlink:to="jpfr-t-cte_OtherEI" xlink:arcrole="http://www.xbrl.org/2003/arcrole/summation-item" order="0.9375" weight="1" />
  </link:calculationLink>
  <link:calculationLink xlink:type="extended" xlink:role="http://info.edinet-fsa.go.jp/jp/fr/gaap/role/ConsolidatedBalanceSheets">
    <link:loc xlink:type="locator" xlink:href="http://info.edinet-fsa.go.jp/jp/fr/gaap/t/cte/2010-03-11/jpfr-t-cte-2010-03-11.xsd#jpfr-t-cte_IntangibleAssets" xlink:label="jpfr-t-cte_IntangibleAssets" />
    <link:loc xlink:type="locator" xlink:href="http://info.edinet-fsa.go.jp/jp/fr/gaap/t/cte/2010-03-11/jpfr-t-cte-2010-03-11.xsd#jpfr-t-cte_InvestmentsAndOtherAssets" xlink:label="jpfr-t-cte_InvestmentsAndOtherAssets" />
    <link:loc xlink:type="locator" xlink:href="http://info.edinet-fsa.go.jp/jp/fr/gaap/t/cte/2010-03-11/jpfr-t-cte-2010-03-11.xsd#jpfr-t-cte_PropertyPlantAndEquipment" xlink:label="jpfr-t-cte_PropertyPlantAndEquipment" />
    <link:loc xlink:type="locator" xlink:href="http://info.edinet-fsa.go.jp/jp/fr/gaap/t/cte/2010-03-11/jpfr-t-cte-2010-03-11.xsd#jpfr-t-cte_CurrentPortionOfBonds" xlink:label="jpfr-t-cte_CurrentPortionOfBonds" />
    <link:loc xlink:type="locator" xlink:href="http://info.edinet-fsa.go.jp/jp/fr/gaap/t/cte/2010-03-11/jpfr-t-cte-2010-03-11.xsd#jpfr-t-cte_NotesAndAccountsReceivableTrade" xlink:label="jpfr-t-cte_NotesAndAccountsReceivableTrade" />
    <link:loc xlink:type="locator" xlink:href="http://info.edinet-fsa.go.jp/jp/fr/gaap/t/cte/2010-03-11/jpfr-t-cte-2010-03-11.xsd#jpfr-t-cte_OtherNetPPE" xlink:label="jpfr-t-cte_OtherNetPPE" />
    <link:loc xlink:type="locator" xlink:href="http://info.edinet-fsa.go.jp/jp/fr/gaap/t/cte/2010-03-11/jpfr-t-cte-2010-03-11.xsd#jpfr-t-cte_NoncurrentLiabilities" xlink:label="jpfr-t-cte_NoncurrentLiabilities" />
    <link:loc xlink:type="locator" xlink:href="http://info.edinet-fsa.go.jp/jp/fr/gaap/t/cte/2010-03-11/jpfr-t-cte-2010-03-11.xsd#jpfr-t-cte_BuildingsAndStructuresNet" xlink:label="jpfr-t-cte_BuildingsAndStructuresNet" />
    <link:loc xlink:type="locator" xlink:href="http://info.edinet-fsa.go.jp/jp/fr/gaap/t/cte/2010-03-11/jpfr-t-cte-2010-03-11.xsd#jpfr-t-cte_CurrentAssets" xlink:label="jpfr-t-cte_CurrentAssets" />
    <link:loc xlink:type="locator" xlink:href="jpfr-asr-E02778-000-2010-03-31-01-2010-06-25.xsd#jpfr-asr-E02778-000_TelecommunicationsEquipmentNet" xlink:label="jpfr-asr-E02778-000_TelecommunicationsEquipmentNet" />
    <link:loc xlink:type="locator" xlink:href="http://info.edinet-fsa.go.jp/jp/fr/gaap/t/cte/2010-03-11/jpfr-t-cte-2010-03-11.xsd#jpfr-t-cte_Software" xlink:label="jpfr-t-cte_Software" />
    <link:loc xlink:type="locator" xlink:href="http://info.edinet-fsa.go.jp/jp/fr/gaap/t/cte/2010-03-11/jpfr-t-cte-2010-03-11.xsd#jpfr-t-cte_MerchandiseAndFinishedGoods" xlink:label="jpfr-t-cte_MerchandiseAndFinishedGoods" />
    <link:loc xlink:type="locator" xlink:href="http://info.edinet-fsa.go.jp/jp/fr/gaap/t/cte/2010-03-11/jpfr-t-cte-2010-03-11.xsd#jpfr-t-cte_CurrentLiabilities" xlink:label="jpfr-t-cte_CurrentLiabilities" />
    <link:loc xlink:type="locator" xlink:href="jpfr-asr-E02778-000-2010-03-31-01-2010-06-25.xsd#jpfr-asr-E02778-000_TelecommunicationsServiceLinesNet" xlink:label="jpfr-asr-E02778-000_TelecommunicationsServiceLinesNet" />
    <link:loc xlink:type="locator" xlink:href="http://info.edinet-fsa.go.jp/jp/fr/gaap/t/cte/2010-03-11/jpfr-t-cte-2010-03-11.xsd#jpfr-t-cte_AllowanceForDoubtfulAccountsCA" xlink:label="jpfr-t-cte_AllowanceForDoubtfulAccountsCA" />
    <link:loc xlink:type="locator" xlink:href="http://info.edinet-fsa.go.jp/jp/fr/gaap/t/cte/2010-03-11/jpfr-t-cte-2010-03-11.xsd#jpfr-t-cte_AllowanceForDoubtfulAccountsIOAByGroup" xlink:label="jpfr-t-cte_AllowanceForDoubtfulAccountsIOAByGroup" />
    <link:loc xlink:type="locator" xlink:href="http://info.edinet-fsa.go.jp/jp/fr/gaap/t/cte/2010-03-11/jpfr-t-cte-2010-03-11.xsd#jpfr-t-cte_AccountsPayableOtherAndAccruedExpenses" xlink:label="jpfr-t-cte_AccountsPayableOtherAndAccruedExpenses" />
    <link:loc xlink:type="locator" xlink:href="http://info.edinet-fsa.go.jp/jp/fr/gaap/t/cte/2010-03-11/jpfr-t-cte-2010-03-11.xsd#jpfr-t-cte_ProvisionForPointCardCertificatesNCL" xlink:label="jpfr-t-cte_ProvisionForPointCardCertificatesNCL" />
    <link:calculationArc xlink:type="arc" xlink:from="jpfr-t-cte_CurrentAssets" xlink:to="jpfr-t-cte_NotesAndAccountsReceivableTrade" xlink:arcrole="http://www.xbrl.org/2003/arcrole/summation-item" order="4.5" weight="1" />
    <link:calculationArc xlink:type="arc" xlink:from="jpfr-t-cte_PropertyPlantAndEquipment" xlink:to="jpfr-asr-E02778-000_TelecommunicationsEquipmentNet" xlink:arcrole="http://www.xbrl.org/2003/arcrole/summation-item" order="8.25" weight="1" />
    <link:calculationArc xlink:type="arc" xlink:from="jpfr-t-cte_CurrentAssets" xlink:to="jpfr-t-cte_AllowanceForDoubtfulAccountsCA" xlink:arcrole="http://www.xbrl.org/2003/arcrole/summation-item" order="15" weight="1" />
    <link:calculationArc xlink:type="arc" xlink:from="jpfr-t-cte_PropertyPlantAndEquipment" xlink:to="jpfr-t-cte_OtherNetPPE" xlink:arcrole="http://www.xbrl.org/2003/arcrole/summation-item" order="18" weight="1" />
    <link:calculationArc xlink:type="arc" xlink:from="jpfr-t-cte_InvestmentsAndOtherAssets" xlink:to="jpfr-t-cte_AllowanceForDoubtfulAccountsIOAByGroup" xlink:arcrole="http://www.xbrl.org/2003/arcrole/summation-item" order="7" weight="1" />
    <link:calculationArc xlink:type="arc" xlink:from="jpfr-t-cte_CurrentLiabilities" xlink:to="jpfr-t-cte_AccountsPayableOtherAndAccruedExpenses" xlink:arcrole="http://www.xbrl.org/2003/arcrole/summation-item" order="2.75" weight="1" />
    <link:calculationArc xlink:type="arc" xlink:from="jpfr-t-cte_CurrentAssets" xlink:to="jpfr-t-cte_MerchandiseAndFinishedGoods" xlink:arcrole="http://www.xbrl.org/2003/arcrole/summation-item" order="10.5" weight="1" />
    <link:calculationArc xlink:type="arc" xlink:from="jpfr-t-cte_PropertyPlantAndEquipment" xlink:to="jpfr-t-cte_BuildingsAndStructuresNet" xlink:arcrole="http://www.xbrl.org/2003/arcrole/summation-item" order="5.5" weight="1" />
    <link:calculationArc xlink:type="arc" xlink:from="jpfr-t-cte_PropertyPlantAndEquipment" xlink:to="jpfr-asr-E02778-000_TelecommunicationsServiceLinesNet" xlink:arcrole="http://www.xbrl.org/2003/arcrole/summation-item" order="9.625" weight="1" />
    <link:calculationArc xlink:type="arc" xlink:from="jpfr-t-cte_NoncurrentLiabilities" xlink:to="jpfr-t-cte_ProvisionForPointCardCertificatesNCL" xlink:arcrole="http://www.xbrl.org/2003/arcrole/summation-item" order="5.5" weight="1" />
    <link:calculationArc xlink:type="arc" xlink:from="jpfr-t-cte_IntangibleAssets" xlink:to="jpfr-t-cte_Software" xlink:arcrole="http://www.xbrl.org/2003/arcrole/summation-item" order="1.5" weight="1" />
    <link:calculationArc xlink:type="arc" xlink:from="jpfr-t-cte_CurrentLiabilities" xlink:to="jpfr-t-cte_CurrentPortionOfBonds" xlink:arcrole="http://www.xbrl.org/2003/arcrole/summation-item" order="2.5" weight="1" />
  </link:calculationLink>
  <link:calculationLink xlink:type="extended" xlink:role="http://info.edinet-fsa.go.jp/jp/fr/gaap/role/NonConsolidatedStatementsOfIncome">
    <link:loc xlink:type="locator" xlink:href="http://info.edinet-fsa.go.jp/jp/fr/gaap/t/cte/2010-03-11/jpfr-t-cte-2010-03-11.xsd#jpfr-t-cte_OperatingIncome" xlink:label="jpfr-t-cte_OperatingIncome" />
    <link:loc xlink:type="locator" xlink:href="http://info.edinet-fsa.go.jp/jp/fr/gaap/t/cte/2010-03-11/jpfr-t-cte-2010-03-11.xsd#jpfr-t-cte_ExtraordinaryLoss" xlink:label="jpfr-t-cte_ExtraordinaryLoss" />
    <link:loc xlink:type="locator" xlink:href="http://info.edinet-fsa.go.jp/jp/fr/gaap/t/cte/2010-03-11/jpfr-t-cte-2010-03-11.xsd#jpfr-t-cte_NonOperatingExpenses" xlink:label="jpfr-t-cte_NonOperatingExpenses" />
    <link:loc xlink:type="locator" xlink:href="http://info.edinet-fsa.go.jp/jp/fr/gaap/t/cte/2010-03-11/jpfr-t-cte-2010-03-11.xsd#jpfr-t-cte_LossOnValuationOfInvestmentSecuritiesEL" xlink:label="jpfr-t-cte_LossOnValuationOfInvestmentSecuritiesEL" />
    <link:loc xlink:type="locator" xlink:href="http://info.edinet-fsa.go.jp/jp/fr/gaap/t/cte/2010-03-11/jpfr-t-cte-2010-03-11.xsd#jpfr-t-cte_AmortizationOfStockIssuanceCostNOE" xlink:label="jpfr-t-cte_AmortizationOfStockIssuanceCostNOE" />
    <link:loc xlink:type="locator" xlink:href="http://info.edinet-fsa.go.jp/jp/fr/gaap/t/cte/2010-03-11/jpfr-t-cte-2010-03-11.xsd#jpfr-t-cte_ForeignExchangeGainsNOI" xlink:label="jpfr-t-cte_ForeignExchangeGainsNOI" />
    <link:loc xlink:type="locator" xlink:href="http://info.edinet-fsa.go.jp/jp/fr/gaap/t/cte/2010-03-11/jpfr-t-cte-2010-03-11.xsd#jpfr-t-cte_SellingGeneralAndAdministrativeExpenses" xlink:label="jpfr-t-cte_SellingGeneralAndAdministrativeExpenses" />
    <link:loc xlink:type="locator" xlink:href="http://info.edinet-fsa.go.jp/jp/fr/gaap/t/cte/2010-03-11/jpfr-t-cte-2010-03-11.xsd#jpfr-t-cte_NonOperatingIncome" xlink:label="jpfr-t-cte_NonOperatingIncome" />
    <link:loc xlink:type="locator" xlink:href="http://info.edinet-fsa.go.jp/jp/fr/gaap/t/cte/2010-03-11/jpfr-t-cte-2010-03-11.xsd#jpfr-t-cte_ExtraordinaryIncome" xlink:label="jpfr-t-cte_ExtraordinaryIncome" />
    <link:loc xlink:type="locator" xlink:href="jpfr-asr-E02778-000-2010-03-31-01-2010-06-25.xsd#jpfr-asr-E02778-000_DividendsFromSubsidiariesAndAffiliatesNOI" xlink:label="jpfr-asr-E02778-000_DividendsFromSubsidiariesAndAffiliatesNOI" />
    <link:loc xlink:type="locator" xlink:href="http://info.edinet-fsa.go.jp/jp/fr/gaap/t/cte/2010-03-11/jpfr-t-cte-2010-03-11.xsd#jpfr-t-cte_OtherNOE" xlink:label="jpfr-t-cte_OtherNOE" />
    <link:loc xlink:type="locator" xlink:href="http://info.edinet-fsa.go.jp/jp/fr/gaap/t/cte/2010-03-11/jpfr-t-cte-2010-03-11.xsd#jpfr-t-cte_CostOfSales" xlink:label="jpfr-t-cte_CostOfSales" />
    <link:loc xlink:type="locator" xlink:href="http://info.edinet-fsa.go.jp/jp/fr/gaap/t/cte/2010-03-11/jpfr-t-cte-2010-03-11.xsd#jpfr-t-cte_OtherEI" xlink:label="jpfr-t-cte_OtherEI" />
    <link:loc xlink:type="locator" xlink:href="http://info.edinet-fsa.go.jp/jp/fr/gaap/t/cte/2010-03-11/jpfr-t-cte-2010-03-11.xsd#jpfr-t-cte_NetSales" xlink:label="jpfr-t-cte_NetSales" />
    <link:loc xlink:type="locator" xlink:href="http://info.edinet-fsa.go.jp/jp/fr/gaap/t/cte/2010-03-11/jpfr-t-cte-2010-03-11.xsd#jpfr-t-cte_OtherEL" xlink:label="jpfr-t-cte_OtherEL" />
    <link:loc xlink:type="locator" xlink:href="http://info.edinet-fsa.go.jp/jp/fr/gaap/t/cte/2010-03-11/jpfr-t-cte-2010-03-11.xsd#jpfr-t-cte_LossOnSalesAndRetirementOfNoncurrentAssetsEL" xlink:label="jpfr-t-cte_LossOnSalesAndRetirementOfNoncurrentAssetsEL" />
    <link:loc xlink:type="locator" xlink:href="jpfr-asr-E02778-000-2010-03-31-01-2010-06-25.xsd#jpfr-asr-E02778-000_InterestExpensesFromSubsidiariesAndAffiliatesNOE" xlink:label="jpfr-asr-E02778-000_InterestExpensesFromSubsidiariesAndAffiliatesNOE" />
    <link:loc xlink:type="locator" xlink:href="http://info.edinet-fsa.go.jp/jp/fr/gaap/t/cte/2010-03-11/jpfr-t-cte-2010-03-11.xsd#jpfr-t-cte_LossOnSalesOfStocksOfSubsidiariesAndAffiliatesEL" xlink:label="jpfr-t-cte_LossOnSalesOfStocksOfSubsidiariesAndAffiliatesEL" />
    <link:loc xlink:type="locator" xlink:href="http://info.edinet-fsa.go.jp/jp/fr/gaap/t/cte/2010-03-11/jpfr-t-cte-2010-03-11.xsd#jpfr-t-cte_GainOnSalesOfSubsidiariesAndAffiliatesStocksEI" xlink:label="jpfr-t-cte_GainOnSalesOfSubsidiariesAndAffiliatesStocksEI" />
    <link:loc xlink:type="locator" xlink:href="jpfr-asr-E02778-000-2010-03-31-01-2010-06-25.xsd#jpfr-asr-E02778-000_InterestOnLoansToSubsidiariesSonAffiliatesNOI" xlink:label="jpfr-asr-E02778-000_InterestOnLoansToSubsidiariesSonAffiliatesNOI" />
    <link:loc xlink:type="locator" xlink:href="http://info.edinet-fsa.go.jp/jp/fr/gaap/t/cte/2010-03-11/jpfr-t-cte-2010-03-11.xsd#jpfr-t-cte_GrossProfit" xlink:label="jpfr-t-cte_GrossProfit" />
    <link:loc xlink:type="locator" xlink:href="http://info.edinet-fsa.go.jp/jp/fr/gaap/t/cte/2010-03-11/jpfr-t-cte-2010-03-11.xsd#jpfr-t-cte_LossOnValuationOfStocksOfSubsidiariesAndAffiliatesEL" xlink:label="jpfr-t-cte_LossOnValuationOfStocksOfSubsidiariesAndAffiliatesEL" />
    <link:loc xlink:type="locator" xlink:href="http://info.edinet-fsa.go.jp/jp/fr/gaap/t/cte/2010-03-11/jpfr-t-cte-2010-03-11.xsd#jpfr-t-cte_OtherNOI" xlink:label="jpfr-t-cte_OtherNOI" />
    <link:calculationArc xlink:type="arc" xlink:from="jpfr-t-cte_ExtraordinaryLoss" xlink:to="jpfr-t-cte_LossOnValuationOfInvestmentSecuritiesEL" xlink:arcrole="http://www.xbrl.org/2003/arcrole/summation-item" order="0.875" weight="1" />
    <link:calculationArc xlink:type="arc" xlink:from="jpfr-t-cte_GrossProfit" xlink:to="jpfr-t-cte_NetSales" xlink:arcrole="http://www.xbrl.org/2003/arcrole/summation-item" order="1" weight="1" />
    <link:calculationArc xlink:type="arc" xlink:from="jpfr-t-cte_NonOperatingIncome" xlink:to="jpfr-asr-E02778-000_InterestOnLoansToSubsidiariesSonAffiliatesNOI" xlink:arcrole="http://www.xbrl.org/2003/arcrole/summation-item" order="1.5" weight="1" />
    <link:calculationArc xlink:type="arc" xlink:from="jpfr-t-cte_NonOperatingExpenses" xlink:to="jpfr-t-cte_AmortizationOfStockIssuanceCostNOE" xlink:arcrole="http://www.xbrl.org/2003/arcrole/summation-item" order="2.5" weight="1" />
    <link:calculationArc xlink:type="arc" xlink:from="jpfr-t-cte_ExtraordinaryIncome" xlink:to="jpfr-t-cte_GainOnSalesOfSubsidiariesAndAffiliatesStocksEI" xlink:arcrole="http://www.xbrl.org/2003/arcrole/summation-item" order="0.5" weight="1" />
    <link:calculationArc xlink:type="arc" xlink:from="jpfr-t-cte_ExtraordinaryLoss" xlink:to="jpfr-t-cte_LossOnSalesOfStocksOfSubsidiariesAndAffiliatesEL" xlink:arcrole="http://www.xbrl.org/2003/arcrole/summation-item" order="0.75" weight="1" />
    <link:calculationArc xlink:type="arc" xlink:from="jpfr-t-cte_NonOperatingIncome" xlink:to="jpfr-asr-E02778-000_DividendsFromSubsidiariesAndAffiliatesNOI" xlink:arcrole="http://www.xbrl.org/2003/arcrole/summation-item" order="3.5" weight="1" />
    <link:calculationArc xlink:type="arc" xlink:from="jpfr-t-cte_NonOperatingIncome" xlink:to="jpfr-t-cte_OtherNOI" xlink:arcrole="http://www.xbrl.org/2003/arcrole/summation-item" order="3.875" weight="1" />
    <link:calculationArc xlink:type="arc" xlink:from="jpfr-t-cte_ExtraordinaryLoss" xlink:to="jpfr-t-cte_OtherEL" xlink:arcrole="http://www.xbrl.org/2003/arcrole/summation-item" order="0.96875" weight="1" />
    <link:calculationArc xlink:type="arc" xlink:from="jpfr-t-cte_OperatingIncome" xlink:to="jpfr-t-cte_SellingGeneralAndAdministrativeExpenses" xlink:arcrole="http://www.xbrl.org/2003/arcrole/summation-item" order="2" weight="-1" />
    <link:calculationArc xlink:type="arc" xlink:from="jpfr-t-cte_ExtraordinaryLoss" xlink:to="jpfr-t-cte_LossOnValuationOfStocksOfSubsidiariesAndAffiliatesEL" xlink:arcrole="http://www.xbrl.org/2003/arcrole/summation-item" order="0.9375" weight="1" />
    <link:calculationArc xlink:type="arc" xlink:from="jpfr-t-cte_GrossProfit" xlink:to="jpfr-t-cte_CostOfSales" xlink:arcrole="http://www.xbrl.org/2003/arcrole/summation-item" order="2" weight="-1" />
    <link:calculationArc xlink:type="arc" xlink:from="jpfr-t-cte_NonOperatingIncome" xlink:to="jpfr-t-cte_ForeignExchangeGainsNOI" xlink:arcrole="http://www.xbrl.org/2003/arcrole/summation-item" order="3.75" weight="1" />
    <link:calculationArc xlink:type="arc" xlink:from="jpfr-t-cte_NonOperatingExpenses" xlink:to="jpfr-t-cte_OtherNOE" xlink:arcrole="http://www.xbrl.org/2003/arcrole/summation-item" order="3.5" weight="1" />
    <link:calculationArc xlink:type="arc" xlink:from="jpfr-t-cte_ExtraordinaryLoss" xlink:to="jpfr-t-cte_LossOnSalesAndRetirementOfNoncurrentAssetsEL" xlink:arcrole="http://www.xbrl.org/2003/arcrole/summation-item" order="0.5" weight="1" />
    <link:calculationArc xlink:type="arc" xlink:from="jpfr-t-cte_NonOperatingExpenses" xlink:to="jpfr-asr-E02778-000_InterestExpensesFromSubsidiariesAndAffiliatesNOE" xlink:arcrole="http://www.xbrl.org/2003/arcrole/summation-item" order="1.5" weight="1" />
    <link:calculationArc xlink:type="arc" xlink:from="jpfr-t-cte_ExtraordinaryIncome" xlink:to="jpfr-t-cte_OtherEI" xlink:arcrole="http://www.xbrl.org/2003/arcrole/summation-item" order="0.75" weight="1" />
  </link:calculationLink>
  <link:calculationLink xlink:type="extended" xlink:role="http://info.edinet-fsa.go.jp/jp/fr/gaap/role/NonConsolidatedBalanceSheets">
    <link:loc xlink:type="locator" xlink:href="http://info.edinet-fsa.go.jp/jp/fr/gaap/t/cte/2010-03-11/jpfr-t-cte-2010-03-11.xsd#jpfr-t-cte_ShortTermLoansReceivable" xlink:label="jpfr-t-cte_ShortTermLoansReceivable" />
    <link:loc xlink:type="locator" xlink:href="http://info.edinet-fsa.go.jp/jp/fr/gaap/t/cte/2010-03-11/jpfr-t-cte-2010-03-11.xsd#jpfr-t-cte_InvestmentsAndOtherAssets" xlink:label="jpfr-t-cte_InvestmentsAndOtherAssets" />
    <link:loc xlink:type="locator" xlink:href="http://info.edinet-fsa.go.jp/jp/fr/gaap/t/cte/2010-03-11/jpfr-t-cte-2010-03-11.xsd#jpfr-t-cte_LongTermLoansReceivableFromSubsidiariesAndAffiliates" xlink:label="jpfr-t-cte_LongTermLoansReceivableFromSubsidiariesAndAffiliates" />
    <link:loc xlink:type="locator" xlink:href="http://info.edinet-fsa.go.jp/jp/fr/gaap/t/cte/2010-03-11/jpfr-t-cte-2010-03-11.xsd#jpfr-t-cte_BondsWithSubscriptionRightsToSharesNCL" xlink:label="jpfr-t-cte_BondsWithSubscriptionRightsToSharesNCL" />
    <link:loc xlink:type="locator" xlink:href="http://info.edinet-fsa.go.jp/jp/fr/gaap/t/cte/2010-03-11/jpfr-t-cte-2010-03-11.xsd#jpfr-t-cte_OtherPPE" xlink:label="jpfr-t-cte_OtherPPE" />
    <link:loc xlink:type="locator" xlink:href="http://info.edinet-fsa.go.jp/jp/fr/gaap/t/cte/2010-03-11/jpfr-t-cte-2010-03-11.xsd#jpfr-t-cte_CurrentPortionOfLongTermLoansPayable" xlink:label="jpfr-t-cte_CurrentPortionOfLongTermLoansPayable" />
    <link:loc xlink:type="locator" xlink:href="http://info.edinet-fsa.go.jp/jp/fr/gaap/t/cte/2010-03-11/jpfr-t-cte-2010-03-11.xsd#jpfr-t-cte_LongTermLoansReceivable" xlink:label="jpfr-t-cte_LongTermLoansReceivable" />
    <link:loc xlink:type="locator" xlink:href="http://info.edinet-fsa.go.jp/jp/fr/gaap/t/cte/2010-03-11/jpfr-t-cte-2010-03-11.xsd#jpfr-t-cte_AccumulatedDepreciationAssetsForRent" xlink:label="jpfr-t-cte_AccumulatedDepreciationAssetsForRent" />
    <link:loc xlink:type="locator" xlink:href="http://info.edinet-fsa.go.jp/jp/fr/gaap/t/cte/2010-03-11/jpfr-t-cte-2010-03-11.xsd#jpfr-t-cte_ToolsFurnitureAndFixtures" xlink:label="jpfr-t-cte_ToolsFurnitureAndFixtures" />
    <link:loc xlink:type="locator" xlink:href="http://info.edinet-fsa.go.jp/jp/fr/gaap/t/cte/2010-03-11/jpfr-t-cte-2010-03-11.xsd#jpfr-t-cte_AccountsReceivableTrade" xlink:label="jpfr-t-cte_AccountsReceivableTrade" />
    <link:loc xlink:type="locator" xlink:href="http://info.edinet-fsa.go.jp/jp/fr/gaap/t/cte/2010-03-11/jpfr-t-cte-2010-03-11.xsd#jpfr-t-cte_PropertyPlantAndEquipment" xlink:label="jpfr-t-cte_PropertyPlantAndEquipment" />
    <link:loc xlink:type="locator" xlink:href="http://info.edinet-fsa.go.jp/jp/fr/gaap/t/cte/2010-03-11/jpfr-t-cte-2010-03-11.xsd#jpfr-t-cte_CurrentPortionOfBonds" xlink:label="jpfr-t-cte_CurrentPortionOfBonds" />
    <link:loc xlink:type="locator" xlink:href="http://info.edinet-fsa.go.jp/jp/fr/gaap/t/cte/2010-03-11/jpfr-t-cte-2010-03-11.xsd#jpfr-t-cte_OtherNetPPE" xlink:label="jpfr-t-cte_OtherNetPPE" />
    <link:loc xlink:type="locator" xlink:href="http://info.edinet-fsa.go.jp/jp/fr/gaap/t/cte/2010-03-11/jpfr-t-cte-2010-03-11.xsd#jpfr-t-cte_NoncurrentLiabilities" xlink:label="jpfr-t-cte_NoncurrentLiabilities" />
    <link:loc xlink:type="locator" xlink:href="http://info.edinet-fsa.go.jp/jp/fr/gaap/t/cte/2010-03-11/jpfr-t-cte-2010-03-11.xsd#jpfr-t-cte_CurrentAssets" xlink:label="jpfr-t-cte_CurrentAssets" />
    <link:loc xlink:type="locator" xlink:href="http://info.edinet-fsa.go.jp/jp/fr/gaap/t/cte/2010-03-11/jpfr-t-cte-2010-03-11.xsd#jpfr-t-cte_Buildings" xlink:label="jpfr-t-cte_Buildings" />
    <link:loc xlink:type="locator" xlink:href="http://info.edinet-fsa.go.jp/jp/fr/gaap/t/cte/2010-03-11/jpfr-t-cte-2010-03-11.xsd#jpfr-t-cte_AssetsForRent" xlink:label="jpfr-t-cte_AssetsForRent" />
    <link:loc xlink:type="locator" xlink:href="http://info.edinet-fsa.go.jp/jp/fr/gaap/t/cte/2010-03-11/jpfr-t-cte-2010-03-11.xsd#jpfr-t-cte_AccumulatedDepreciationOtherPPE" xlink:label="jpfr-t-cte_AccumulatedDepreciationOtherPPE" />
    <link:loc xlink:type="locator" xlink:href="http://info.edinet-fsa.go.jp/jp/fr/gaap/t/cte/2010-03-11/jpfr-t-cte-2010-03-11.xsd#jpfr-t-cte_CurrentLiabilities" xlink:label="jpfr-t-cte_CurrentLiabilities" />
    <link:loc xlink:type="locator" xlink:href="http://info.edinet-fsa.go.jp/jp/fr/gaap/t/cte/2010-03-11/jpfr-t-cte-2010-03-11.xsd#jpfr-t-cte_AccumulatedDepreciationBuildings" xlink:label="jpfr-t-cte_AccumulatedDepreciationBuildings" />
    <link:loc xlink:type="locator" xlink:href="http://info.edinet-fsa.go.jp/jp/fr/gaap/t/cte/2010-03-11/jpfr-t-cte-2010-03-11.xsd#jpfr-t-cte_ToolsFurnitureAndFixturesNet" xlink:label="jpfr-t-cte_ToolsFurnitureAndFixturesNet" />
    <link:loc xlink:type="locator" xlink:href="http://info.edinet-fsa.go.jp/jp/fr/gaap/t/cte/2010-03-11/jpfr-t-cte-2010-03-11.xsd#jpfr-t-cte_LongTermAccountsReceivableOther" xlink:label="jpfr-t-cte_LongTermAccountsReceivableOther" />
    <link:loc xlink:type="locator" xlink:href="http://info.edinet-fsa.go.jp/jp/fr/gaap/t/cte/2010-03-11/jpfr-t-cte-2010-03-11.xsd#jpfr-t-cte_BuildingsNet" xlink:label="jpfr-t-cte_BuildingsNet" />
    <link:loc xlink:type="locator" xlink:href="http://info.edinet-fsa.go.jp/jp/fr/gaap/t/cte/2010-03-11/jpfr-t-cte-2010-03-11.xsd#jpfr-t-cte_AssetsForRentNet" xlink:label="jpfr-t-cte_AssetsForRentNet" />
    <link:loc xlink:type="locator" xlink:href="http://info.edinet-fsa.go.jp/jp/fr/gaap/t/cte/2010-03-11/jpfr-t-cte-2010-03-11.xsd#jpfr-t-cte_AllowanceForDoubtfulAccountsIOAByGroup" xlink:label="jpfr-t-cte_AllowanceForDoubtfulAccountsIOAByGroup" />
    <link:loc xlink:type="locator" xlink:href="http://info.edinet-fsa.go.jp/jp/fr/gaap/t/cte/2010-03-11/jpfr-t-cte-2010-03-11.xsd#jpfr-t-cte_ProvisionForBonuses" xlink:label="jpfr-t-cte_ProvisionForBonuses" />
    <link:loc xlink:type="locator" xlink:href="http://info.edinet-fsa.go.jp/jp/fr/gaap/t/cte/2010-03-11/jpfr-t-cte-2010-03-11.xsd#jpfr-t-cte_AccumulatedDepreciationToolsFurnitureAndFixtures" xlink:label="jpfr-t-cte_AccumulatedDepreciationToolsFurnitureAndFixtures" />
    <link:calculationArc xlink:type="arc" xlink:from="jpfr-t-cte_InvestmentsAndOtherAssets" xlink:to="jpfr-t-cte_LongTermLoansReceivableFromSubsidiariesAndAffiliates" xlink:arcrole="http://www.xbrl.org/2003/arcrole/summation-item" order="4.75" weight="1" />
    <link:calculationArc xlink:type="arc" xlink:from="jpfr-t-cte_NoncurrentLiabilities" xlink:to="jpfr-t-cte_BondsWithSubscriptionRightsToSharesNCL" xlink:arcrole="http://www.xbrl.org/2003/arcrole/summation-item" order="1.5" weight="1" />
    <link:calculationArc xlink:type="arc" xlink:from="jpfr-t-cte_BuildingsNet" xlink:to="jpfr-t-cte_Buildings" xlink:arcrole="http://www.xbrl.org/2003/arcrole/summation-item" order="1" weight="1" />
    <link:calculationArc xlink:type="arc" xlink:from="jpfr-t-cte_InvestmentsAndOtherAssets" xlink:to="jpfr-t-cte_LongTermLoansReceivable" xlink:arcrole="http://www.xbrl.org/2003/arcrole/summation-item" order="4.5" weight="1" />
    <link:calculationArc xlink:type="arc" xlink:from="jpfr-t-cte_AssetsForRentNet" xlink:to="jpfr-t-cte_AssetsForRent" xlink:arcrole="http://www.xbrl.org/2003/arcrole/summation-item" order="1" weight="1" />
    <link:calculationArc xlink:type="arc" xlink:from="jpfr-t-cte_CurrentAssets" xlink:to="jpfr-t-cte_AccountsReceivableTrade" xlink:arcrole="http://www.xbrl.org/2003/arcrole/summation-item" order="7.5" weight="1" />
    <link:calculationArc xlink:type="arc" xlink:from="jpfr-t-cte_PropertyPlantAndEquipment" xlink:to="jpfr-t-cte_OtherNetPPE" xlink:arcrole="http://www.xbrl.org/2003/arcrole/summation-item" order="34" weight="1" />
    <link:calculationArc xlink:type="arc" xlink:from="jpfr-t-cte_CurrentLiabilities" xlink:to="jpfr-t-cte_CurrentPortionOfBonds" xlink:arcrole="http://www.xbrl.org/2003/arcrole/summation-item" order="3.75" weight="1" />
    <link:calculationArc xlink:type="arc" xlink:from="jpfr-t-cte_InvestmentsAndOtherAssets" xlink:to="jpfr-t-cte_LongTermAccountsReceivableOther" xlink:arcrole="http://www.xbrl.org/2003/arcrole/summation-item" order="4.875" weight="1" />
    <link:calculationArc xlink:type="arc" xlink:from="jpfr-t-cte_ToolsFurnitureAndFixturesNet" xlink:to="jpfr-t-cte_ToolsFurnitureAndFixtures" xlink:arcrole="http://www.xbrl.org/2003/arcrole/summation-item" order="1" weight="1" />
    <link:calculationArc xlink:type="arc" xlink:from="jpfr-t-cte_PropertyPlantAndEquipment" xlink:to="jpfr-t-cte_BuildingsNet" xlink:arcrole="http://www.xbrl.org/2003/arcrole/summation-item" order="23.25" weight="1" />
    <link:calculationArc xlink:type="arc" xlink:from="jpfr-t-cte_CurrentAssets" xlink:to="jpfr-t-cte_ShortTermLoansReceivable" xlink:arcrole="http://www.xbrl.org/2003/arcrole/summation-item" order="20.5" weight="1" />
    <link:calculationArc xlink:type="arc" xlink:from="jpfr-t-cte_BuildingsNet" xlink:to="jpfr-t-cte_AccumulatedDepreciationBuildings" xlink:arcrole="http://www.xbrl.org/2003/arcrole/summation-item" order="2" weight="1" />
    <link:calculationArc xlink:type="arc" xlink:from="jpfr-t-cte_ToolsFurnitureAndFixturesNet" xlink:to="jpfr-t-cte_AccumulatedDepreciationToolsFurnitureAndFixtures" xlink:arcrole="http://www.xbrl.org/2003/arcrole/summation-item" order="2" weight="1" />
    <link:calculationArc xlink:type="arc" xlink:from="jpfr-t-cte_CurrentLiabilities" xlink:to="jpfr-t-cte_CurrentPortionOfLongTermLoansPayable" xlink:arcrole="http://www.xbrl.org/2003/arcrole/summation-item" order="3.5" weight="1" />
    <link:calculationArc xlink:type="arc" xlink:from="jpfr-t-cte_CurrentLiabilities" xlink:to="jpfr-t-cte_ProvisionForBonuses" xlink:arcrole="http://www.xbrl.org/2003/arcrole/summation-item" order="11.5" weight="1" />
    <link:calculationArc xlink:type="arc" xlink:from="jpfr-t-cte_OtherNetPPE" xlink:to="jpfr-t-cte_AccumulatedDepreciationOtherPPE" xlink:arcrole="http://www.xbrl.org/2003/arcrole/summation-item" order="2" weight="1" />
    <link:calculationArc xlink:type="arc" xlink:from="jpfr-t-cte_PropertyPlantAndEquipment" xlink:to="jpfr-t-cte_AssetsForRentNet" xlink:arcrole="http://www.xbrl.org/2003/arcrole/summation-item" order="15.5" weight="1" />
    <link:calculationArc xlink:type="arc" xlink:from="jpfr-t-cte_OtherNetPPE" xlink:to="jpfr-t-cte_OtherPPE" xlink:arcrole="http://www.xbrl.org/2003/arcrole/summation-item" order="1" weight="1" />
    <link:calculationArc xlink:type="arc" xlink:from="jpfr-t-cte_AssetsForRentNet" xlink:to="jpfr-t-cte_AccumulatedDepreciationAssetsForRent" xlink:arcrole="http://www.xbrl.org/2003/arcrole/summation-item" order="2" weight="1" />
    <link:calculationArc xlink:type="arc" xlink:from="jpfr-t-cte_PropertyPlantAndEquipment" xlink:to="jpfr-t-cte_ToolsFurnitureAndFixturesNet" xlink:arcrole="http://www.xbrl.org/2003/arcrole/summation-item" order="27.125" weight="1" />
    <link:calculationArc xlink:type="arc" xlink:from="jpfr-t-cte_InvestmentsAndOtherAssets" xlink:to="jpfr-t-cte_AllowanceForDoubtfulAccountsIOAByGroup" xlink:arcrole="http://www.xbrl.org/2003/arcrole/summation-item" order="27" weight="1" />
  </link:calculationLink>
  <link:calculationLink xlink:type="extended" xlink:role="http://info.edinet-fsa.go.jp/jp/fr/gaap/role/ConsolidatedStatementsOfChangesInNetAssets2">
    <link:loc xlink:type="locator" xlink:href="http://info.edinet-fsa.go.jp/jp/fr/gaap/t/cte/2010-03-11/jpfr-t-cte-2010-03-11.xsd#jpfr-t-cte_ChangeOfScopeOfEquityMethodNA" xlink:label="jpfr-t-cte_ChangeOfScopeOfEquityMethodNA" />
    <link:loc xlink:type="locator" xlink:href="jpfr-asr-E02778-000-2010-03-31-01-2010-06-25.xsd#jpfr-asr-E02778-000_IncreaseInAccumulatedDeficitDueToAdoptionOfANewAccountingStandardForAccountingPoliciesAtForeignSubsidiariesNA" xlink:label="jpfr-asr-E02778-000_IncreaseInAccumulatedDeficitDueToAdoptionOfANewAccountingStandardForAccountingPoliciesAtForeignSubsidiariesNA" />
    <link:loc xlink:type="locator" xlink:href="http://info.edinet-fsa.go.jp/jp/fr/gaap/t/cte/2010-03-11/jpfr-t-cte-2010-03-11.xsd#jpfr-t-cte_NetIncomeNA" xlink:label="jpfr-t-cte_NetIncomeNA" />
    <link:loc xlink:type="locator" xlink:href="http://info.edinet-fsa.go.jp/jp/fr/gaap/t/cte/2010-03-11/jpfr-t-cte-2010-03-11.xsd#jpfr-t-cte_ChangeOfScopeOfConsolidationSE" xlink:label="jpfr-t-cte_ChangeOfScopeOfConsolidationSE" />
    <link:loc xlink:type="locator" xlink:href="http://info.edinet-fsa.go.jp/jp/fr/gaap/t/cte/2010-03-11/jpfr-t-cte-2010-03-11.xsd#jpfr-t-cte_ChangeOfScopeOfConsolidationRE" xlink:label="jpfr-t-cte_ChangeOfScopeOfConsolidationRE" />
    <link:loc xlink:type="locator" xlink:href="http://info.edinet-fsa.go.jp/jp/fr/gaap/t/cte/2010-03-11/jpfr-t-cte-2010-03-11.xsd#jpfr-t-cte_ChangeOfScopeOfEquityMethodSE" xlink:label="jpfr-t-cte_ChangeOfScopeOfEquityMethodSE" />
    <link:loc xlink:type="locator" xlink:href="http://info.edinet-fsa.go.jp/jp/fr/gaap/t/cte/2010-03-11/jpfr-t-cte-2010-03-11.xsd#jpfr-t-cte_NetIncome" xlink:label="jpfr-t-cte_NetIncome" />
    <link:loc xlink:type="locator" xlink:href="http://info.edinet-fsa.go.jp/jp/fr/gaap/t/cte/2010-03-11/jpfr-t-cte-2010-03-11.xsd#jpfr-t-cte_PurchaseOfTreasuryStockSE" xlink:label="jpfr-t-cte_PurchaseOfTreasuryStockSE" />
    <link:loc xlink:type="locator" xlink:href="http://info.edinet-fsa.go.jp/jp/fr/gaap/t/cte/2010-03-11/jpfr-t-cte-2010-03-11.xsd#jpfr-t-cte_NetIncomeSE" xlink:label="jpfr-t-cte_NetIncomeSE" />
    <link:loc xlink:type="locator" xlink:href="http://info.edinet-fsa.go.jp/jp/fr/gaap/t/cte/2010-03-11/jpfr-t-cte-2010-03-11.xsd#jpfr-t-cte_PurchaseOfTreasuryStockNA" xlink:label="jpfr-t-cte_PurchaseOfTreasuryStockNA" />
    <link:loc xlink:type="locator" xlink:href="http://info.edinet-fsa.go.jp/jp/fr/gaap/t/cte/2010-03-11/jpfr-t-cte-2010-03-11.xsd#jpfr-t-cte_ChangeOfScopeOfConsolidationNA" xlink:label="jpfr-t-cte_ChangeOfScopeOfConsolidationNA" />
    <link:loc xlink:type="locator" xlink:href="http://info.edinet-fsa.go.jp/jp/fr/gaap/t/cte/2010-03-11/jpfr-t-cte-2010-03-11.xsd#jpfr-t-cte_PurchaseOfTreasuryStockTS" xlink:label="jpfr-t-cte_PurchaseOfTreasuryStockTS" />
    <link:loc xlink:type="locator" xlink:href="jpfr-asr-E02778-000-2010-03-31-01-2010-06-25.xsd#jpfr-asr-E02778-000_IncreaseInAccumulatedDeficitDueToAdoptionOfANewAccountingStandardForAccountingPoliciesAtForeignSubsidiariesRE" xlink:label="jpfr-asr-E02778-000_IncreaseInAccumulatedDeficitDueToAdoptionOfANewAccountingStandardForAccountingPoliciesAtForeignSubsidiariesRE" />
    <link:loc xlink:type="locator" xlink:href="http://info.edinet-fsa.go.jp/jp/fr/gaap/t/cte/2010-03-11/jpfr-t-cte-2010-03-11.xsd#jpfr-t-cte_ChangeOfScopeOfEquityMethodRE" xlink:label="jpfr-t-cte_ChangeOfScopeOfEquityMethodRE" />
    <link:loc xlink:type="locator" xlink:href="jpfr-asr-E02778-000-2010-03-31-01-2010-06-25.xsd#jpfr-asr-E02778-000_IncreaseInAccumulatedDeficitDueToAdoptionOfANewAccountingStandardForAccountingPoliciesAtForeignSubsidiariesSE" xlink:label="jpfr-asr-E02778-000_IncreaseInAccumulatedDeficitDueToAdoptionOfANewAccountingStandardForAccountingPoliciesAtForeignSubsidiariesSE" />
    <link:calculationArc xlink:type="arc" xlink:from="jpfr-t-cte_NetIncomeNA" xlink:to="jpfr-t-cte_NetIncome" xlink:arcrole="http://www.xbrl.org/2003/arcrole/summation-item" order="0.5" weight="1" />
    <link:calculationArc xlink:type="arc" xlink:from="jpfr-t-cte_ChangeOfScopeOfConsolidationSE" xlink:to="jpfr-t-cte_ChangeOfScopeOfConsolidationRE" xlink:arcrole="http://www.xbrl.org/2003/arcrole/summation-item" order="1" weight="1" />
    <link:calculationArc xlink:type="arc" xlink:from="jpfr-t-cte_NetIncomeNA" xlink:to="jpfr-t-cte_NetIncomeSE" xlink:arcrole="http://www.xbrl.org/2003/arcrole/summation-item" use="prohibited" priority="1" order="1" weight="1" />
    <link:calculationArc xlink:type="arc" xlink:from="jpfr-t-cte_ChangeOfScopeOfConsolidationNA" xlink:to="jpfr-t-cte_ChangeOfScopeOfConsolidationSE" xlink:arcrole="http://www.xbrl.org/2003/arcrole/summation-item" order="1" weight="1" />
    <link:calculationArc xlink:type="arc" xlink:from="jpfr-asr-E02778-000_IncreaseInAccumulatedDeficitDueToAdoptionOfANewAccountingStandardForAccountingPoliciesAtForeignSubsidiariesSE" xlink:to="jpfr-asr-E02778-000_IncreaseInAccumulatedDeficitDueToAdoptionOfANewAccountingStandardForAccountingPoliciesAtForeignSubsidiariesRE" xlink:arcrole="http://www.xbrl.org/2003/arcrole/summation-item" order="1" weight="1" />
    <link:calculationArc xlink:type="arc" xlink:from="jpfr-t-cte_NetIncome" xlink:to="jpfr-t-cte_NetIncomeSE" xlink:arcrole="http://www.xbrl.org/2003/arcrole/summation-item" order="1" weight="1" />
    <link:calculationArc xlink:type="arc" xlink:from="jpfr-t-cte_ChangeOfScopeOfEquityMethodNA" xlink:to="jpfr-t-cte_ChangeOfScopeOfEquityMethodSE" xlink:arcrole="http://www.xbrl.org/2003/arcrole/summation-item" order="1" weight="1" />
    <link:calculationArc xlink:type="arc" xlink:from="jpfr-t-cte_NetIncomeSE" xlink:to="jpfr-t-cte_NetIncome" xlink:arcrole="http://www.xbrl.org/2003/arcrole/summation-item" use="prohibited" priority="1" order="1" weight="1" />
    <link:calculationArc xlink:type="arc" xlink:from="jpfr-t-cte_PurchaseOfTreasuryStockSE" xlink:to="jpfr-t-cte_PurchaseOfTreasuryStockTS" xlink:arcrole="http://www.xbrl.org/2003/arcrole/summation-item" order="1" weight="1" />
    <link:calculationArc xlink:type="arc" xlink:from="jpfr-t-cte_ChangeOfScopeOfEquityMethodSE" xlink:to="jpfr-t-cte_ChangeOfScopeOfEquityMethodRE" xlink:arcrole="http://www.xbrl.org/2003/arcrole/summation-item" order="1" weight="1" />
    <link:calculationArc xlink:type="arc" xlink:from="jpfr-t-cte_PurchaseOfTreasuryStockNA" xlink:to="jpfr-t-cte_PurchaseOfTreasuryStockSE" xlink:arcrole="http://www.xbrl.org/2003/arcrole/summation-item" order="1" weight="1" />
    <link:calculationArc xlink:type="arc" xlink:from="jpfr-asr-E02778-000_IncreaseInAccumulatedDeficitDueToAdoptionOfANewAccountingStandardForAccountingPoliciesAtForeignSubsidiariesNA" xlink:to="jpfr-asr-E02778-000_IncreaseInAccumulatedDeficitDueToAdoptionOfANewAccountingStandardForAccountingPoliciesAtForeignSubsidiariesSE" xlink:arcrole="http://www.xbrl.org/2003/arcrole/summation-item" order="1" weight="1" />
  </link:calculationLink>
  <link:calculationLink xlink:type="extended" xlink:role="http://info.edinet-fsa.go.jp/jp/fr/gaap/role/NonConsolidatedStatementsOfChangesInNetAssets">
    <link:loc xlink:type="locator" xlink:href="http://info.edinet-fsa.go.jp/jp/fr/gaap/t/cte/2010-03-11/jpfr-t-cte-2010-03-11.xsd#jpfr-t-cte_PurchaseOfTreasuryStockNA" xlink:label="jpfr-t-cte_PurchaseOfTreasuryStockNA" />
    <link:loc xlink:type="locator" xlink:href="http://info.edinet-fsa.go.jp/jp/fr/gaap/t/cte/2010-03-11/jpfr-t-cte-2010-03-11.xsd#jpfr-t-cte_PurchaseOfTreasuryStockSE" xlink:label="jpfr-t-cte_PurchaseOfTreasuryStockSE" />
    <link:loc xlink:type="locator" xlink:href="http://info.edinet-fsa.go.jp/jp/fr/gaap/t/cte/2010-03-11/jpfr-t-cte-2010-03-11.xsd#jpfr-t-cte_TotalChangesOfItemsDuringThePeriodNA" xlink:label="jpfr-t-cte_TotalChangesOfItemsDuringThePeriodNA" />
    <link:loc xlink:type="locator" xlink:href="http://info.edinet-fsa.go.jp/jp/fr/gaap/t/cte/2010-03-11/jpfr-t-cte-2010-03-11.xsd#jpfr-t-cte_TotalChangesOfItemsDuringThePeriodSE" xlink:label="jpfr-t-cte_TotalChangesOfItemsDuringThePeriodSE" />
    <link:loc xlink:type="locator" xlink:href="http://info.edinet-fsa.go.jp/jp/fr/gaap/t/cte/2010-03-11/jpfr-t-cte-2010-03-11.xsd#jpfr-t-cte_PurchaseOfTreasuryStockTS" xlink:label="jpfr-t-cte_PurchaseOfTreasuryStockTS" />
    <link:loc xlink:type="locator" xlink:href="http://info.edinet-fsa.go.jp/jp/fr/gaap/t/cte/2010-03-11/jpfr-t-cte-2010-03-11.xsd#jpfr-t-cte_TotalChangesOfItemsDuringThePeriodTS" xlink:label="jpfr-t-cte_TotalChangesOfItemsDuringThePeriodTS" />
    <link:calculationArc xlink:type="arc" xlink:from="jpfr-t-cte_TotalChangesOfItemsDuringThePeriodNA" xlink:to="jpfr-t-cte_PurchaseOfTreasuryStockNA" xlink:arcrole="http://www.xbrl.org/2003/arcrole/summation-item" order="3.5" weight="1" />
    <link:calculationArc xlink:type="arc" xlink:from="jpfr-t-cte_TotalChangesOfItemsDuringThePeriodSE" xlink:to="jpfr-t-cte_PurchaseOfTreasuryStockSE" xlink:arcrole="http://www.xbrl.org/2003/arcrole/summation-item" order="3.5" weight="1" />
    <link:calculationArc xlink:type="arc" xlink:from="jpfr-t-cte_TotalChangesOfItemsDuringThePeriodTS" xlink:to="jpfr-t-cte_PurchaseOfTreasuryStockTS" xlink:arcrole="http://www.xbrl.org/2003/arcrole/summation-item" order="0.5" weight="1" />
  </link:calculationLink>
  <link:calculationLink xlink:type="extended" xlink:role="http://info.edinet-fsa.go.jp/jp/fr/gaap/role/NonConsolidatedStatementsOfChangesInNetAssets2">
    <link:loc xlink:type="locator" xlink:href="http://info.edinet-fsa.go.jp/jp/fr/gaap/t/cte/2010-03-11/jpfr-t-cte-2010-03-11.xsd#jpfr-t-cte_PurchaseOfTreasuryStockNA" xlink:label="jpfr-t-cte_PurchaseOfTreasuryStockNA" />
    <link:loc xlink:type="locator" xlink:href="http://info.edinet-fsa.go.jp/jp/fr/gaap/t/cte/2010-03-11/jpfr-t-cte-2010-03-11.xsd#jpfr-t-cte_PurchaseOfTreasuryStockSE" xlink:label="jpfr-t-cte_PurchaseOfTreasuryStockSE" />
    <link:loc xlink:type="locator" xlink:href="http://info.edinet-fsa.go.jp/jp/fr/gaap/t/cte/2010-03-11/jpfr-t-cte-2010-03-11.xsd#jpfr-t-cte_PurchaseOfTreasuryStockTS" xlink:label="jpfr-t-cte_PurchaseOfTreasuryStockTS" />
    <link:calculationArc xlink:type="arc" xlink:from="jpfr-t-cte_PurchaseOfTreasuryStockSE" xlink:to="jpfr-t-cte_PurchaseOfTreasuryStockTS" xlink:arcrole="http://www.xbrl.org/2003/arcrole/summation-item" order="1" weight="1" />
    <link:calculationArc xlink:type="arc" xlink:from="jpfr-t-cte_PurchaseOfTreasuryStockNA" xlink:to="jpfr-t-cte_PurchaseOfTreasuryStockSE" xlink:arcrole="http://www.xbrl.org/2003/arcrole/summation-item" order="1" weight="1" />
  </link:calculationLink>
  <link:calculationLink xlink:type="extended" xlink:role="http://info.edinet-fsa.go.jp/jp/fr/gaap/role/ConsolidatedStatementsOfChangesInNetAssets">
    <link:loc xlink:type="locator" xlink:href="http://info.edinet-fsa.go.jp/jp/fr/gaap/t/cte/2010-03-11/jpfr-t-cte-2010-03-11.xsd#jpfr-t-cte_PurchaseOfTreasuryStockNA" xlink:label="jpfr-t-cte_PurchaseOfTreasuryStockNA" />
    <link:loc xlink:type="locator" xlink:href="http://info.edinet-fsa.go.jp/jp/fr/gaap/t/cte/2010-03-11/jpfr-t-cte-2010-03-11.xsd#jpfr-t-cte_ChangeOfScopeOfEquityMethodRE" xlink:label="jpfr-t-cte_ChangeOfScopeOfEquityMethodRE" />
    <link:loc xlink:type="locator" xlink:href="http://info.edinet-fsa.go.jp/jp/fr/gaap/t/cte/2010-03-11/jpfr-t-cte-2010-03-11.xsd#jpfr-t-cte_TotalChangesOfItemsDuringThePeriodSE" xlink:label="jpfr-t-cte_TotalChangesOfItemsDuringThePeriodSE" />
    <link:loc xlink:type="locator" xlink:href="http://info.edinet-fsa.go.jp/jp/fr/gaap/t/cte/2010-03-11/jpfr-t-cte-2010-03-11.xsd#jpfr-t-cte_ChangeOfScopeOfEquityMethodSE" xlink:label="jpfr-t-cte_ChangeOfScopeOfEquityMethodSE" />
    <link:loc xlink:type="locator" xlink:href="http://info.edinet-fsa.go.jp/jp/fr/gaap/t/cte/2010-03-11/jpfr-t-cte-2010-03-11.xsd#jpfr-t-cte_TotalChangesOfItemsDuringThePeriodTS" xlink:label="jpfr-t-cte_TotalChangesOfItemsDuringThePeriodTS" />
    <link:loc xlink:type="locator" xlink:href="http://info.edinet-fsa.go.jp/jp/fr/gaap/t/cte/2010-03-11/jpfr-t-cte-2010-03-11.xsd#jpfr-t-cte_NetIncome" xlink:label="jpfr-t-cte_NetIncome" />
    <link:loc xlink:type="locator" xlink:href="http://info.edinet-fsa.go.jp/jp/fr/gaap/t/cte/2010-03-11/jpfr-t-cte-2010-03-11.xsd#jpfr-t-cte_PurchaseOfTreasuryStockSE" xlink:label="jpfr-t-cte_PurchaseOfTreasuryStockSE" />
    <link:loc xlink:type="locator" xlink:href="http://info.edinet-fsa.go.jp/jp/fr/gaap/t/cte/2010-03-11/jpfr-t-cte-2010-03-11.xsd#jpfr-t-cte_NetIncomeSE" xlink:label="jpfr-t-cte_NetIncomeSE" />
    <link:loc xlink:type="locator" xlink:href="http://info.edinet-fsa.go.jp/jp/fr/gaap/t/cte/2010-03-11/jpfr-t-cte-2010-03-11.xsd#jpfr-t-cte_ChangeOfScopeOfConsolidationSE" xlink:label="jpfr-t-cte_ChangeOfScopeOfConsolidationSE" />
    <link:loc xlink:type="locator" xlink:href="http://info.edinet-fsa.go.jp/jp/fr/gaap/t/cte/2010-03-11/jpfr-t-cte-2010-03-11.xsd#jpfr-t-cte_TotalChangesOfItemsDuringThePeriodRE" xlink:label="jpfr-t-cte_TotalChangesOfItemsDuringThePeriodRE" />
    <link:loc xlink:type="locator" xlink:href="http://info.edinet-fsa.go.jp/jp/fr/gaap/t/cte/2010-03-11/jpfr-t-cte-2010-03-11.xsd#jpfr-t-cte_ChangeOfScopeOfConsolidationNA" xlink:label="jpfr-t-cte_ChangeOfScopeOfConsolidationNA" />
    <link:loc xlink:type="locator" xlink:href="http://info.edinet-fsa.go.jp/jp/fr/gaap/t/cte/2010-03-11/jpfr-t-cte-2010-03-11.xsd#jpfr-t-cte_PurchaseOfTreasuryStockTS" xlink:label="jpfr-t-cte_PurchaseOfTreasuryStockTS" />
    <link:loc xlink:type="locator" xlink:href="http://info.edinet-fsa.go.jp/jp/fr/gaap/t/cte/2010-03-11/jpfr-t-cte-2010-03-11.xsd#jpfr-t-cte_TotalChangesOfItemsDuringThePeriodNA" xlink:label="jpfr-t-cte_TotalChangesOfItemsDuringThePeriodNA" />
    <link:loc xlink:type="locator" xlink:href="http://info.edinet-fsa.go.jp/jp/fr/gaap/t/cte/2010-03-11/jpfr-t-cte-2010-03-11.xsd#jpfr-t-cte_ChangeOfScopeOfEquityMethodNA" xlink:label="jpfr-t-cte_ChangeOfScopeOfEquityMethodNA" />
    <link:loc xlink:type="locator" xlink:href="http://info.edinet-fsa.go.jp/jp/fr/gaap/t/cte/2010-03-11/jpfr-t-cte-2010-03-11.xsd#jpfr-t-cte_ChangeOfScopeOfConsolidationRE" xlink:label="jpfr-t-cte_ChangeOfScopeOfConsolidationRE" />
    <link:calculationArc xlink:type="arc" xlink:from="jpfr-t-cte_TotalChangesOfItemsDuringThePeriodSE" xlink:to="jpfr-t-cte_PurchaseOfTreasuryStockSE" xlink:arcrole="http://www.xbrl.org/2003/arcrole/summation-item" order="2.9375" weight="1" />
    <link:calculationArc xlink:type="arc" xlink:from="jpfr-t-cte_TotalChangesOfItemsDuringThePeriodSE" xlink:to="jpfr-t-cte_NetIncome" xlink:arcrole="http://www.xbrl.org/2003/arcrole/summation-item" order="2.875" weight="1" />
    <link:calculationArc xlink:type="arc" xlink:from="jpfr-t-cte_TotalChangesOfItemsDuringThePeriodRE" xlink:to="jpfr-t-cte_ChangeOfScopeOfEquityMethodRE" xlink:arcrole="http://www.xbrl.org/2003/arcrole/summation-item" order="1.75" weight="1" />
    <link:calculationArc xlink:type="arc" xlink:from="jpfr-t-cte_TotalChangesOfItemsDuringThePeriodSE" xlink:to="jpfr-t-cte_NetIncomeSE" xlink:arcrole="http://www.xbrl.org/2003/arcrole/summation-item" use="prohibited" priority="1" order="3" weight="1" />
    <link:calculationArc xlink:type="arc" xlink:from="jpfr-t-cte_TotalChangesOfItemsDuringThePeriodTS" xlink:to="jpfr-t-cte_PurchaseOfTreasuryStockTS" xlink:arcrole="http://www.xbrl.org/2003/arcrole/summation-item" order="0.5" weight="1" />
    <link:calculationArc xlink:type="arc" xlink:from="jpfr-t-cte_TotalChangesOfItemsDuringThePeriodNA" xlink:to="jpfr-t-cte_PurchaseOfTreasuryStockNA" xlink:arcrole="http://www.xbrl.org/2003/arcrole/summation-item" order="3.5" weight="1" />
    <link:calculationArc xlink:type="arc" xlink:from="jpfr-t-cte_TotalChangesOfItemsDuringThePeriodRE" xlink:to="jpfr-t-cte_ChangeOfScopeOfConsolidationRE" xlink:arcrole="http://www.xbrl.org/2003/arcrole/summation-item" order="1.5" weight="1" />
    <link:calculationArc xlink:type="arc" xlink:from="jpfr-t-cte_TotalChangesOfItemsDuringThePeriodRE" xlink:to="jpfr-t-cte_NetIncomeSE" xlink:arcrole="http://www.xbrl.org/2003/arcrole/summation-item" order="1.875" weight="1" />
    <link:calculationArc xlink:type="arc" xlink:from="jpfr-t-cte_TotalChangesOfItemsDuringThePeriodSE" xlink:to="jpfr-t-cte_ChangeOfScopeOfEquityMethodSE" xlink:arcrole="http://www.xbrl.org/2003/arcrole/summation-item" order="2.75" weight="1" />
    <link:calculationArc xlink:type="arc" xlink:from="jpfr-t-cte_TotalChangesOfItemsDuringThePeriodSE" xlink:to="jpfr-t-cte_ChangeOfScopeOfConsolidationSE" xlink:arcrole="http://www.xbrl.org/2003/arcrole/summation-item" order="2.5" weight="1" />
    <link:calculationArc xlink:type="arc" xlink:from="jpfr-t-cte_TotalChangesOfItemsDuringThePeriodNA" xlink:to="jpfr-t-cte_ChangeOfScopeOfConsolidationNA" xlink:arcrole="http://www.xbrl.org/2003/arcrole/summation-item" order="2.5" weight="1" />
    <link:calculationArc xlink:type="arc" xlink:from="jpfr-t-cte_TotalChangesOfItemsDuringThePeriodRE" xlink:to="jpfr-t-cte_NetIncome" xlink:arcrole="http://www.xbrl.org/2003/arcrole/summation-item" use="prohibited" priority="1" order="2" weight="1" />
    <link:calculationArc xlink:type="arc" xlink:from="jpfr-t-cte_TotalChangesOfItemsDuringThePeriodNA" xlink:to="jpfr-t-cte_ChangeOfScopeOfEquityMethodNA" xlink:arcrole="http://www.xbrl.org/2003/arcrole/summation-item" order="2.75" weight="1" />
  </link:calculationLink>
  <link:calculationLink xlink:type="extended" xlink:role="http://info.edinet-fsa.go.jp/jp/fr/gaap/role/ConsolidatedStatementsOfCashFlowsIndirect">
    <link:loc xlink:type="locator" xlink:href="jpfr-asr-E02778-000-2010-03-31-01-2010-06-25.xsd#jpfr-asr-E02778-000_ProceedsFromSaleAndLeaseBackOfEquipmentNewlyAcquiredFinCF" xlink:label="jpfr-asr-E02778-000_ProceedsFromSaleAndLeaseBackOfEquipmentNewlyAcquiredFinCF" />
    <link:loc xlink:type="locator" xlink:href="jpfr-asr-E02778-000-2010-03-31-01-2010-06-25.xsd#jpfr-asr-E02778-000_UnrealizedLossGainOnValuationOfInvestmentAndLossGainOnSalesOfInvestmentAtSubsidiariesInTheUSNetOpeCF" xlink:label="jpfr-asr-E02778-000_UnrealizedLossGainOnValuationOfInvestmentAndLossGainOnSalesOfInvestmentAtSubsidiariesInTheUSNetOpeCF" />
    <link:loc xlink:type="locator" xlink:href="http://info.edinet-fsa.go.jp/jp/fr/gaap/t/cte/2010-03-11/jpfr-t-cte-2010-03-11.xsd#jpfr-t-cte_NetCashProvidedByUsedInOperatingActivities" xlink:label="jpfr-t-cte_NetCashProvidedByUsedInOperatingActivities" />
    <link:loc xlink:type="locator" xlink:href="http://info.edinet-fsa.go.jp/jp/fr/gaap/t/cte/2010-03-11/jpfr-t-cte-2010-03-11.xsd#jpfr-t-cte_NetCashProvidedByUsedInInvestmentActivities" xlink:label="jpfr-t-cte_NetCashProvidedByUsedInInvestmentActivities" />
    <link:loc xlink:type="locator" xlink:href="http://info.edinet-fsa.go.jp/jp/fr/gaap/t/cte/2010-03-11/jpfr-t-cte-2010-03-11.xsd#jpfr-t-cte_SubtotalOpeCF" xlink:label="jpfr-t-cte_SubtotalOpeCF" />
    <link:loc xlink:type="locator" xlink:href="http://info.edinet-fsa.go.jp/jp/fr/gaap/t/cte/2010-03-11/jpfr-t-cte-2010-03-11.xsd#jpfr-t-cte_PurchaseOfTreasuryStockOfSubsidiariesInConsolidationFinCF" xlink:label="jpfr-t-cte_PurchaseOfTreasuryStockOfSubsidiariesInConsolidationFinCF" />
    <link:loc xlink:type="locator" xlink:href="http://info.edinet-fsa.go.jp/jp/fr/gaap/t/cte/2010-03-11/jpfr-t-cte-2010-03-11.xsd#jpfr-t-cte_PurchaseOfPropertyPlantAndEquipmentAndIntangibleAssetsInvCF" xlink:label="jpfr-t-cte_PurchaseOfPropertyPlantAndEquipmentAndIntangibleAssetsInvCF" />
    <link:loc xlink:type="locator" xlink:href="http://info.edinet-fsa.go.jp/jp/fr/gaap/t/cte/2010-03-11/jpfr-t-cte-2010-03-11.xsd#jpfr-t-cte_NetCashProvidedByUsedInFinancingActivities" xlink:label="jpfr-t-cte_NetCashProvidedByUsedInFinancingActivities" />
    <link:loc xlink:type="locator" xlink:href="http://info.edinet-fsa.go.jp/jp/fr/gaap/t/cte/2010-03-11/jpfr-t-cte-2010-03-11.xsd#jpfr-t-cte_LossGainOnSalesOfShortTermAndLongTermInvestmentSecuritiesOpeCF" xlink:label="jpfr-t-cte_LossGainOnSalesOfShortTermAndLongTermInvestmentSecuritiesOpeCF" />
    <link:loc xlink:type="locator" xlink:href="http://info.edinet-fsa.go.jp/jp/fr/gaap/t/cte/2010-03-11/jpfr-t-cte-2010-03-11.xsd#jpfr-t-cte_LossGainOnValuationOfInvestmentSecuritiesOpeCF" xlink:label="jpfr-t-cte_LossGainOnValuationOfInvestmentSecuritiesOpeCF" />
    <link:loc xlink:type="locator" xlink:href="http://info.edinet-fsa.go.jp/jp/fr/gaap/t/cte/2010-03-11/jpfr-t-cte-2010-03-11.xsd#jpfr-t-cte_RepaymentsOfLeaseObligationsFinCF" xlink:label="jpfr-t-cte_RepaymentsOfLeaseObligationsFinCF" />
    <link:loc xlink:type="locator" xlink:href="http://info.edinet-fsa.go.jp/jp/fr/gaap/t/cte/2010-03-11/jpfr-t-cte-2010-03-11.xsd#jpfr-t-cte_InterestExpensesPaidOpeCFFinCF" xlink:label="jpfr-t-cte_InterestExpensesPaidOpeCFFinCF" />
    <link:loc xlink:type="locator" xlink:href="http://info.edinet-fsa.go.jp/jp/fr/gaap/t/cte/2010-03-11/jpfr-t-cte-2010-03-11.xsd#jpfr-t-cte_ProceedsFromIssuanceOfStockResultingFromExerciseOfSubscriptionRightsToSharesFinCF" xlink:label="jpfr-t-cte_ProceedsFromIssuanceOfStockResultingFromExerciseOfSubscriptionRightsToSharesFinCF" />
    <link:loc xlink:type="locator" xlink:href="http://info.edinet-fsa.go.jp/jp/fr/gaap/t/cte/2010-03-11/jpfr-t-cte-2010-03-11.xsd#jpfr-t-cte_PurchaseOfShortTermAndLongTermInvestmentSecuritiesInvCF" xlink:label="jpfr-t-cte_PurchaseOfShortTermAndLongTermInvestmentSecuritiesInvCF" />
    <link:loc xlink:type="locator" xlink:href="http://info.edinet-fsa.go.jp/jp/fr/gaap/t/cte/2010-03-11/jpfr-t-cte-2010-03-11.xsd#jpfr-t-cte_ProceedsFromStockIssuanceToMinorityShareholdersFinCF" xlink:label="jpfr-t-cte_ProceedsFromStockIssuanceToMinorityShareholdersFinCF" />
    <link:loc xlink:type="locator" xlink:href="http://info.edinet-fsa.go.jp/jp/fr/gaap/t/cte/2010-03-11/jpfr-t-cte-2010-03-11.xsd#jpfr-t-cte_InterestAndDividendsIncomeReceivedOpeCFInvCF" xlink:label="jpfr-t-cte_InterestAndDividendsIncomeReceivedOpeCFInvCF" />
    <link:loc xlink:type="locator" xlink:href="http://info.edinet-fsa.go.jp/jp/fr/gaap/t/cte/2010-03-11/jpfr-t-cte-2010-03-11.xsd#jpfr-t-cte_ProceedsFromSalesOfShortTermAndLongTermInvestmentSecuritiesInvCF" xlink:label="jpfr-t-cte_ProceedsFromSalesOfShortTermAndLongTermInvestmentSecuritiesInvCF" />
    <link:loc xlink:type="locator" xlink:href="http://info.edinet-fsa.go.jp/jp/fr/gaap/t/cte/2010-03-11/jpfr-t-cte-2010-03-11.xsd#jpfr-t-cte_LossGainOnChangeInEquityOpeCF" xlink:label="jpfr-t-cte_LossGainOnChangeInEquityOpeCF" />
    <link:loc xlink:type="locator" xlink:href="http://info.edinet-fsa.go.jp/jp/fr/gaap/t/cte/2010-03-11/jpfr-t-cte-2010-03-11.xsd#jpfr-t-cte_LossOnRetirementOfNoncurrentAssetsOpeCF" xlink:label="jpfr-t-cte_LossOnRetirementOfNoncurrentAssetsOpeCF" />
    <link:loc xlink:type="locator" xlink:href="http://info.edinet-fsa.go.jp/jp/fr/gaap/t/cte/2010-03-11/jpfr-t-cte-2010-03-11.xsd#jpfr-t-cte_NetIncreaseDecreaseInShortTermLoansPayableFinCF" xlink:label="jpfr-t-cte_NetIncreaseDecreaseInShortTermLoansPayableFinCF" />
    <link:calculationArc xlink:type="arc" xlink:from="jpfr-t-cte_NetCashProvidedByUsedInInvestmentActivities" xlink:to="jpfr-t-cte_PurchaseOfPropertyPlantAndEquipmentAndIntangibleAssetsInvCF" xlink:arcrole="http://www.xbrl.org/2003/arcrole/summation-item" order="0.5" weight="1" />
    <link:calculationArc xlink:type="arc" xlink:from="jpfr-t-cte_SubtotalOpeCF" xlink:to="jpfr-t-cte_LossGainOnChangeInEquityOpeCF" xlink:arcrole="http://www.xbrl.org/2003/arcrole/summation-item" order="4.75" weight="1" />
    <link:calculationArc xlink:type="arc" xlink:from="jpfr-t-cte_SubtotalOpeCF" xlink:to="jpfr-t-cte_LossGainOnValuationOfInvestmentSecuritiesOpeCF" xlink:arcrole="http://www.xbrl.org/2003/arcrole/summation-item" order="4.9375" weight="1" />
    <link:calculationArc xlink:type="arc" xlink:from="jpfr-t-cte_NetCashProvidedByUsedInInvestmentActivities" xlink:to="jpfr-t-cte_PurchaseOfShortTermAndLongTermInvestmentSecuritiesInvCF" xlink:arcrole="http://www.xbrl.org/2003/arcrole/summation-item" order="0.75" weight="1" />
    <link:calculationArc xlink:type="arc" xlink:from="jpfr-t-cte_NetCashProvidedByUsedInInvestmentActivities" xlink:to="jpfr-t-cte_ProceedsFromSalesOfShortTermAndLongTermInvestmentSecuritiesInvCF" xlink:arcrole="http://www.xbrl.org/2003/arcrole/summation-item" order="0.875" weight="1" />
    <link:calculationArc xlink:type="arc" xlink:from="jpfr-t-cte_NetCashProvidedByUsedInFinancingActivities" xlink:to="jpfr-t-cte_NetIncreaseDecreaseInShortTermLoansPayableFinCF" xlink:arcrole="http://www.xbrl.org/2003/arcrole/summation-item" order="0.5" weight="1" />
    <link:calculationArc xlink:type="arc" xlink:from="jpfr-t-cte_NetCashProvidedByUsedInFinancingActivities" xlink:to="jpfr-t-cte_RepaymentsOfLeaseObligationsFinCF" xlink:arcrole="http://www.xbrl.org/2003/arcrole/summation-item" order="11.75" weight="1" />
    <link:calculationArc xlink:type="arc" xlink:from="jpfr-t-cte_NetCashProvidedByUsedInFinancingActivities" xlink:to="jpfr-t-cte_ProceedsFromStockIssuanceToMinorityShareholdersFinCF" xlink:arcrole="http://www.xbrl.org/2003/arcrole/summation-item" order="6.75" weight="1" />
    <link:calculationArc xlink:type="arc" xlink:from="jpfr-t-cte_SubtotalOpeCF" xlink:to="jpfr-asr-E02778-000_UnrealizedLossGainOnValuationOfInvestmentAndLossGainOnSalesOfInvestmentAtSubsidiariesInTheUSNetOpeCF" xlink:arcrole="http://www.xbrl.org/2003/arcrole/summation-item" order="4.875" weight="1" />
    <link:calculationArc xlink:type="arc" xlink:from="jpfr-t-cte_NetCashProvidedByUsedInOperatingActivities" xlink:to="jpfr-t-cte_InterestAndDividendsIncomeReceivedOpeCFInvCF" xlink:arcrole="http://www.xbrl.org/2003/arcrole/summation-item" order="2.5" weight="1" />
    <link:calculationArc xlink:type="arc" xlink:from="jpfr-t-cte_SubtotalOpeCF" xlink:to="jpfr-t-cte_LossGainOnSalesOfShortTermAndLongTermInvestmentSecuritiesOpeCF" xlink:arcrole="http://www.xbrl.org/2003/arcrole/summation-item" order="4.96875" weight="1" />
    <link:calculationArc xlink:type="arc" xlink:from="jpfr-t-cte_NetCashProvidedByUsedInFinancingActivities" xlink:to="jpfr-asr-E02778-000_ProceedsFromSaleAndLeaseBackOfEquipmentNewlyAcquiredFinCF" xlink:arcrole="http://www.xbrl.org/2003/arcrole/summation-item" order="11.5" weight="1" />
    <link:calculationArc xlink:type="arc" xlink:from="jpfr-t-cte_NetCashProvidedByUsedInFinancingActivities" xlink:to="jpfr-t-cte_ProceedsFromIssuanceOfStockResultingFromExerciseOfSubscriptionRightsToSharesFinCF" xlink:arcrole="http://www.xbrl.org/2003/arcrole/summation-item" order="6.5" weight="1" />
    <link:calculationArc xlink:type="arc" xlink:from="jpfr-t-cte_SubtotalOpeCF" xlink:to="jpfr-t-cte_LossOnRetirementOfNoncurrentAssetsOpeCF" xlink:arcrole="http://www.xbrl.org/2003/arcrole/summation-item" order="4.5" weight="1" />
    <link:calculationArc xlink:type="arc" xlink:from="jpfr-t-cte_NetCashProvidedByUsedInOperatingActivities" xlink:to="jpfr-t-cte_InterestExpensesPaidOpeCFFinCF" xlink:arcrole="http://www.xbrl.org/2003/arcrole/summation-item" order="3.25" weight="1" />
    <link:calculationArc xlink:type="arc" xlink:from="jpfr-t-cte_NetCashProvidedByUsedInFinancingActivities" xlink:to="jpfr-t-cte_PurchaseOfTreasuryStockOfSubsidiariesInConsolidationFinCF" xlink:arcrole="http://www.xbrl.org/2003/arcrole/summation-item" order="11" weight="1" />
  </link:calculationLink>
</link:linkbase>