<FinancialStatements>
<InstanceCount>1</InstanceCount>
<InstanceInformation>
<InstanceFileName>jpfr-asr-E02778-000-2012-03-31-01-2012-06-22</InstanceFileName>
<StatementInformation>
<StatementID>ConsolidatedBSConsolidatedFinancialStatements</StatementID>
<FileName>0105010_0339800102406</FileName>
<Language>ja</Language>
<Header>
<HeaderValue>１&#160;【連結財務諸表等】</HeaderValue>
<HeaderValue>（１）【連結財務諸表】</HeaderValue>
<HeaderValue>　①【連結貸借対照表】</HeaderValue>
<HeaderValue />
</Header>
<ColumnName>
<ColumnValue>前連結会計年度</ColumnValue>
<ColumnValue>(2011年３月31日)</ColumnValue>
</ColumnName>
<ColumnName>
<ColumnValue>当連結会計年度</ColumnValue>
<ColumnValue>(2012年３月31日)</ColumnValue>
</ColumnName>
<DecimalScale>(単位：百万円)</DecimalScale>
<SplitMaxSize>40</SplitMaxSize>
<SplitMinSize>30</SplitMinSize>
<SplitDepth>1</SplitDepth>
</StatementInformation>
<StatementInformation>
<StatementID>ConsolidatedPLConsolidatedFinancialStatements</StatementID>
<FileName>0105020_0339800102406</FileName>
<Language>ja</Language>
<Header>
<HeaderValue />
<HeaderValue />
<HeaderValue>②&#160;【連結損益計算書及び連結包括利益計算書】</HeaderValue>
<HeaderValue>&#160;【連結損益計算書】</HeaderValue>
</Header>
<ColumnName>
<ColumnValue>前連結会計年度</ColumnValue>
<ColumnValue>(自&#160;2010年４月１日</ColumnValue>
<ColumnValue>&#160;&#160;至&#160;2011年３月31日)</ColumnValue>
</ColumnName>
<ColumnName>
<ColumnValue>当連結会計年度</ColumnValue>
<ColumnValue>(自&#160;2011年４月１日</ColumnValue>
<ColumnValue>&#160;&#160;至&#160;2012年３月31日)</ColumnValue>
</ColumnName>
<DecimalScale>(単位：百万円)</DecimalScale>
<SplitMaxSize>45</SplitMaxSize>
<SplitMinSize>30</SplitMinSize>
<SplitDepth>1</SplitDepth>
</StatementInformation>
<StatementInformation>
<StatementID>ConsolidatedCIConsolidatedFinancialStatements</StatementID>
<FileName>0105025_0339800102406</FileName>
<Language>ja</Language>
<Header>
<HeaderValue />
<HeaderValue />
<HeaderValue />
<HeaderValue>　&#160;【連結包括利益計算書】</HeaderValue>
<HeaderValue />
<HeaderValue />
</Header>
<ColumnName>
<ColumnValue>前連結会計年度</ColumnValue>
<ColumnValue>(自&#160;2010年４月１日</ColumnValue>
<ColumnValue>&#160;&#160;至&#160;2011年３月31日)</ColumnValue>
</ColumnName>
<ColumnName>
<ColumnValue>当連結会計年度</ColumnValue>
<ColumnValue>(自&#160;2011年４月１日</ColumnValue>
<ColumnValue>&#160;&#160;至&#160;2012年３月31日)</ColumnValue>
</ColumnName>
<DecimalScale>(単位：百万円)</DecimalScale>
<SplitMaxSize>40</SplitMaxSize>
<SplitMinSize>30</SplitMinSize>
<SplitDepth>1</SplitDepth>
</StatementInformation>
<StatementInformation>
<StatementID>ConsolidatedSSConsolidatedFinancialStatements</StatementID>
<FileName>0105040_0339800102406</FileName>
<Language>ja</Language>
<Header>
<HeaderValue />
<HeaderValue />
<HeaderValue>&#160;③【連結株主資本等変動計算書】</HeaderValue>
<HeaderValue />
<HeaderValue />
</Header>
<ColumnName>
<ColumnValue>前連結会計年度</ColumnValue>
<ColumnValue>(自&#160;2010年４月１日</ColumnValue>
<ColumnValue>&#160;&#160;至&#160;2011年３月31日)</ColumnValue>
</ColumnName>
<ColumnName>
<ColumnValue>当連結会計年度</ColumnValue>
<ColumnValue>(自&#160;2011年４月１日</ColumnValue>
<ColumnValue>&#160;&#160;至&#160;2012年３月31日)</ColumnValue>
</ColumnName>
<DecimalScale>(単位：百万円)</DecimalScale>
<SplitMaxSize>45</SplitMaxSize>
<SplitMinSize>36</SplitMinSize>
<SplitDepth>1</SplitDepth>
</StatementInformation>
<StatementInformation>
<StatementID>ConsolidatedCFConsolidatedFinancialStatements</StatementID>
<FileName>0105050_0339800102406</FileName>
<Language>ja</Language>
<Header>
<HeaderValue />
<HeaderValue />
<HeaderValue>　④【連結キャッシュ・フロー計算書】</HeaderValue>
<HeaderValue />
</Header>
<ColumnName>
<ColumnValue>前連結会計年度</ColumnValue>
<ColumnValue>(自&#160;2010年４月１日</ColumnValue>
<ColumnValue>&#160;&#160;至&#160;2011年３月31日)</ColumnValue>
</ColumnName>
<ColumnName>
<ColumnValue>当連結会計年度</ColumnValue>
<ColumnValue>(自&#160;2011年４月１日</ColumnValue>
<ColumnValue>&#160;&#160;至&#160;2012年３月31日)</ColumnValue>
</ColumnName>
<DecimalScale>(単位：百万円)</DecimalScale>
<SplitMaxSize>28</SplitMaxSize>
<SplitMinSize>28</SplitMinSize>
<SplitDepth>1</SplitDepth>
</StatementInformation>
<StatementInformation>
<StatementID>NonconsolidatedBSNonconsolidatedFinancialStatements</StatementID>
<FileName>0105310_0339800102406</FileName>
<Language>ja</Language>
<Header>
<HeaderValue>２【財務諸表等】</HeaderValue>
<HeaderValue>(１)【財務諸表】</HeaderValue>
<HeaderValue>①【貸借対照表】</HeaderValue>
<HeaderValue />
</Header>
<ColumnName>
<ColumnValue>前事業年度</ColumnValue>
<ColumnValue>(2011年３月31日)</ColumnValue>
</ColumnName>
<ColumnName>
<ColumnValue>当事業年度</ColumnValue>
<ColumnValue>(2012年３月31日)</ColumnValue>
</ColumnName>
<DecimalScale>(単位：百万円)</DecimalScale>
<SplitMaxSize>50</SplitMaxSize>
<SplitMinSize>40</SplitMinSize>
<SplitDepth>1</SplitDepth>
</StatementInformation>
<StatementInformation>
<StatementID>NonconsolidatedPLNonconsolidatedFinancialStatements</StatementID>
<FileName>0105320_0339800102406</FileName>
<Language>ja</Language>
<Header>
<HeaderValue>②【損益計算書】</HeaderValue>
<HeaderValue />
<HeaderValue />
<HeaderValue />
</Header>
<ColumnName>
<ColumnValue>前事業年度</ColumnValue>
<ColumnValue>(自&#160;2010年４月１日</ColumnValue>
<ColumnValue>&#160;&#160;至&#160;2011年３月31日)</ColumnValue>
</ColumnName>
<ColumnName>
<ColumnValue>当事業年度</ColumnValue>
<ColumnValue>(自&#160;2011年４月１日</ColumnValue>
<ColumnValue>&#160;&#160;至&#160;2012年３月31日)</ColumnValue>
</ColumnName>
<DecimalScale>(単位：百万円)</DecimalScale>
<SplitMaxSize>50</SplitMaxSize>
<SplitMinSize>50</SplitMinSize>
<SplitDepth>1</SplitDepth>
</StatementInformation>
<StatementInformation>
<StatementID>NonconsolidatedSSNonconsolidatedFinancialStatements</StatementID>
<FileName>0105330_0339800102406</FileName>
<Language>ja</Language>
<Header>
<HeaderValue>③【株主資本等変動計算書】</HeaderValue>
<HeaderValue />
<HeaderValue />
<HeaderValue />
</Header>
<ColumnName>
<ColumnValue>前事業年度</ColumnValue>
<ColumnValue>(自&#160;2010年４月１日</ColumnValue>
<ColumnValue>&#160;&#160;至&#160;2011年３月31日)</ColumnValue>
</ColumnName>
<ColumnName>
<ColumnValue>当事業年度</ColumnValue>
<ColumnValue>(自&#160;2011年４月１日</ColumnValue>
<ColumnValue>&#160;&#160;至&#160;2012年３月31日)</ColumnValue>
</ColumnName>
<DecimalScale>(単位：百万円)</DecimalScale>
<SplitMaxSize>47</SplitMaxSize>
<SplitMinSize>35</SplitMinSize>
<SplitDepth>1</SplitDepth>
</StatementInformation>
</InstanceInformation>
</FinancialStatements>