﻿<?xml version="1.0" encoding="utf-8"?>
<!-- Edited with XiRUTE .NET Library 01-04 -->
<link:linkbase xmlns:xlink="http://www.w3.org/1999/xlink" xmlns:xsi="http://www.w3.org/2001/XMLSchema-instance" xmlns:link="http://www.xbrl.org/2003/linkbase">
  <link:labelLink xlink:type="extended" xlink:role="http://www.xbrl.org/2003/role/link">
    <link:label xml:lang="en" xlink:type="resource" xlink:label="jpfr-asr-E02778-000_IncreaseDueToMergerOfConsolidatedAndNonConsolidatedSubsidiariesSE_label_2" xlink:role="http://www.xbrl.org/2003/role/verboseLabel">Increase due to merger of consolidated and non-consolidated subsidiaries-SE</link:label>
    <link:label xml:lang="en" xlink:type="resource" xlink:label="jpfr-asr-E02778-000_ProceedsFromAdvancedRedemptionOfDebtSecurityInvCF_label_1" xlink:role="http://www.xbrl.org/2003/role/verboseLabel">Proceeds from advanced redemption of debt security-InvCF</link:label>
    <link:label xml:lang="en" xlink:type="resource" xlink:label="jpfr-asr-E02778-000_LossOnSalesPriceAdjustmentsOfInvestmentsInSubsidiariesAndAffiliatesEL_label_1" xlink:role="http://www.xbrl.org/2003/role/label">Loss on sales price adjustments of investments in subsidiaries and affiliates</link:label>
    <link:label xml:lang="en" xlink:type="resource" xlink:label="jpfr-asr-E02778-000_UnrealizedLossGainOnValuationOfInvestmentAndLossGainOnSalesOfInvestmentAtSubsidiariesInTheUSNetEI_label_2" xlink:role="http://www.xbrl.org/2003/role/verboseLabel">Unrealized loss/gain on valuation of  investment and loss/gain on sales of  investment at subsidiaries in the U.S., net-EI</link:label>
    <link:label xml:lang="en" xlink:type="resource" xlink:label="jpfr-asr-E02778-000_DecreaseInRetainedEarningsDueToAdoptionOfPracticalSolutionOnUnificationOfAccountingPoliciesAppliedToAssociatesAccountedForUsingTheEquityMethodSE_label_2" xlink:role="http://www.xbrl.org/2003/role/documentation">Decrease in retained earnings due to adoption of practical solution on unification of accounting policies applied to associates accounted for using the equity method-SE</link:label>
    <link:label xml:lang="en" xlink:type="resource" xlink:label="jpfr-asr-E02778-000_PrepaymentPremiumEL_label" xlink:role="http://www.xbrl.org/2003/role/verboseLabel">Prepayment premium-EL</link:label>
    <link:label xml:lang="en" xlink:type="resource" xlink:label="jpfr-asr-E02778-000_InterestOnLoansReceivableFromSubsidiariesAndAffiliatesNOI_label_2" xlink:role="http://www.xbrl.org/2003/role/label">Interest on loans receivable from subsidiaries and affiliates</link:label>
    <link:label xml:lang="en" xlink:type="resource" xlink:label="jpfr-asr-E02778-000_TelecommunicationsServiceLinesNet_label_2" xlink:role="http://www.xbrl.org/2003/role/label">Telecommunications service lines, net</link:label>
    <link:label xml:lang="en" xlink:type="resource" xlink:label="jpfr-asr-E02778-000_InterestOnLoansReceivableFromSubsidiariesAndAffiliatesNOI_label_1" xlink:role="http://www.xbrl.org/2003/role/documentation">Interest on loans receivable from subsidiaries and affiliates-NOI</link:label>
    <link:label xml:lang="en" xlink:type="resource" xlink:label="jpfr-asr-E02778-000_ProceedsFromSaleAndLeaseBackOfEquipmentNewlyAcquiredFinCF_label" xlink:role="http://www.xbrl.org/2003/role/label">Proceeds from sale and lease back of equipment newly acquired</link:label>
    <link:label xml:lang="en" xlink:type="resource" xlink:label="jpfr-asr-E02778-000_ChangesInAForeignAffiliateSOwnershipInterestInItsSubsidiaryThatDoNotResultInALossOfControlCS_label_2" xlink:role="http://www.xbrl.org/2003/role/documentation">Changes in a foreign affiliate's ownership interest in its subsidiary that do not result in a loss of control-CS</link:label>
    <link:label xml:lang="en" xlink:type="resource" xlink:label="jpfr-asr-E02778-000_IncreaseDueToMergerOfConsolidatedAndNonConsolidatedSubsidiariesRE_label_2" xlink:role="http://www.xbrl.org/2003/role/verboseLabel">Increase due to merger of consolidated and non-consolidated subsidiaries-RE</link:label>
    <link:label xml:lang="en" xlink:type="resource" xlink:label="jpfr-asr-E02778-000_DecreaseInCashAndCashEquivalentsResultingFromCorporate_label" xlink:role="http://www.xbrl.org/2003/role/verboseLabel">Decrease in cash and cash equivalents resulting from corporate</link:label>
    <link:label xml:lang="en" xlink:type="resource" xlink:label="jpfr-asr-E02778-000_IncreaseDueToMergerOfConsolidatedAndNonConsolidatedSubsidiariesNA_label_1" xlink:role="http://www.xbrl.org/2003/role/label">Increase due to merger of consolidated and non-consolidated subsidiaries</link:label>
    <link:label xml:lang="en" xlink:type="resource" xlink:label="jpfr-asr-E02778-000_LumpSumRecognitionOfUnrecordedInterestOnLoanToSubsidiariesAndAffiliatesEI_label" xlink:role="http://www.xbrl.org/2003/role/verboseLabel">Lump sum recognition of unrecorded interest on loan to subsidiaries and affiliates-EI</link:label>
    <link:label xml:lang="en" xlink:type="resource" xlink:label="jpfr-asr-E02778-000_UnrealizedLossGainOnValuationOfInvestmentAndLossGainOnSalesOfInvestmentAtSubsidiariesInTheUSNetEI_label" xlink:role="http://www.xbrl.org/2003/role/label">Unrealized loss/gain on valuation of  investment and loss/gain on sales of  investment at subsidiaries in the U.S., net</link:label>
    <link:label xml:lang="en" xlink:type="resource" xlink:label="jpfr-asr-E02778-000_UnrealizedLossGainOnValuationOfInvestmentAndLossGainOnSalesOfInvestmentAtSubsidiariesInTheUSNetEI_label_1" xlink:role="http://www.xbrl.org/2003/role/documentation">Unrealized loss/gain on valuation of  investment and loss/gain on sales of  investment at subsidiaries in the U.S., net-EI</link:label>
    <link:label xml:lang="en" xlink:type="resource" xlink:label="jpfr-asr-E02778-000_DecreaseInRetainedEarningsDueToAdoptionOfPracticalSolutionOnUnificationOfAccountingPoliciesAppliedToAssociatesAccountedForUsingTheEquityMethodRE_label" xlink:role="http://www.xbrl.org/2003/role/documentation">Decrease in retained earnings due to adoption of practical solution on unification of accounting policies applied to associates accounted for using the equity method-RE</link:label>
    <link:label xml:lang="en" xlink:type="resource" xlink:label="jpfr-asr-E02778-000_IncreaseDueToMergerOfConsolidatedAndNonConsolidatedSubsidiariesRE_label" xlink:role="http://www.xbrl.org/2003/role/documentation">Increase due to merger of consolidated and non-consolidated subsidiaries-RE</link:label>
    <link:label xml:lang="en" xlink:type="resource" xlink:label="jpfr-asr-E02778-000_InterestExpenseToSubsidiariesAndAffiliatesNOE_label_1" xlink:role="http://www.xbrl.org/2003/role/verboseLabel">Interest expense to subsidiaries and affiliates-NOE</link:label>
    <link:label xml:lang="en" xlink:type="resource" xlink:label="jpfr-asr-E02778-000_TelecommunicationsServiceLinesNet_label_1" xlink:role="http://www.xbrl.org/2003/role/documentation">Telecommunications service lines, net</link:label>
    <link:label xml:lang="en" xlink:type="resource" xlink:label="jpfr-asr-E02778-000_DividendsFromSubsidiariesAndAffiliatesNOI_label" xlink:role="http://www.xbrl.org/2003/role/verboseLabel">Dividends from subsidiaries and affiliates-NOI</link:label>
    <link:label xml:lang="en" xlink:type="resource" xlink:label="jpfr-asr-E02778-000_TelecommunicationsServiceLinesNet_label" xlink:role="http://www.xbrl.org/2003/role/verboseLabel">Telecommunications service lines, net</link:label>
    <link:label xml:lang="en" xlink:type="resource" xlink:label="jpfr-asr-E02778-000_LossOnSalesPriceAdjustmentsOfInvestmentsInSubsidiariesAndAffiliatesEL_label" xlink:role="http://www.xbrl.org/2003/role/documentation">Loss on sales price adjustments of investments in subsidiaries and affiliates-EL</link:label>
    <link:label xml:lang="en" xlink:type="resource" xlink:label="jpfr-asr-E02778-000_IncreaseDueToMergerOfConsolidatedAndNonConsolidatedSubsidiariesSE_label_1" xlink:role="http://www.xbrl.org/2003/role/label">Increase due to merger of consolidated and non-consolidated subsidiaries</link:label>
    <link:label xml:lang="en" xlink:type="resource" xlink:label="jpfr-asr-E02778-000_DecreaseInRetainedEarningsDueToAdoptionOfPracticalSolutionOnUnificationOfAccountingPoliciesAppliedToAssociatesAccountedForUsingTheEquityMethodRE_label_2" xlink:role="http://www.xbrl.org/2003/role/verboseLabel">Decrease in retained earnings due to adoption of practical solution on unification of accounting policies applied to associates accounted for using the equity method-RE</link:label>
    <link:label xml:lang="en" xlink:type="resource" xlink:label="jpfr-asr-E02778-000_PaymentsForAcquisitionOfMinorityInterestsAndLongTemDebtFinCF_label" xlink:role="http://www.xbrl.org/2003/role/label">Payments for acquisition of minority interests and long-tem debt</link:label>
    <link:label xml:lang="en" xlink:type="resource" xlink:label="jpfr-asr-E02778-000_ProceedsFromAdvancedRedemptionOfDebtSecurityInvCF_label" xlink:role="http://www.xbrl.org/2003/role/documentation">Proceeds from advanced redemption of debt security-InvCF</link:label>
    <link:label xml:lang="en" xlink:type="resource" xlink:label="jpfr-asr-E02778-000_UnrealizedLossGainOnValuationOfInvestmentAndLossGainOnSalesOfInvestmentAtSubsidiariesInTheUSNetOpeCF_label_2" xlink:role="http://www.xbrl.org/2003/role/verboseLabel">Unrealized loss (gain) on valuation of  investment and loss (gain) on sales of  investment at subsidiaries in the U.S., net-OpeCF</link:label>
    <link:label xml:lang="en" xlink:type="resource" xlink:label="jpfr-asr-E02778-000_RefinancingRelatedExpenseNOE_label_1" xlink:role="http://www.xbrl.org/2003/role/label">Refinancing related expense</link:label>
    <link:label xml:lang="en" xlink:type="resource" xlink:label="jpfr-asr-E02778-000_DecreaseInCashAndCashEquivalentsResultingFromCorporate_label_1" xlink:role="http://www.xbrl.org/2003/role/label">Decrease in cash and cash equivalents resulting from corporate</link:label>
    <link:label xml:lang="en" xlink:type="resource" xlink:label="jpfr-asr-E02778-000_PaymentsForAdditionalEntrustmentForDebtAssumptionFinCF_label_1" xlink:role="http://www.xbrl.org/2003/role/verboseLabel">Payments for additional entrustment for debt assumption-FinCF</link:label>
    <link:label xml:lang="en" xlink:type="resource" xlink:label="jpfr-asr-E02778-000_DecreaseInRetainedEarningsDueToAdoptionOfPracticalSolutionOnUnificationOfAccountingPoliciesAppliedToAssociatesAccountedForUsingTheEquityMethodSE_label_1" xlink:role="http://www.xbrl.org/2003/role/label">Decrease in retained earnings due to adoption of practical solution on unification of accounting policies applied to associates accounted for using the equity method</link:label>
    <link:label xml:lang="en" xlink:type="resource" xlink:label="jpfr-asr-E02778-000_LumpSumRecognitionOfUnrecordedInterestOnLoanToSubsidiariesAndAffiliatesEI_label_2" xlink:role="http://www.xbrl.org/2003/role/label">Lump sum recognition of unrecorded interest on loan to subsidiaries and affiliates</link:label>
    <link:label xml:lang="en" xlink:type="resource" xlink:label="jpfr-asr-E02778-000_TelecommunicationsEquipmentNet_label_2" xlink:role="http://www.xbrl.org/2003/role/label">Telecommunications equipment, net</link:label>
    <link:label xml:lang="en" xlink:type="resource" xlink:label="jpfr-asr-E02778-000_LossOnInvestmentInPartnershipsNOE_label" xlink:role="http://www.xbrl.org/2003/role/label">Loss on investment in partnerships</link:label>
    <link:label xml:lang="en" xlink:type="resource" xlink:label="jpfr-asr-E02778-000_IncreaseDueToMergerOfConsolidatedAndNonConsolidatedSubsidiariesSE_label" xlink:role="http://www.xbrl.org/2003/role/documentation">Increase due to merger of consolidated and non-consolidated subsidiaries-SE</link:label>
    <link:label xml:lang="en" xlink:type="resource" xlink:label="jpfr-asr-E02778-000_DecreaseInRetainedEarningsDueToAdoptionOfPracticalSolutionOnUnificationOfAccountingPoliciesAppliedToAssociatesAccountedForUsingTheEquityMethodNA_label_1" xlink:role="http://www.xbrl.org/2003/role/documentation">Decrease in retained earnings due to adoption of practical solution on unification of accounting policies applied to associates accounted for using the equity method-NA</link:label>
    <link:label xml:lang="en" xlink:type="resource" xlink:label="jpfr-asr-E02778-000_PaymentsForAcquisitionOfMinorityInterestsAndLongTemDebtFinCF_label_1" xlink:role="http://www.xbrl.org/2003/role/documentation">Payments for acquisition of minority interests and long-tem debt-FinCF</link:label>
    <link:label xml:lang="en" xlink:type="resource" xlink:label="jpfr-asr-E02778-000_TelecommunicationsEquipmentNet_label_1" xlink:role="http://www.xbrl.org/2003/role/verboseLabel">Telecommunications equipment, net</link:label>
    <link:label xml:lang="en" xlink:type="resource" xlink:label="jpfr-asr-E02778-000_ChangesInAForeignAffiliateSOwnershipInterestInItsSubsidiaryThatDoNotResultInALossOfControlSE_label_2" xlink:role="http://www.xbrl.org/2003/role/documentation">Changes in a foreign affiliate's ownership interest in its subsidiary that do not result in a loss of control-SE</link:label>
    <link:label xml:lang="en" xlink:type="resource" xlink:label="jpfr-asr-E02778-000_DecreaseInRetainedEarningsDueToAdoptionOfPracticalSolutionOnUnificationOfAccountingPoliciesAppliedToAssociatesAccountedForUsingTheEquityMethodRE_label_1" xlink:role="http://www.xbrl.org/2003/role/label">Decrease in retained earnings due to adoption of practical solution on unification of accounting policies applied to associates accounted for using the equity method</link:label>
    <link:label xml:lang="en" xlink:type="resource" xlink:label="jpfr-asr-E02778-000_InterestOnLoansReceivableFromSubsidiariesAndAffiliatesNOI_label" xlink:role="http://www.xbrl.org/2003/role/verboseLabel">Interest on loans receivable from subsidiaries and affiliates-NOI</link:label>
    <link:label xml:lang="en" xlink:type="resource" xlink:label="jpfr-asr-E02778-000_ProceedsFromAdvancedRedemptionOfDebtSecurityInvCF_label_2" xlink:role="http://www.xbrl.org/2003/role/label">Proceeds from advanced redemption of debt security</link:label>
    <link:label xml:lang="en" xlink:type="resource" xlink:label="jpfr-asr-E02778-000_ProceedsFromIssuanceOfPreferredSecuritiesByAConsolidatedSubsidiaryFinCF_label" xlink:role="http://www.xbrl.org/2003/role/label">Proceeds from issuance of preferred securities by a consolidated subsidiary</link:label>
    <link:label xml:lang="en" xlink:type="resource" xlink:label="jpfr-asr-E02778-000_DividendsFromSubsidiariesAndAffiliatesNOI_label_2" xlink:role="http://www.xbrl.org/2003/role/label">Dividends from subsidiaries and affiliates</link:label>
    <link:label xml:lang="en" xlink:type="resource" xlink:label="jpfr-asr-E02778-000_ChangesInAForeignAffiliateSOwnershipInterestInItsSubsidiaryThatDoNotResultInALossOfControlSE_label_1" xlink:role="http://www.xbrl.org/2003/role/label">Changes in a foreign affiliate's ownership interest in its subsidiary that do not result in a loss of control</link:label>
    <link:label xml:lang="en" xlink:type="resource" xlink:label="jpfr-asr-E02778-000_EarlyRedemptionPremiumForDebtSecurityEI_label_2" xlink:role="http://www.xbrl.org/2003/role/documentation">Early redemption premium for debt security-EI</link:label>
    <link:label xml:lang="en" xlink:type="resource" xlink:label="jpfr-asr-E02778-000_LossOnSalesPriceAdjustmentsOfInvestmentsInSubsidiariesAndAffiliatesEL_label_2" xlink:role="http://www.xbrl.org/2003/role/verboseLabel">Loss on sales price adjustments of investments in subsidiaries and affiliates-EL</link:label>
    <link:label xml:lang="en" xlink:type="resource" xlink:label="jpfr-asr-E02778-000_ValuationLossOnOptionEL_label" xlink:role="http://www.xbrl.org/2003/role/verboseLabel">Valuation loss on option-EL</link:label>
    <link:label xml:lang="en" xlink:type="resource" xlink:label="jpfr-asr-E02778-000_PrepaymentPremiumEL_label_1" xlink:role="http://www.xbrl.org/2003/role/documentation">Prepayment premium-EL</link:label>
    <link:label xml:lang="en" xlink:type="resource" xlink:label="jpfr-asr-E02778-000_ChangesInAForeignAffiliateSOwnershipInterestInItsSubsidiaryThatDoNotResultInALossOfControlSE_label" xlink:role="http://www.xbrl.org/2003/role/verboseLabel">Changes in a foreign affiliate's ownership interest in its subsidiary that do not result in a loss of control-SE</link:label>
    <link:label xml:lang="en" xlink:type="resource" xlink:label="jpfr-asr-E02778-000_PrepaymentPremiumEL_label_2" xlink:role="http://www.xbrl.org/2003/role/label">Prepayment premium</link:label>
    <link:label xml:lang="en" xlink:type="resource" xlink:label="jpfr-asr-E02778-000_LumpSumRecognitionOfUnrecordedInterestOnLoanToSubsidiariesAndAffiliatesEI_label_1" xlink:role="http://www.xbrl.org/2003/role/documentation">Lump sum recognition of unrecorded interest on loan to subsidiaries and affiliates-EI</link:label>
    <link:label xml:lang="en" xlink:type="resource" xlink:label="jpfr-asr-E02778-000_PaymentsForAdditionalEntrustmentForDebtAssumptionFinCF_label" xlink:role="http://www.xbrl.org/2003/role/documentation">Payments for additional entrustment for debt assumption-FinCF</link:label>
    <link:label xml:lang="en" xlink:type="resource" xlink:label="jpfr-asr-E02778-000_DecreaseInCashAndCashEquivalentsResultingFromCorporate_label_2" xlink:role="http://www.xbrl.org/2003/role/documentation">Decrease in cash and cash equivalents resulting from corporate</link:label>
    <link:label xml:lang="en" xlink:type="resource" xlink:label="jpfr-asr-E02778-000_ValuationLossOnOptionEL_label_2" xlink:role="http://www.xbrl.org/2003/role/documentation">Valuation loss on option-EL</link:label>
    <link:label xml:lang="en" xlink:type="resource" xlink:label="jpfr-asr-E02778-000_RefinancingRelatedExpenseNOE_label" xlink:role="http://www.xbrl.org/2003/role/documentation">Refinancing related expense-NOE</link:label>
    <link:label xml:lang="en" xlink:type="resource" xlink:label="jpfr-asr-E02778-000_ChangesInAForeignAffiliateSOwnershipInterestInItsSubsidiaryThatDoNotResultInALossOfControlCS_label" xlink:role="http://www.xbrl.org/2003/role/verboseLabel">Changes in a foreign affiliate's ownership interest in its subsidiary that do not result in a loss of control-CS</link:label>
    <link:label xml:lang="en" xlink:type="resource" xlink:label="jpfr-asr-E02778-000_ProceedsFromIssuanceOfPreferredSecuritiesByAConsolidatedSubsidiaryFinCF_label_2" xlink:role="http://www.xbrl.org/2003/role/documentation">Proceeds from issuance of preferred securities by a consolidated subsidiary-FinCF</link:label>
    <link:label xml:lang="en" xlink:type="resource" xlink:label="jpfr-asr-E02778-000_DecreaseInRetainedEarningsDueToAdoptionOfPracticalSolutionOnUnificationOfAccountingPoliciesAppliedToAssociatesAccountedForUsingTheEquityMethodNA_label_2" xlink:role="http://www.xbrl.org/2003/role/label">Decrease in retained earnings due to adoption of practical solution on unification of accounting policies applied to associates accounted for using the equity method</link:label>
    <link:label xml:lang="en" xlink:type="resource" xlink:label="jpfr-asr-E02778-000_ChangesInAForeignAffiliateSOwnershipInterestInItsSubsidiaryThatDoNotResultInALossOfControlNA_label_2" xlink:role="http://www.xbrl.org/2003/role/verboseLabel">Changes in a foreign affiliate's ownership interest in its subsidiary that do not result in a loss of control-NA</link:label>
    <link:label xml:lang="en" xlink:type="resource" xlink:label="jpfr-asr-E02778-000_ChangesInAForeignAffiliateSOwnershipInterestInItsSubsidiaryThatDoNotResultInALossOfControlNA_label" xlink:role="http://www.xbrl.org/2003/role/documentation">Changes in a foreign affiliate's ownership interest in its subsidiary that do not result in a loss of control-NA</link:label>
    <link:label xml:lang="en" xlink:type="resource" xlink:label="jpfr-asr-E02778-000_UnrealizedLossGainOnValuationOfInvestmentAndLossGainOnSalesOfInvestmentAtSubsidiariesInTheUSNetOpeCF_label_1" xlink:role="http://www.xbrl.org/2003/role/documentation">Unrealized loss (gain) on valuation of  investment and loss (gain) on sales of  investment at subsidiaries in the U.S., net-OpeCF</link:label>
    <link:label xml:lang="en" xlink:type="resource" xlink:label="jpfr-asr-E02778-000_IncreaseDueToMergerOfConsolidatedAndNonConsolidatedSubsidiariesNA_label_2" xlink:role="http://www.xbrl.org/2003/role/verboseLabel">Increase due to merger of consolidated and non-consolidated subsidiaries-NA</link:label>
    <link:label xml:lang="en" xlink:type="resource" xlink:label="jpfr-asr-E02778-000_UnrealizedLossGainOnValuationOfInvestmentAndLossGainOnSalesOfInvestmentAtSubsidiariesInTheUSNetOpeCF_label" xlink:role="http://www.xbrl.org/2003/role/label">Unrealized loss (gain) on valuation of  investment and loss (gain) on sales of  investment at subsidiaries in the U.S., net</link:label>
    <link:label xml:lang="en" xlink:type="resource" xlink:label="jpfr-asr-E02778-000_TelecommunicationsEquipmentNet_label" xlink:role="http://www.xbrl.org/2003/role/documentation">Telecommunications equipment, net</link:label>
    <link:label xml:lang="en" xlink:type="resource" xlink:label="jpfr-asr-E02778-000_PaymentsForAcquisitionOfMinorityInterestsAndLongTemDebtFinCF_label_2" xlink:role="http://www.xbrl.org/2003/role/verboseLabel">Payments for acquisition of minority interests and long-tem debt-FinCF</link:label>
    <link:label xml:lang="en" xlink:type="resource" xlink:label="jpfr-asr-E02778-000_InterestExpenseToSubsidiariesAndAffiliatesNOE_label_2" xlink:role="http://www.xbrl.org/2003/role/documentation">Interest expense to subsidiaries and affiliates-NOE</link:label>
    <link:label xml:lang="en" xlink:type="resource" xlink:label="jpfr-asr-E02778-000_RefinancingRelatedExpenseNOE_label_2" xlink:role="http://www.xbrl.org/2003/role/verboseLabel">Refinancing related expense-NOE</link:label>
    <link:label xml:lang="en" xlink:type="resource" xlink:label="jpfr-asr-E02778-000_ChangesInAForeignAffiliateSOwnershipInterestInItsSubsidiaryThatDoNotResultInALossOfControlCS_label_1" xlink:role="http://www.xbrl.org/2003/role/label">Changes in a foreign affiliate's ownership interest in its subsidiary that do not result in a loss of control</link:label>
    <link:label xml:lang="en" xlink:type="resource" xlink:label="jpfr-asr-E02778-000_IncreaseDueToMergerOfConsolidatedAndNonConsolidatedSubsidiariesRE_label_1" xlink:role="http://www.xbrl.org/2003/role/label">Increase due to merger of consolidated and non-consolidated subsidiaries</link:label>
    <link:label xml:lang="en" xlink:type="resource" xlink:label="jpfr-asr-E02778-000_EarlyRedemptionPremiumForDebtSecurityEI_label" xlink:role="http://www.xbrl.org/2003/role/label">Early redemption premium for debt security</link:label>
    <link:label xml:lang="en" xlink:type="resource" xlink:label="jpfr-asr-E02778-000_ProceedsFromSaleAndLeaseBackOfEquipmentNewlyAcquiredFinCF_label_2" xlink:role="http://www.xbrl.org/2003/role/documentation">Proceeds from sale and lease back of equipment newly acquired-FinCF</link:label>
    <link:label xml:lang="en" xlink:type="resource" xlink:label="jpfr-asr-E02778-000_ProceedsFromSaleAndLeaseBackOfEquipmentNewlyAcquiredFinCF_label_1" xlink:role="http://www.xbrl.org/2003/role/verboseLabel">Proceeds from sale and lease back of equipment newly acquired-FinCF</link:label>
    <link:label xml:lang="en" xlink:type="resource" xlink:label="jpfr-asr-E02778-000_DividendsFromSubsidiariesAndAffiliatesNOI_label_1" xlink:role="http://www.xbrl.org/2003/role/documentation">Dividends from subsidiaries and affiliates-NOI</link:label>
    <link:label xml:lang="en" xlink:type="resource" xlink:label="jpfr-asr-E02778-000_LossOnInvestmentInPartnershipsNOE_label_2" xlink:role="http://www.xbrl.org/2003/role/verboseLabel">Loss on investment in partnerships-NOE</link:label>
    <link:label xml:lang="en" xlink:type="resource" xlink:label="jpfr-asr-E02778-000_IncreaseDueToMergerOfConsolidatedAndNonConsolidatedSubsidiariesNA_label" xlink:role="http://www.xbrl.org/2003/role/documentation">Increase due to merger of consolidated and non-consolidated subsidiaries-NA</link:label>
    <link:label xml:lang="en" xlink:type="resource" xlink:label="jpfr-asr-E02778-000_PaymentsForAdditionalEntrustmentForDebtAssumptionFinCF_label_2" xlink:role="http://www.xbrl.org/2003/role/label">Payments for additional entrustment for debt assumption</link:label>
    <link:label xml:lang="en" xlink:type="resource" xlink:label="jpfr-asr-E02778-000_ProceedsFromIssuanceOfPreferredSecuritiesByAConsolidatedSubsidiaryFinCF_label_1" xlink:role="http://www.xbrl.org/2003/role/verboseLabel">Proceeds from issuance of preferred securities by a consolidated subsidiary-FinCF</link:label>
    <link:label xml:lang="en" xlink:type="resource" xlink:label="jpfr-asr-E02778-000_ValuationLossOnOptionEL_label_1" xlink:role="http://www.xbrl.org/2003/role/label">Valuation loss on option</link:label>
    <link:label xml:lang="en" xlink:type="resource" xlink:label="jpfr-asr-E02778-000_DecreaseInRetainedEarningsDueToAdoptionOfPracticalSolutionOnUnificationOfAccountingPoliciesAppliedToAssociatesAccountedForUsingTheEquityMethodSE_label" xlink:role="http://www.xbrl.org/2003/role/verboseLabel">Decrease in retained earnings due to adoption of practical solution on unification of accounting policies applied to associates accounted for using the equity method-SE</link:label>
    <link:label xml:lang="en" xlink:type="resource" xlink:label="jpfr-asr-E02778-000_InterestExpenseToSubsidiariesAndAffiliatesNOE_label" xlink:role="http://www.xbrl.org/2003/role/label">Interest expense to subsidiaries and affiliates</link:label>
    <link:label xml:lang="en" xlink:type="resource" xlink:label="jpfr-asr-E02778-000_ChangesInAForeignAffiliateSOwnershipInterestInItsSubsidiaryThatDoNotResultInALossOfControlNA_label_1" xlink:role="http://www.xbrl.org/2003/role/label">Changes in a foreign affiliate's ownership interest in its subsidiary that do not result in a loss of control</link:label>
    <link:label xml:lang="en" xlink:type="resource" xlink:label="jpfr-asr-E02778-000_EarlyRedemptionPremiumForDebtSecurityEI_label_1" xlink:role="http://www.xbrl.org/2003/role/verboseLabel">Early redemption premium for debt security-EI</link:label>
    <link:label xml:lang="en" xlink:type="resource" xlink:label="jpfr-asr-E02778-000_LossOnInvestmentInPartnershipsNOE_label_1" xlink:role="http://www.xbrl.org/2003/role/documentation">Loss on investment in partnerships-NOE</link:label>
    <link:label xml:lang="en" xlink:type="resource" xlink:label="jpfr-asr-E02778-000_DecreaseInRetainedEarningsDueToAdoptionOfPracticalSolutionOnUnificationOfAccountingPoliciesAppliedToAssociatesAccountedForUsingTheEquityMethodNA_label" xlink:role="http://www.xbrl.org/2003/role/verboseLabel">Decrease in retained earnings due to adoption of practical solution on unification of accounting policies applied to associates accounted for using the equity method-NA</link:label>
    <link:loc xlink:type="locator" xlink:href="jpfr-asr-E02778-000-2012-03-31-01-2012-06-22.xsd#jpfr-asr-E02778-000_TelecommunicationsServiceLinesNet" xlink:label="jpfr-asr-E02778-000_TelecommunicationsServiceLinesNet" />
    <link:loc xlink:type="locator" xlink:href="jpfr-asr-E02778-000-2012-03-31-01-2012-06-22.xsd#jpfr-asr-E02778-000_DecreaseInRetainedEarningsDueToAdoptionOfPracticalSolutionOnUnificationOfAccountingPoliciesAppliedToAssociatesAccountedForUsingTheEquityMethodSE" xlink:label="jpfr-asr-E02778-000_DecreaseInRetainedEarningsDueToAdoptionOfPracticalSolutionOnUnificationOfAccountingPoliciesAppliedToAssociatesAccountedForUsingTheEquityMethodSE" />
    <link:loc xlink:type="locator" xlink:href="jpfr-asr-E02778-000-2012-03-31-01-2012-06-22.xsd#jpfr-asr-E02778-000_UnrealizedLossGainOnValuationOfInvestmentAndLossGainOnSalesOfInvestmentAtSubsidiariesInTheUSNetEI" xlink:label="jpfr-asr-E02778-000_UnrealizedLossGainOnValuationOfInvestmentAndLossGainOnSalesOfInvestmentAtSubsidiariesInTheUSNetEI" />
    <link:loc xlink:type="locator" xlink:href="jpfr-asr-E02778-000-2012-03-31-01-2012-06-22.xsd#jpfr-asr-E02778-000_ChangesInAForeignAffiliateSOwnershipInterestInItsSubsidiaryThatDoNotResultInALossOfControlCS" xlink:label="jpfr-asr-E02778-000_ChangesInAForeignAffiliateSOwnershipInterestInItsSubsidiaryThatDoNotResultInALossOfControlCS" />
    <link:loc xlink:type="locator" xlink:href="jpfr-asr-E02778-000-2012-03-31-01-2012-06-22.xsd#jpfr-asr-E02778-000_DividendsFromSubsidiariesAndAffiliatesNOI" xlink:label="jpfr-asr-E02778-000_DividendsFromSubsidiariesAndAffiliatesNOI" />
    <link:loc xlink:type="locator" xlink:href="jpfr-asr-E02778-000-2012-03-31-01-2012-06-22.xsd#jpfr-asr-E02778-000_LumpSumRecognitionOfUnrecordedInterestOnLoanToSubsidiariesAndAffiliatesEI" xlink:label="jpfr-asr-E02778-000_LumpSumRecognitionOfUnrecordedInterestOnLoanToSubsidiariesAndAffiliatesEI" />
    <link:loc xlink:type="locator" xlink:href="jpfr-asr-E02778-000-2012-03-31-01-2012-06-22.xsd#jpfr-asr-E02778-000_DecreaseInRetainedEarningsDueToAdoptionOfPracticalSolutionOnUnificationOfAccountingPoliciesAppliedToAssociatesAccountedForUsingTheEquityMethodNA" xlink:label="jpfr-asr-E02778-000_DecreaseInRetainedEarningsDueToAdoptionOfPracticalSolutionOnUnificationOfAccountingPoliciesAppliedToAssociatesAccountedForUsingTheEquityMethodNA" />
    <link:loc xlink:type="locator" xlink:href="jpfr-asr-E02778-000-2012-03-31-01-2012-06-22.xsd#jpfr-asr-E02778-000_IncreaseDueToMergerOfConsolidatedAndNonConsolidatedSubsidiariesSE" xlink:label="jpfr-asr-E02778-000_IncreaseDueToMergerOfConsolidatedAndNonConsolidatedSubsidiariesSE" />
    <link:loc xlink:type="locator" xlink:href="jpfr-asr-E02778-000-2012-03-31-01-2012-06-22.xsd#jpfr-asr-E02778-000_LossOnInvestmentInPartnershipsNOE" xlink:label="jpfr-asr-E02778-000_LossOnInvestmentInPartnershipsNOE" />
    <link:loc xlink:type="locator" xlink:href="jpfr-asr-E02778-000-2012-03-31-01-2012-06-22.xsd#jpfr-asr-E02778-000_PrepaymentPremiumEL" xlink:label="jpfr-asr-E02778-000_PrepaymentPremiumEL" />
    <link:loc xlink:type="locator" xlink:href="jpfr-asr-E02778-000-2012-03-31-01-2012-06-22.xsd#jpfr-asr-E02778-000_PaymentsForAdditionalEntrustmentForDebtAssumptionFinCF" xlink:label="jpfr-asr-E02778-000_PaymentsForAdditionalEntrustmentForDebtAssumptionFinCF" />
    <link:loc xlink:type="locator" xlink:href="jpfr-asr-E02778-000-2012-03-31-01-2012-06-22.xsd#jpfr-asr-E02778-000_InterestExpenseToSubsidiariesAndAffiliatesNOE" xlink:label="jpfr-asr-E02778-000_InterestExpenseToSubsidiariesAndAffiliatesNOE" />
    <link:loc xlink:type="locator" xlink:href="jpfr-asr-E02778-000-2012-03-31-01-2012-06-22.xsd#jpfr-asr-E02778-000_RefinancingRelatedExpenseNOE" xlink:label="jpfr-asr-E02778-000_RefinancingRelatedExpenseNOE" />
    <link:loc xlink:type="locator" xlink:href="jpfr-asr-E02778-000-2012-03-31-01-2012-06-22.xsd#jpfr-asr-E02778-000_ChangesInAForeignAffiliateSOwnershipInterestInItsSubsidiaryThatDoNotResultInALossOfControlSE" xlink:label="jpfr-asr-E02778-000_ChangesInAForeignAffiliateSOwnershipInterestInItsSubsidiaryThatDoNotResultInALossOfControlSE" />
    <link:loc xlink:type="locator" xlink:href="jpfr-asr-E02778-000-2012-03-31-01-2012-06-22.xsd#jpfr-asr-E02778-000_PaymentsForAcquisitionOfMinorityInterestsAndLongTemDebtFinCF" xlink:label="jpfr-asr-E02778-000_PaymentsForAcquisitionOfMinorityInterestsAndLongTemDebtFinCF" />
    <link:loc xlink:type="locator" xlink:href="jpfr-asr-E02778-000-2012-03-31-01-2012-06-22.xsd#jpfr-asr-E02778-000_TelecommunicationsEquipmentNet" xlink:label="jpfr-asr-E02778-000_TelecommunicationsEquipmentNet" />
    <link:loc xlink:type="locator" xlink:href="jpfr-asr-E02778-000-2012-03-31-01-2012-06-22.xsd#jpfr-asr-E02778-000_EarlyRedemptionPremiumForDebtSecurityEI" xlink:label="jpfr-asr-E02778-000_EarlyRedemptionPremiumForDebtSecurityEI" />
    <link:loc xlink:type="locator" xlink:href="jpfr-asr-E02778-000-2012-03-31-01-2012-06-22.xsd#jpfr-asr-E02778-000_UnrealizedLossGainOnValuationOfInvestmentAndLossGainOnSalesOfInvestmentAtSubsidiariesInTheUSNetOpeCF" xlink:label="jpfr-asr-E02778-000_UnrealizedLossGainOnValuationOfInvestmentAndLossGainOnSalesOfInvestmentAtSubsidiariesInTheUSNetOpeCF" />
    <link:loc xlink:type="locator" xlink:href="jpfr-asr-E02778-000-2012-03-31-01-2012-06-22.xsd#jpfr-asr-E02778-000_LossOnSalesPriceAdjustmentsOfInvestmentsInSubsidiariesAndAffiliatesEL" xlink:label="jpfr-asr-E02778-000_LossOnSalesPriceAdjustmentsOfInvestmentsInSubsidiariesAndAffiliatesEL" />
    <link:loc xlink:type="locator" xlink:href="jpfr-asr-E02778-000-2012-03-31-01-2012-06-22.xsd#jpfr-asr-E02778-000_ProceedsFromIssuanceOfPreferredSecuritiesByAConsolidatedSubsidiaryFinCF" xlink:label="jpfr-asr-E02778-000_ProceedsFromIssuanceOfPreferredSecuritiesByAConsolidatedSubsidiaryFinCF" />
    <link:loc xlink:type="locator" xlink:href="jpfr-asr-E02778-000-2012-03-31-01-2012-06-22.xsd#jpfr-asr-E02778-000_InterestOnLoansReceivableFromSubsidiariesAndAffiliatesNOI" xlink:label="jpfr-asr-E02778-000_InterestOnLoansReceivableFromSubsidiariesAndAffiliatesNOI" />
    <link:loc xlink:type="locator" xlink:href="jpfr-asr-E02778-000-2012-03-31-01-2012-06-22.xsd#jpfr-asr-E02778-000_ProceedsFromSaleAndLeaseBackOfEquipmentNewlyAcquiredFinCF" xlink:label="jpfr-asr-E02778-000_ProceedsFromSaleAndLeaseBackOfEquipmentNewlyAcquiredFinCF" />
    <link:loc xlink:type="locator" xlink:href="jpfr-asr-E02778-000-2012-03-31-01-2012-06-22.xsd#jpfr-asr-E02778-000_IncreaseDueToMergerOfConsolidatedAndNonConsolidatedSubsidiariesNA" xlink:label="jpfr-asr-E02778-000_IncreaseDueToMergerOfConsolidatedAndNonConsolidatedSubsidiariesNA" />
    <link:loc xlink:type="locator" xlink:href="jpfr-asr-E02778-000-2012-03-31-01-2012-06-22.xsd#jpfr-asr-E02778-000_DecreaseInRetainedEarningsDueToAdoptionOfPracticalSolutionOnUnificationOfAccountingPoliciesAppliedToAssociatesAccountedForUsingTheEquityMethodRE" xlink:label="jpfr-asr-E02778-000_DecreaseInRetainedEarningsDueToAdoptionOfPracticalSolutionOnUnificationOfAccountingPoliciesAppliedToAssociatesAccountedForUsingTheEquityMethodRE" />
    <link:loc xlink:type="locator" xlink:href="jpfr-asr-E02778-000-2012-03-31-01-2012-06-22.xsd#jpfr-asr-E02778-000_IncreaseDueToMergerOfConsolidatedAndNonConsolidatedSubsidiariesRE" xlink:label="jpfr-asr-E02778-000_IncreaseDueToMergerOfConsolidatedAndNonConsolidatedSubsidiariesRE" />
    <link:loc xlink:type="locator" xlink:href="jpfr-asr-E02778-000-2012-03-31-01-2012-06-22.xsd#jpfr-asr-E02778-000_ProceedsFromAdvancedRedemptionOfDebtSecurityInvCF" xlink:label="jpfr-asr-E02778-000_ProceedsFromAdvancedRedemptionOfDebtSecurityInvCF" />
    <link:loc xlink:type="locator" xlink:href="jpfr-asr-E02778-000-2012-03-31-01-2012-06-22.xsd#jpfr-asr-E02778-000_DecreaseInCashAndCashEquivalentsResultingFromCorporate" xlink:label="jpfr-asr-E02778-000_DecreaseInCashAndCashEquivalentsResultingFromCorporate" />
    <link:loc xlink:type="locator" xlink:href="jpfr-asr-E02778-000-2012-03-31-01-2012-06-22.xsd#jpfr-asr-E02778-000_ChangesInAForeignAffiliateSOwnershipInterestInItsSubsidiaryThatDoNotResultInALossOfControlNA" xlink:label="jpfr-asr-E02778-000_ChangesInAForeignAffiliateSOwnershipInterestInItsSubsidiaryThatDoNotResultInALossOfControlNA" />
    <link:loc xlink:type="locator" xlink:href="jpfr-asr-E02778-000-2012-03-31-01-2012-06-22.xsd#jpfr-asr-E02778-000_ValuationLossOnOptionEL" xlink:label="jpfr-asr-E02778-000_ValuationLossOnOptionEL" />
    <link:labelArc xlink:type="arc" xlink:from="jpfr-asr-E02778-000_ValuationLossOnOptionEL" xlink:to="jpfr-asr-E02778-000_ValuationLossOnOptionEL_label" xlink:arcrole="http://www.xbrl.org/2003/arcrole/concept-label" order="1" />
    <link:labelArc xlink:type="arc" xlink:from="jpfr-asr-E02778-000_PaymentsForAdditionalEntrustmentForDebtAssumptionFinCF" xlink:to="jpfr-asr-E02778-000_PaymentsForAdditionalEntrustmentForDebtAssumptionFinCF_label" xlink:arcrole="http://www.xbrl.org/2003/arcrole/concept-label" order="1" />
    <link:labelArc xlink:type="arc" xlink:from="jpfr-asr-E02778-000_DecreaseInRetainedEarningsDueToAdoptionOfPracticalSolutionOnUnificationOfAccountingPoliciesAppliedToAssociatesAccountedForUsingTheEquityMethodNA" xlink:to="jpfr-asr-E02778-000_DecreaseInRetainedEarningsDueToAdoptionOfPracticalSolutionOnUnificationOfAccountingPoliciesAppliedToAssociatesAccountedForUsingTheEquityMethodNA_label" xlink:arcrole="http://www.xbrl.org/2003/arcrole/concept-label" order="1" />
    <link:labelArc xlink:type="arc" xlink:from="jpfr-asr-E02778-000_LossOnInvestmentInPartnershipsNOE" xlink:to="jpfr-asr-E02778-000_LossOnInvestmentInPartnershipsNOE_label" xlink:arcrole="http://www.xbrl.org/2003/arcrole/concept-label" order="1" />
    <link:labelArc xlink:type="arc" xlink:from="jpfr-asr-E02778-000_DecreaseInRetainedEarningsDueToAdoptionOfPracticalSolutionOnUnificationOfAccountingPoliciesAppliedToAssociatesAccountedForUsingTheEquityMethodSE" xlink:to="jpfr-asr-E02778-000_DecreaseInRetainedEarningsDueToAdoptionOfPracticalSolutionOnUnificationOfAccountingPoliciesAppliedToAssociatesAccountedForUsingTheEquityMethodSE_label" xlink:arcrole="http://www.xbrl.org/2003/arcrole/concept-label" order="1" />
    <link:labelArc xlink:type="arc" xlink:from="jpfr-asr-E02778-000_LossOnSalesPriceAdjustmentsOfInvestmentsInSubsidiariesAndAffiliatesEL" xlink:to="jpfr-asr-E02778-000_LossOnSalesPriceAdjustmentsOfInvestmentsInSubsidiariesAndAffiliatesEL_label" xlink:arcrole="http://www.xbrl.org/2003/arcrole/concept-label" order="1" />
    <link:labelArc xlink:type="arc" xlink:from="jpfr-asr-E02778-000_IncreaseDueToMergerOfConsolidatedAndNonConsolidatedSubsidiariesSE" xlink:to="jpfr-asr-E02778-000_IncreaseDueToMergerOfConsolidatedAndNonConsolidatedSubsidiariesSE_label" xlink:arcrole="http://www.xbrl.org/2003/arcrole/concept-label" order="1" />
    <link:labelArc xlink:type="arc" xlink:from="jpfr-asr-E02778-000_ChangesInAForeignAffiliateSOwnershipInterestInItsSubsidiaryThatDoNotResultInALossOfControlCS" xlink:to="jpfr-asr-E02778-000_ChangesInAForeignAffiliateSOwnershipInterestInItsSubsidiaryThatDoNotResultInALossOfControlCS_label" xlink:arcrole="http://www.xbrl.org/2003/arcrole/concept-label" order="1" />
    <link:labelArc xlink:type="arc" xlink:from="jpfr-asr-E02778-000_UnrealizedLossGainOnValuationOfInvestmentAndLossGainOnSalesOfInvestmentAtSubsidiariesInTheUSNetEI" xlink:to="jpfr-asr-E02778-000_UnrealizedLossGainOnValuationOfInvestmentAndLossGainOnSalesOfInvestmentAtSubsidiariesInTheUSNetEI_label" xlink:arcrole="http://www.xbrl.org/2003/arcrole/concept-label" order="1" />
    <link:labelArc xlink:type="arc" xlink:from="jpfr-asr-E02778-000_ChangesInAForeignAffiliateSOwnershipInterestInItsSubsidiaryThatDoNotResultInALossOfControlNA" xlink:to="jpfr-asr-E02778-000_ChangesInAForeignAffiliateSOwnershipInterestInItsSubsidiaryThatDoNotResultInALossOfControlNA_label" xlink:arcrole="http://www.xbrl.org/2003/arcrole/concept-label" order="1" />
    <link:labelArc xlink:type="arc" xlink:from="jpfr-asr-E02778-000_RefinancingRelatedExpenseNOE" xlink:to="jpfr-asr-E02778-000_RefinancingRelatedExpenseNOE_label" xlink:arcrole="http://www.xbrl.org/2003/arcrole/concept-label" order="1" />
    <link:labelArc xlink:type="arc" xlink:from="jpfr-asr-E02778-000_InterestExpenseToSubsidiariesAndAffiliatesNOE" xlink:to="jpfr-asr-E02778-000_InterestExpenseToSubsidiariesAndAffiliatesNOE_label" xlink:arcrole="http://www.xbrl.org/2003/arcrole/concept-label" order="1" />
    <link:labelArc xlink:type="arc" xlink:from="jpfr-asr-E02778-000_EarlyRedemptionPremiumForDebtSecurityEI" xlink:to="jpfr-asr-E02778-000_EarlyRedemptionPremiumForDebtSecurityEI_label" xlink:arcrole="http://www.xbrl.org/2003/arcrole/concept-label" order="1" />
    <link:labelArc xlink:type="arc" xlink:from="jpfr-asr-E02778-000_DecreaseInRetainedEarningsDueToAdoptionOfPracticalSolutionOnUnificationOfAccountingPoliciesAppliedToAssociatesAccountedForUsingTheEquityMethodSE" xlink:to="jpfr-asr-E02778-000_DecreaseInRetainedEarningsDueToAdoptionOfPracticalSolutionOnUnificationOfAccountingPoliciesAppliedToAssociatesAccountedForUsingTheEquityMethodSE_label_1" xlink:arcrole="http://www.xbrl.org/2003/arcrole/concept-label" order="1" />
    <link:labelArc xlink:type="arc" xlink:from="jpfr-asr-E02778-000_ChangesInAForeignAffiliateSOwnershipInterestInItsSubsidiaryThatDoNotResultInALossOfControlCS" xlink:to="jpfr-asr-E02778-000_ChangesInAForeignAffiliateSOwnershipInterestInItsSubsidiaryThatDoNotResultInALossOfControlCS_label_1" xlink:arcrole="http://www.xbrl.org/2003/arcrole/concept-label" order="1" />
    <link:labelArc xlink:type="arc" xlink:from="jpfr-asr-E02778-000_ChangesInAForeignAffiliateSOwnershipInterestInItsSubsidiaryThatDoNotResultInALossOfControlSE" xlink:to="jpfr-asr-E02778-000_ChangesInAForeignAffiliateSOwnershipInterestInItsSubsidiaryThatDoNotResultInALossOfControlSE_label" xlink:arcrole="http://www.xbrl.org/2003/arcrole/concept-label" order="1" />
    <link:labelArc xlink:type="arc" xlink:from="jpfr-asr-E02778-000_PaymentsForAcquisitionOfMinorityInterestsAndLongTemDebtFinCF" xlink:to="jpfr-asr-E02778-000_PaymentsForAcquisitionOfMinorityInterestsAndLongTemDebtFinCF_label" xlink:arcrole="http://www.xbrl.org/2003/arcrole/concept-label" order="1" />
    <link:labelArc xlink:type="arc" xlink:from="jpfr-asr-E02778-000_IncreaseDueToMergerOfConsolidatedAndNonConsolidatedSubsidiariesNA" xlink:to="jpfr-asr-E02778-000_IncreaseDueToMergerOfConsolidatedAndNonConsolidatedSubsidiariesNA_label" xlink:arcrole="http://www.xbrl.org/2003/arcrole/concept-label" order="1" />
    <link:labelArc xlink:type="arc" xlink:from="jpfr-asr-E02778-000_IncreaseDueToMergerOfConsolidatedAndNonConsolidatedSubsidiariesSE" xlink:to="jpfr-asr-E02778-000_IncreaseDueToMergerOfConsolidatedAndNonConsolidatedSubsidiariesSE_label_1" xlink:arcrole="http://www.xbrl.org/2003/arcrole/concept-label" order="1" />
    <link:labelArc xlink:type="arc" xlink:from="jpfr-asr-E02778-000_DecreaseInRetainedEarningsDueToAdoptionOfPracticalSolutionOnUnificationOfAccountingPoliciesAppliedToAssociatesAccountedForUsingTheEquityMethodRE" xlink:to="jpfr-asr-E02778-000_DecreaseInRetainedEarningsDueToAdoptionOfPracticalSolutionOnUnificationOfAccountingPoliciesAppliedToAssociatesAccountedForUsingTheEquityMethodRE_label" xlink:arcrole="http://www.xbrl.org/2003/arcrole/concept-label" order="1" />
    <link:labelArc xlink:type="arc" xlink:from="jpfr-asr-E02778-000_UnrealizedLossGainOnValuationOfInvestmentAndLossGainOnSalesOfInvestmentAtSubsidiariesInTheUSNetOpeCF" xlink:to="jpfr-asr-E02778-000_UnrealizedLossGainOnValuationOfInvestmentAndLossGainOnSalesOfInvestmentAtSubsidiariesInTheUSNetOpeCF_label" xlink:arcrole="http://www.xbrl.org/2003/arcrole/concept-label" order="1" />
    <link:labelArc xlink:type="arc" xlink:from="jpfr-asr-E02778-000_IncreaseDueToMergerOfConsolidatedAndNonConsolidatedSubsidiariesRE" xlink:to="jpfr-asr-E02778-000_IncreaseDueToMergerOfConsolidatedAndNonConsolidatedSubsidiariesRE_label" xlink:arcrole="http://www.xbrl.org/2003/arcrole/concept-label" order="1" />
    <link:labelArc xlink:type="arc" xlink:from="jpfr-asr-E02778-000_InterestOnLoansReceivableFromSubsidiariesAndAffiliatesNOI" xlink:to="jpfr-asr-E02778-000_InterestOnLoansReceivableFromSubsidiariesAndAffiliatesNOI_label" xlink:arcrole="http://www.xbrl.org/2003/arcrole/concept-label" order="1" />
    <link:labelArc xlink:type="arc" xlink:from="jpfr-asr-E02778-000_PaymentsForAdditionalEntrustmentForDebtAssumptionFinCF" xlink:to="jpfr-asr-E02778-000_PaymentsForAdditionalEntrustmentForDebtAssumptionFinCF_label_1" xlink:arcrole="http://www.xbrl.org/2003/arcrole/concept-label" order="1" />
    <link:labelArc xlink:type="arc" xlink:from="jpfr-asr-E02778-000_UnrealizedLossGainOnValuationOfInvestmentAndLossGainOnSalesOfInvestmentAtSubsidiariesInTheUSNetOpeCF" xlink:to="jpfr-asr-E02778-000_UnrealizedLossGainOnValuationOfInvestmentAndLossGainOnSalesOfInvestmentAtSubsidiariesInTheUSNetOpeCF_label_1" xlink:arcrole="http://www.xbrl.org/2003/arcrole/concept-label" order="1" />
    <link:labelArc xlink:type="arc" xlink:from="jpfr-asr-E02778-000_PrepaymentPremiumEL" xlink:to="jpfr-asr-E02778-000_PrepaymentPremiumEL_label" xlink:arcrole="http://www.xbrl.org/2003/arcrole/concept-label" order="1" />
    <link:labelArc xlink:type="arc" xlink:from="jpfr-asr-E02778-000_LossOnSalesPriceAdjustmentsOfInvestmentsInSubsidiariesAndAffiliatesEL" xlink:to="jpfr-asr-E02778-000_LossOnSalesPriceAdjustmentsOfInvestmentsInSubsidiariesAndAffiliatesEL_label_1" xlink:arcrole="http://www.xbrl.org/2003/arcrole/concept-label" order="1" />
    <link:labelArc xlink:type="arc" xlink:from="jpfr-asr-E02778-000_UnrealizedLossGainOnValuationOfInvestmentAndLossGainOnSalesOfInvestmentAtSubsidiariesInTheUSNetEI" xlink:to="jpfr-asr-E02778-000_UnrealizedLossGainOnValuationOfInvestmentAndLossGainOnSalesOfInvestmentAtSubsidiariesInTheUSNetEI_label_1" xlink:arcrole="http://www.xbrl.org/2003/arcrole/concept-label" order="1" />
    <link:labelArc xlink:type="arc" xlink:from="jpfr-asr-E02778-000_ValuationLossOnOptionEL" xlink:to="jpfr-asr-E02778-000_ValuationLossOnOptionEL_label_1" xlink:arcrole="http://www.xbrl.org/2003/arcrole/concept-label" order="1" />
    <link:labelArc xlink:type="arc" xlink:from="jpfr-asr-E02778-000_LumpSumRecognitionOfUnrecordedInterestOnLoanToSubsidiariesAndAffiliatesEI" xlink:to="jpfr-asr-E02778-000_LumpSumRecognitionOfUnrecordedInterestOnLoanToSubsidiariesAndAffiliatesEI_label" xlink:arcrole="http://www.xbrl.org/2003/arcrole/concept-label" order="1" />
    <link:labelArc xlink:type="arc" xlink:from="jpfr-asr-E02778-000_DividendsFromSubsidiariesAndAffiliatesNOI" xlink:to="jpfr-asr-E02778-000_DividendsFromSubsidiariesAndAffiliatesNOI_label" xlink:arcrole="http://www.xbrl.org/2003/arcrole/concept-label" order="1" />
    <link:labelArc xlink:type="arc" xlink:from="jpfr-asr-E02778-000_ProceedsFromAdvancedRedemptionOfDebtSecurityInvCF" xlink:to="jpfr-asr-E02778-000_ProceedsFromAdvancedRedemptionOfDebtSecurityInvCF_label" xlink:arcrole="http://www.xbrl.org/2003/arcrole/concept-label" order="1" />
    <link:labelArc xlink:type="arc" xlink:from="jpfr-asr-E02778-000_ProceedsFromSaleAndLeaseBackOfEquipmentNewlyAcquiredFinCF" xlink:to="jpfr-asr-E02778-000_ProceedsFromSaleAndLeaseBackOfEquipmentNewlyAcquiredFinCF_label" xlink:arcrole="http://www.xbrl.org/2003/arcrole/concept-label" order="1" />
    <link:labelArc xlink:type="arc" xlink:from="jpfr-asr-E02778-000_ProceedsFromIssuanceOfPreferredSecuritiesByAConsolidatedSubsidiaryFinCF" xlink:to="jpfr-asr-E02778-000_ProceedsFromIssuanceOfPreferredSecuritiesByAConsolidatedSubsidiaryFinCF_label" xlink:arcrole="http://www.xbrl.org/2003/arcrole/concept-label" order="1" />
    <link:labelArc xlink:type="arc" xlink:from="jpfr-asr-E02778-000_TelecommunicationsServiceLinesNet" xlink:to="jpfr-asr-E02778-000_TelecommunicationsServiceLinesNet_label" xlink:arcrole="http://www.xbrl.org/2003/arcrole/concept-label" order="1" />
    <link:labelArc xlink:type="arc" xlink:from="jpfr-asr-E02778-000_IncreaseDueToMergerOfConsolidatedAndNonConsolidatedSubsidiariesRE" xlink:to="jpfr-asr-E02778-000_IncreaseDueToMergerOfConsolidatedAndNonConsolidatedSubsidiariesRE_label_1" xlink:arcrole="http://www.xbrl.org/2003/arcrole/concept-label" order="1" />
    <link:labelArc xlink:type="arc" xlink:from="jpfr-asr-E02778-000_ProceedsFromAdvancedRedemptionOfDebtSecurityInvCF" xlink:to="jpfr-asr-E02778-000_ProceedsFromAdvancedRedemptionOfDebtSecurityInvCF_label_1" xlink:arcrole="http://www.xbrl.org/2003/arcrole/concept-label" order="1" />
    <link:labelArc xlink:type="arc" xlink:from="jpfr-asr-E02778-000_DecreaseInCashAndCashEquivalentsResultingFromCorporate" xlink:to="jpfr-asr-E02778-000_DecreaseInCashAndCashEquivalentsResultingFromCorporate_label" xlink:arcrole="http://www.xbrl.org/2003/arcrole/concept-label" order="1" />
    <link:labelArc xlink:type="arc" xlink:from="jpfr-asr-E02778-000_ProceedsFromSaleAndLeaseBackOfEquipmentNewlyAcquiredFinCF" xlink:to="jpfr-asr-E02778-000_ProceedsFromSaleAndLeaseBackOfEquipmentNewlyAcquiredFinCF_label_1" xlink:arcrole="http://www.xbrl.org/2003/arcrole/concept-label" order="1" />
    <link:labelArc xlink:type="arc" xlink:from="jpfr-asr-E02778-000_IncreaseDueToMergerOfConsolidatedAndNonConsolidatedSubsidiariesSE" xlink:to="jpfr-asr-E02778-000_IncreaseDueToMergerOfConsolidatedAndNonConsolidatedSubsidiariesSE_label_2" xlink:arcrole="http://www.xbrl.org/2003/arcrole/concept-label" order="1" />
    <link:labelArc xlink:type="arc" xlink:from="jpfr-asr-E02778-000_InterestExpenseToSubsidiariesAndAffiliatesNOE" xlink:to="jpfr-asr-E02778-000_InterestExpenseToSubsidiariesAndAffiliatesNOE_label_1" xlink:arcrole="http://www.xbrl.org/2003/arcrole/concept-label" order="1" />
    <link:labelArc xlink:type="arc" xlink:from="jpfr-asr-E02778-000_InterestOnLoansReceivableFromSubsidiariesAndAffiliatesNOI" xlink:to="jpfr-asr-E02778-000_InterestOnLoansReceivableFromSubsidiariesAndAffiliatesNOI_label_1" xlink:arcrole="http://www.xbrl.org/2003/arcrole/concept-label" order="1" />
    <link:labelArc xlink:type="arc" xlink:from="jpfr-asr-E02778-000_ProceedsFromAdvancedRedemptionOfDebtSecurityInvCF" xlink:to="jpfr-asr-E02778-000_ProceedsFromAdvancedRedemptionOfDebtSecurityInvCF_label_2" xlink:arcrole="http://www.xbrl.org/2003/arcrole/concept-label" order="1" />
    <link:labelArc xlink:type="arc" xlink:from="jpfr-asr-E02778-000_EarlyRedemptionPremiumForDebtSecurityEI" xlink:to="jpfr-asr-E02778-000_EarlyRedemptionPremiumForDebtSecurityEI_label_1" xlink:arcrole="http://www.xbrl.org/2003/arcrole/concept-label" order="1" />
    <link:labelArc xlink:type="arc" xlink:from="jpfr-asr-E02778-000_RefinancingRelatedExpenseNOE" xlink:to="jpfr-asr-E02778-000_RefinancingRelatedExpenseNOE_label_1" xlink:arcrole="http://www.xbrl.org/2003/arcrole/concept-label" order="1" />
    <link:labelArc xlink:type="arc" xlink:from="jpfr-asr-E02778-000_IncreaseDueToMergerOfConsolidatedAndNonConsolidatedSubsidiariesNA" xlink:to="jpfr-asr-E02778-000_IncreaseDueToMergerOfConsolidatedAndNonConsolidatedSubsidiariesNA_label_1" xlink:arcrole="http://www.xbrl.org/2003/arcrole/concept-label" order="1" />
    <link:labelArc xlink:type="arc" xlink:from="jpfr-asr-E02778-000_ProceedsFromIssuanceOfPreferredSecuritiesByAConsolidatedSubsidiaryFinCF" xlink:to="jpfr-asr-E02778-000_ProceedsFromIssuanceOfPreferredSecuritiesByAConsolidatedSubsidiaryFinCF_label_1" xlink:arcrole="http://www.xbrl.org/2003/arcrole/concept-label" order="1" />
    <link:labelArc xlink:type="arc" xlink:from="jpfr-asr-E02778-000_LumpSumRecognitionOfUnrecordedInterestOnLoanToSubsidiariesAndAffiliatesEI" xlink:to="jpfr-asr-E02778-000_LumpSumRecognitionOfUnrecordedInterestOnLoanToSubsidiariesAndAffiliatesEI_label_1" xlink:arcrole="http://www.xbrl.org/2003/arcrole/concept-label" order="1" />
    <link:labelArc xlink:type="arc" xlink:from="jpfr-asr-E02778-000_DecreaseInRetainedEarningsDueToAdoptionOfPracticalSolutionOnUnificationOfAccountingPoliciesAppliedToAssociatesAccountedForUsingTheEquityMethodRE" xlink:to="jpfr-asr-E02778-000_DecreaseInRetainedEarningsDueToAdoptionOfPracticalSolutionOnUnificationOfAccountingPoliciesAppliedToAssociatesAccountedForUsingTheEquityMethodRE_label_1" xlink:arcrole="http://www.xbrl.org/2003/arcrole/concept-label" order="1" />
    <link:labelArc xlink:type="arc" xlink:from="jpfr-asr-E02778-000_ChangesInAForeignAffiliateSOwnershipInterestInItsSubsidiaryThatDoNotResultInALossOfControlSE" xlink:to="jpfr-asr-E02778-000_ChangesInAForeignAffiliateSOwnershipInterestInItsSubsidiaryThatDoNotResultInALossOfControlSE_label_1" xlink:arcrole="http://www.xbrl.org/2003/arcrole/concept-label" order="1" />
    <link:labelArc xlink:type="arc" xlink:from="jpfr-asr-E02778-000_LossOnSalesPriceAdjustmentsOfInvestmentsInSubsidiariesAndAffiliatesEL" xlink:to="jpfr-asr-E02778-000_LossOnSalesPriceAdjustmentsOfInvestmentsInSubsidiariesAndAffiliatesEL_label_2" xlink:arcrole="http://www.xbrl.org/2003/arcrole/concept-label" order="1" />
    <link:labelArc xlink:type="arc" xlink:from="jpfr-asr-E02778-000_PrepaymentPremiumEL" xlink:to="jpfr-asr-E02778-000_PrepaymentPremiumEL_label_1" xlink:arcrole="http://www.xbrl.org/2003/arcrole/concept-label" order="1" />
    <link:labelArc xlink:type="arc" xlink:from="jpfr-asr-E02778-000_DecreaseInCashAndCashEquivalentsResultingFromCorporate" xlink:to="jpfr-asr-E02778-000_DecreaseInCashAndCashEquivalentsResultingFromCorporate_label_1" xlink:arcrole="http://www.xbrl.org/2003/arcrole/concept-label" order="1" />
    <link:labelArc xlink:type="arc" xlink:from="jpfr-asr-E02778-000_ValuationLossOnOptionEL" xlink:to="jpfr-asr-E02778-000_ValuationLossOnOptionEL_label_2" xlink:arcrole="http://www.xbrl.org/2003/arcrole/concept-label" order="1" />
    <link:labelArc xlink:type="arc" xlink:from="jpfr-asr-E02778-000_TelecommunicationsEquipmentNet" xlink:to="jpfr-asr-E02778-000_TelecommunicationsEquipmentNet_label" xlink:arcrole="http://www.xbrl.org/2003/arcrole/concept-label" order="1" />
    <link:labelArc xlink:type="arc" xlink:from="jpfr-asr-E02778-000_PaymentsForAdditionalEntrustmentForDebtAssumptionFinCF" xlink:to="jpfr-asr-E02778-000_PaymentsForAdditionalEntrustmentForDebtAssumptionFinCF_label_2" xlink:arcrole="http://www.xbrl.org/2003/arcrole/concept-label" order="1" />
    <link:labelArc xlink:type="arc" xlink:from="jpfr-asr-E02778-000_UnrealizedLossGainOnValuationOfInvestmentAndLossGainOnSalesOfInvestmentAtSubsidiariesInTheUSNetEI" xlink:to="jpfr-asr-E02778-000_UnrealizedLossGainOnValuationOfInvestmentAndLossGainOnSalesOfInvestmentAtSubsidiariesInTheUSNetEI_label_2" xlink:arcrole="http://www.xbrl.org/2003/arcrole/concept-label" order="1" />
    <link:labelArc xlink:type="arc" xlink:from="jpfr-asr-E02778-000_DecreaseInRetainedEarningsDueToAdoptionOfPracticalSolutionOnUnificationOfAccountingPoliciesAppliedToAssociatesAccountedForUsingTheEquityMethodNA" xlink:to="jpfr-asr-E02778-000_DecreaseInRetainedEarningsDueToAdoptionOfPracticalSolutionOnUnificationOfAccountingPoliciesAppliedToAssociatesAccountedForUsingTheEquityMethodNA_label_1" xlink:arcrole="http://www.xbrl.org/2003/arcrole/concept-label" order="1" />
    <link:labelArc xlink:type="arc" xlink:from="jpfr-asr-E02778-000_InterestOnLoansReceivableFromSubsidiariesAndAffiliatesNOI" xlink:to="jpfr-asr-E02778-000_InterestOnLoansReceivableFromSubsidiariesAndAffiliatesNOI_label_2" xlink:arcrole="http://www.xbrl.org/2003/arcrole/concept-label" order="1" />
    <link:labelArc xlink:type="arc" xlink:from="jpfr-asr-E02778-000_ProceedsFromIssuanceOfPreferredSecuritiesByAConsolidatedSubsidiaryFinCF" xlink:to="jpfr-asr-E02778-000_ProceedsFromIssuanceOfPreferredSecuritiesByAConsolidatedSubsidiaryFinCF_label_2" xlink:arcrole="http://www.xbrl.org/2003/arcrole/concept-label" order="1" />
    <link:labelArc xlink:type="arc" xlink:from="jpfr-asr-E02778-000_LossOnInvestmentInPartnershipsNOE" xlink:to="jpfr-asr-E02778-000_LossOnInvestmentInPartnershipsNOE_label_1" xlink:arcrole="http://www.xbrl.org/2003/arcrole/concept-label" order="1" />
    <link:labelArc xlink:type="arc" xlink:from="jpfr-asr-E02778-000_DecreaseInRetainedEarningsDueToAdoptionOfPracticalSolutionOnUnificationOfAccountingPoliciesAppliedToAssociatesAccountedForUsingTheEquityMethodSE" xlink:to="jpfr-asr-E02778-000_DecreaseInRetainedEarningsDueToAdoptionOfPracticalSolutionOnUnificationOfAccountingPoliciesAppliedToAssociatesAccountedForUsingTheEquityMethodSE_label_2" xlink:arcrole="http://www.xbrl.org/2003/arcrole/concept-label" order="1" />
    <link:labelArc xlink:type="arc" xlink:from="jpfr-asr-E02778-000_DividendsFromSubsidiariesAndAffiliatesNOI" xlink:to="jpfr-asr-E02778-000_DividendsFromSubsidiariesAndAffiliatesNOI_label_1" xlink:arcrole="http://www.xbrl.org/2003/arcrole/concept-label" order="1" />
    <link:labelArc xlink:type="arc" xlink:from="jpfr-asr-E02778-000_TelecommunicationsEquipmentNet" xlink:to="jpfr-asr-E02778-000_TelecommunicationsEquipmentNet_label_1" xlink:arcrole="http://www.xbrl.org/2003/arcrole/concept-label" order="1" />
    <link:labelArc xlink:type="arc" xlink:from="jpfr-asr-E02778-000_UnrealizedLossGainOnValuationOfInvestmentAndLossGainOnSalesOfInvestmentAtSubsidiariesInTheUSNetOpeCF" xlink:to="jpfr-asr-E02778-000_UnrealizedLossGainOnValuationOfInvestmentAndLossGainOnSalesOfInvestmentAtSubsidiariesInTheUSNetOpeCF_label_2" xlink:arcrole="http://www.xbrl.org/2003/arcrole/concept-label" order="1" />
    <link:labelArc xlink:type="arc" xlink:from="jpfr-asr-E02778-000_ChangesInAForeignAffiliateSOwnershipInterestInItsSubsidiaryThatDoNotResultInALossOfControlSE" xlink:to="jpfr-asr-E02778-000_ChangesInAForeignAffiliateSOwnershipInterestInItsSubsidiaryThatDoNotResultInALossOfControlSE_label_2" xlink:arcrole="http://www.xbrl.org/2003/arcrole/concept-label" order="1" />
    <link:labelArc xlink:type="arc" xlink:from="jpfr-asr-E02778-000_PaymentsForAcquisitionOfMinorityInterestsAndLongTemDebtFinCF" xlink:to="jpfr-asr-E02778-000_PaymentsForAcquisitionOfMinorityInterestsAndLongTemDebtFinCF_label_1" xlink:arcrole="http://www.xbrl.org/2003/arcrole/concept-label" order="1" />
    <link:labelArc xlink:type="arc" xlink:from="jpfr-asr-E02778-000_ChangesInAForeignAffiliateSOwnershipInterestInItsSubsidiaryThatDoNotResultInALossOfControlNA" xlink:to="jpfr-asr-E02778-000_ChangesInAForeignAffiliateSOwnershipInterestInItsSubsidiaryThatDoNotResultInALossOfControlNA_label_1" xlink:arcrole="http://www.xbrl.org/2003/arcrole/concept-label" order="1" />
    <link:labelArc xlink:type="arc" xlink:from="jpfr-asr-E02778-000_EarlyRedemptionPremiumForDebtSecurityEI" xlink:to="jpfr-asr-E02778-000_EarlyRedemptionPremiumForDebtSecurityEI_label_2" xlink:arcrole="http://www.xbrl.org/2003/arcrole/concept-label" order="1" />
    <link:labelArc xlink:type="arc" xlink:from="jpfr-asr-E02778-000_IncreaseDueToMergerOfConsolidatedAndNonConsolidatedSubsidiariesRE" xlink:to="jpfr-asr-E02778-000_IncreaseDueToMergerOfConsolidatedAndNonConsolidatedSubsidiariesRE_label_2" xlink:arcrole="http://www.xbrl.org/2003/arcrole/concept-label" order="1" />
    <link:labelArc xlink:type="arc" xlink:from="jpfr-asr-E02778-000_DecreaseInRetainedEarningsDueToAdoptionOfPracticalSolutionOnUnificationOfAccountingPoliciesAppliedToAssociatesAccountedForUsingTheEquityMethodNA" xlink:to="jpfr-asr-E02778-000_DecreaseInRetainedEarningsDueToAdoptionOfPracticalSolutionOnUnificationOfAccountingPoliciesAppliedToAssociatesAccountedForUsingTheEquityMethodNA_label_2" xlink:arcrole="http://www.xbrl.org/2003/arcrole/concept-label" order="1" />
    <link:labelArc xlink:type="arc" xlink:from="jpfr-asr-E02778-000_DecreaseInCashAndCashEquivalentsResultingFromCorporate" xlink:to="jpfr-asr-E02778-000_DecreaseInCashAndCashEquivalentsResultingFromCorporate_label_2" xlink:arcrole="http://www.xbrl.org/2003/arcrole/concept-label" order="1" />
    <link:labelArc xlink:type="arc" xlink:from="jpfr-asr-E02778-000_TelecommunicationsServiceLinesNet" xlink:to="jpfr-asr-E02778-000_TelecommunicationsServiceLinesNet_label_1" xlink:arcrole="http://www.xbrl.org/2003/arcrole/concept-label" order="1" />
    <link:labelArc xlink:type="arc" xlink:from="jpfr-asr-E02778-000_LossOnInvestmentInPartnershipsNOE" xlink:to="jpfr-asr-E02778-000_LossOnInvestmentInPartnershipsNOE_label_2" xlink:arcrole="http://www.xbrl.org/2003/arcrole/concept-label" order="1" />
    <link:labelArc xlink:type="arc" xlink:from="jpfr-asr-E02778-000_TelecommunicationsEquipmentNet" xlink:to="jpfr-asr-E02778-000_TelecommunicationsEquipmentNet_label_2" xlink:arcrole="http://www.xbrl.org/2003/arcrole/concept-label" order="1" />
    <link:labelArc xlink:type="arc" xlink:from="jpfr-asr-E02778-000_InterestExpenseToSubsidiariesAndAffiliatesNOE" xlink:to="jpfr-asr-E02778-000_InterestExpenseToSubsidiariesAndAffiliatesNOE_label_2" xlink:arcrole="http://www.xbrl.org/2003/arcrole/concept-label" order="1" />
    <link:labelArc xlink:type="arc" xlink:from="jpfr-asr-E02778-000_IncreaseDueToMergerOfConsolidatedAndNonConsolidatedSubsidiariesNA" xlink:to="jpfr-asr-E02778-000_IncreaseDueToMergerOfConsolidatedAndNonConsolidatedSubsidiariesNA_label_2" xlink:arcrole="http://www.xbrl.org/2003/arcrole/concept-label" order="1" />
    <link:labelArc xlink:type="arc" xlink:from="jpfr-asr-E02778-000_TelecommunicationsServiceLinesNet" xlink:to="jpfr-asr-E02778-000_TelecommunicationsServiceLinesNet_label_2" xlink:arcrole="http://www.xbrl.org/2003/arcrole/concept-label" order="1" />
    <link:labelArc xlink:type="arc" xlink:from="jpfr-asr-E02778-000_DecreaseInRetainedEarningsDueToAdoptionOfPracticalSolutionOnUnificationOfAccountingPoliciesAppliedToAssociatesAccountedForUsingTheEquityMethodRE" xlink:to="jpfr-asr-E02778-000_DecreaseInRetainedEarningsDueToAdoptionOfPracticalSolutionOnUnificationOfAccountingPoliciesAppliedToAssociatesAccountedForUsingTheEquityMethodRE_label_2" xlink:arcrole="http://www.xbrl.org/2003/arcrole/concept-label" order="1" />
    <link:labelArc xlink:type="arc" xlink:from="jpfr-asr-E02778-000_PaymentsForAcquisitionOfMinorityInterestsAndLongTemDebtFinCF" xlink:to="jpfr-asr-E02778-000_PaymentsForAcquisitionOfMinorityInterestsAndLongTemDebtFinCF_label_2" xlink:arcrole="http://www.xbrl.org/2003/arcrole/concept-label" order="1" />
    <link:labelArc xlink:type="arc" xlink:from="jpfr-asr-E02778-000_RefinancingRelatedExpenseNOE" xlink:to="jpfr-asr-E02778-000_RefinancingRelatedExpenseNOE_label_2" xlink:arcrole="http://www.xbrl.org/2003/arcrole/concept-label" order="1" />
    <link:labelArc xlink:type="arc" xlink:from="jpfr-asr-E02778-000_ChangesInAForeignAffiliateSOwnershipInterestInItsSubsidiaryThatDoNotResultInALossOfControlCS" xlink:to="jpfr-asr-E02778-000_ChangesInAForeignAffiliateSOwnershipInterestInItsSubsidiaryThatDoNotResultInALossOfControlCS_label_2" xlink:arcrole="http://www.xbrl.org/2003/arcrole/concept-label" order="1" />
    <link:labelArc xlink:type="arc" xlink:from="jpfr-asr-E02778-000_LumpSumRecognitionOfUnrecordedInterestOnLoanToSubsidiariesAndAffiliatesEI" xlink:to="jpfr-asr-E02778-000_LumpSumRecognitionOfUnrecordedInterestOnLoanToSubsidiariesAndAffiliatesEI_label_2" xlink:arcrole="http://www.xbrl.org/2003/arcrole/concept-label" order="1" />
    <link:labelArc xlink:type="arc" xlink:from="jpfr-asr-E02778-000_DividendsFromSubsidiariesAndAffiliatesNOI" xlink:to="jpfr-asr-E02778-000_DividendsFromSubsidiariesAndAffiliatesNOI_label_2" xlink:arcrole="http://www.xbrl.org/2003/arcrole/concept-label" order="1" />
    <link:labelArc xlink:type="arc" xlink:from="jpfr-asr-E02778-000_PrepaymentPremiumEL" xlink:to="jpfr-asr-E02778-000_PrepaymentPremiumEL_label_2" xlink:arcrole="http://www.xbrl.org/2003/arcrole/concept-label" order="1" />
    <link:labelArc xlink:type="arc" xlink:from="jpfr-asr-E02778-000_ChangesInAForeignAffiliateSOwnershipInterestInItsSubsidiaryThatDoNotResultInALossOfControlNA" xlink:to="jpfr-asr-E02778-000_ChangesInAForeignAffiliateSOwnershipInterestInItsSubsidiaryThatDoNotResultInALossOfControlNA_label_2" xlink:arcrole="http://www.xbrl.org/2003/arcrole/concept-label" order="1" />
    <link:labelArc xlink:type="arc" xlink:from="jpfr-asr-E02778-000_ProceedsFromSaleAndLeaseBackOfEquipmentNewlyAcquiredFinCF" xlink:to="jpfr-asr-E02778-000_ProceedsFromSaleAndLeaseBackOfEquipmentNewlyAcquiredFinCF_label_2" xlink:arcrole="http://www.xbrl.org/2003/arcrole/concept-label" order="1" />
  </link:labelLink>
</link:linkbase>