<?xml version="1.0" encoding="UTF-8"?>
<link:linkbase xmlns:xsi="http://www.w3.org/2001/XMLSchema-instance" xsi:schemaLocation="http://www.xbrl.org/2003/linkbase http://www.xbrl.org/2003/xbrl-linkbase-2003-12-31.xsd" xmlns:jpfr-asr-E03513-000="http://info.edinet-fsa.go.jp/jp/fr/gaap/E03513-000/asr/2012-12-31/01/2013-03-25" xmlns:link="http://www.xbrl.org/2003/linkbase" xmlns:xlink="http://www.w3.org/1999/xlink" xmlns:xbrli="http://www.xbrl.org/2003/instance">
<link:labelLink xlink:type="extended" xlink:role="http://www.xbrl.org/2003/role/link">
<link:loc xlink:type="locator" xlink:href="jpfr-asr-E03513-000-2012-12-31-01-2013-03-25.xsd#jpfr-asr-E03513-000_CompensationIncomeOfStoreSCancellationOpeCF" xlink:label="jpfr-asr-E03513-000_CompensationIncomeOfStoreSCancellationOpeCF.1"/>
<link:label xlink:type="resource" xlink:label="label_jpfr-asr-E03513-000_CompensationIncomeOfStoreSCancellationOpeCF_label.1" xlink:role="http://www.xbrl.org/2003/role/label" xml:lang="ja">店舗等解約補償金</link:label>
<link:labelArc xlink:type="arc" xlink:arcrole="http://www.xbrl.org/2003/arcrole/concept-label" xlink:from="jpfr-asr-E03513-000_CompensationIncomeOfStoreSCancellationOpeCF.1" xlink:to="label_jpfr-asr-E03513-000_CompensationIncomeOfStoreSCancellationOpeCF_label.1"/>
<link:loc xlink:type="locator" xlink:href="jpfr-asr-E03513-000-2012-12-31-01-2013-03-25.xsd#jpfr-asr-E03513-000_CompensationIncomeOfStoreSCancellationOpeCF" xlink:label="jpfr-asr-E03513-000_CompensationIncomeOfStoreSCancellationOpeCF.2"/>
<link:label xlink:type="resource" xlink:label="label_jpfr-asr-E03513-000_CompensationIncomeOfStoreSCancellationOpeCF_verboseLabel.1" xlink:role="http://www.xbrl.org/2003/role/verboseLabel" xml:lang="ja">店舗等解約補償金、営業活動によるキャッシュ・フロー</link:label>
<link:labelArc xlink:type="arc" xlink:arcrole="http://www.xbrl.org/2003/arcrole/concept-label" xlink:from="jpfr-asr-E03513-000_CompensationIncomeOfStoreSCancellationOpeCF.2" xlink:to="label_jpfr-asr-E03513-000_CompensationIncomeOfStoreSCancellationOpeCF_verboseLabel.1"/>
<link:loc xlink:type="locator" xlink:href="jpfr-asr-E03513-000-2012-12-31-01-2013-03-25.xsd#jpfr-asr-E03513-000_CompensationIncomeOfStoreSCancellationOpeCF" xlink:label="jpfr-asr-E03513-000_CompensationIncomeOfStoreSCancellationOpeCF.3"/>
<link:label xlink:type="resource" xlink:label="label_jpfr-asr-E03513-000_CompensationIncomeOfStoreSCancellationOpeCF_documentation.1" xlink:role="http://www.xbrl.org/2003/role/documentation" xml:lang="ja">店舗等解約補償金、営業活動によるキャッシュ・フロー</link:label>
<link:labelArc xlink:type="arc" xlink:arcrole="http://www.xbrl.org/2003/arcrole/concept-label" xlink:from="jpfr-asr-E03513-000_CompensationIncomeOfStoreSCancellationOpeCF.3" xlink:to="label_jpfr-asr-E03513-000_CompensationIncomeOfStoreSCancellationOpeCF_documentation.1"/>
<link:loc xlink:type="locator" xlink:href="jpfr-asr-E03513-000-2012-12-31-01-2013-03-25.xsd#jpfr-asr-E03513-000_CollectionOfLoansReceivableToSubsidiariesAndAffiliatesInvCF" xlink:label="jpfr-asr-E03513-000_CollectionOfLoansReceivableToSubsidiariesAndAffiliatesInvCF.1"/>
<link:label xlink:type="resource" xlink:label="label_jpfr-asr-E03513-000_CollectionOfLoansReceivableToSubsidiariesAndAffiliatesInvCF_label.1" xlink:role="http://www.xbrl.org/2003/role/label" xml:lang="ja">関係会社貸付金の回収による収入</link:label>
<link:labelArc xlink:type="arc" xlink:arcrole="http://www.xbrl.org/2003/arcrole/concept-label" xlink:from="jpfr-asr-E03513-000_CollectionOfLoansReceivableToSubsidiariesAndAffiliatesInvCF.1" xlink:to="label_jpfr-asr-E03513-000_CollectionOfLoansReceivableToSubsidiariesAndAffiliatesInvCF_label.1"/>
<link:loc xlink:type="locator" xlink:href="jpfr-asr-E03513-000-2012-12-31-01-2013-03-25.xsd#jpfr-asr-E03513-000_CollectionOfLoansReceivableToSubsidiariesAndAffiliatesInvCF" xlink:label="jpfr-asr-E03513-000_CollectionOfLoansReceivableToSubsidiariesAndAffiliatesInvCF.2"/>
<link:label xlink:type="resource" xlink:label="label_jpfr-asr-E03513-000_CollectionOfLoansReceivableToSubsidiariesAndAffiliatesInvCF_verboseLabel.1" xlink:role="http://www.xbrl.org/2003/role/verboseLabel" xml:lang="ja">関係会社貸付金の回収による収入、投資活動によるキャッシュ・フロー</link:label>
<link:labelArc xlink:type="arc" xlink:arcrole="http://www.xbrl.org/2003/arcrole/concept-label" xlink:from="jpfr-asr-E03513-000_CollectionOfLoansReceivableToSubsidiariesAndAffiliatesInvCF.2" xlink:to="label_jpfr-asr-E03513-000_CollectionOfLoansReceivableToSubsidiariesAndAffiliatesInvCF_verboseLabel.1"/>
<link:loc xlink:type="locator" xlink:href="jpfr-asr-E03513-000-2012-12-31-01-2013-03-25.xsd#jpfr-asr-E03513-000_CollectionOfLoansReceivableToSubsidiariesAndAffiliatesInvCF" xlink:label="jpfr-asr-E03513-000_CollectionOfLoansReceivableToSubsidiariesAndAffiliatesInvCF.3"/>
<link:label xlink:type="resource" xlink:label="label_jpfr-asr-E03513-000_CollectionOfLoansReceivableToSubsidiariesAndAffiliatesInvCF_documentation.1" xlink:role="http://www.xbrl.org/2003/role/documentation" xml:lang="ja">関係会社貸付金の回収による収入、投資活動によるキャッシュ・フロー</link:label>
<link:labelArc xlink:type="arc" xlink:arcrole="http://www.xbrl.org/2003/arcrole/concept-label" xlink:from="jpfr-asr-E03513-000_CollectionOfLoansReceivableToSubsidiariesAndAffiliatesInvCF.3" xlink:to="label_jpfr-asr-E03513-000_CollectionOfLoansReceivableToSubsidiariesAndAffiliatesInvCF_documentation.1"/>
<link:loc xlink:type="locator" xlink:href="jpfr-asr-E03513-000-2012-12-31-01-2013-03-25.xsd#jpfr-asr-E03513-000_PaymentsIntoSubsidiariesAndAffiliatesInvCF" xlink:label="jpfr-asr-E03513-000_PaymentsIntoSubsidiariesAndAffiliatesInvCF.1"/>
<link:label xlink:type="resource" xlink:label="label_jpfr-asr-E03513-000_PaymentsIntoSubsidiariesAndAffiliatesInvCF_label.1" xlink:role="http://www.xbrl.org/2003/role/label" xml:lang="ja">関係会社預け金の預入による支出</link:label>
<link:labelArc xlink:type="arc" xlink:arcrole="http://www.xbrl.org/2003/arcrole/concept-label" xlink:from="jpfr-asr-E03513-000_PaymentsIntoSubsidiariesAndAffiliatesInvCF.1" xlink:to="label_jpfr-asr-E03513-000_PaymentsIntoSubsidiariesAndAffiliatesInvCF_label.1"/>
<link:loc xlink:type="locator" xlink:href="jpfr-asr-E03513-000-2012-12-31-01-2013-03-25.xsd#jpfr-asr-E03513-000_PaymentsIntoSubsidiariesAndAffiliatesInvCF" xlink:label="jpfr-asr-E03513-000_PaymentsIntoSubsidiariesAndAffiliatesInvCF.2"/>
<link:label xlink:type="resource" xlink:label="label_jpfr-asr-E03513-000_PaymentsIntoSubsidiariesAndAffiliatesInvCF_verboseLabel.1" xlink:role="http://www.xbrl.org/2003/role/verboseLabel" xml:lang="ja">関係会社預け金の預入による支出、投資活動によるキャッシュ・フロー</link:label>
<link:labelArc xlink:type="arc" xlink:arcrole="http://www.xbrl.org/2003/arcrole/concept-label" xlink:from="jpfr-asr-E03513-000_PaymentsIntoSubsidiariesAndAffiliatesInvCF.2" xlink:to="label_jpfr-asr-E03513-000_PaymentsIntoSubsidiariesAndAffiliatesInvCF_verboseLabel.1"/>
<link:loc xlink:type="locator" xlink:href="jpfr-asr-E03513-000-2012-12-31-01-2013-03-25.xsd#jpfr-asr-E03513-000_PaymentsIntoSubsidiariesAndAffiliatesInvCF" xlink:label="jpfr-asr-E03513-000_PaymentsIntoSubsidiariesAndAffiliatesInvCF.3"/>
<link:label xlink:type="resource" xlink:label="label_jpfr-asr-E03513-000_PaymentsIntoSubsidiariesAndAffiliatesInvCF_documentation.1" xlink:role="http://www.xbrl.org/2003/role/documentation" xml:lang="ja">関係会社預け金の預入による支出、投資活動によるキャッシュ・フロー</link:label>
<link:labelArc xlink:type="arc" xlink:arcrole="http://www.xbrl.org/2003/arcrole/concept-label" xlink:from="jpfr-asr-E03513-000_PaymentsIntoSubsidiariesAndAffiliatesInvCF.3" xlink:to="label_jpfr-asr-E03513-000_PaymentsIntoSubsidiariesAndAffiliatesInvCF_documentation.1"/>
<link:loc xlink:type="locator" xlink:href="jpfr-asr-E03513-000-2012-12-31-01-2013-03-25.xsd#jpfr-asr-E03513-000_CollectionOfDepositInSubsidiariesAndAffiliatesInvCF" xlink:label="jpfr-asr-E03513-000_CollectionOfDepositInSubsidiariesAndAffiliatesInvCF.1"/>
<link:label xlink:type="resource" xlink:label="label_jpfr-asr-E03513-000_CollectionOfDepositInSubsidiariesAndAffiliatesInvCF_label.1" xlink:role="http://www.xbrl.org/2003/role/label" xml:lang="ja">関係会社預け金の払戻による収入</link:label>
<link:labelArc xlink:type="arc" xlink:arcrole="http://www.xbrl.org/2003/arcrole/concept-label" xlink:from="jpfr-asr-E03513-000_CollectionOfDepositInSubsidiariesAndAffiliatesInvCF.1" xlink:to="label_jpfr-asr-E03513-000_CollectionOfDepositInSubsidiariesAndAffiliatesInvCF_label.1"/>
<link:loc xlink:type="locator" xlink:href="jpfr-asr-E03513-000-2012-12-31-01-2013-03-25.xsd#jpfr-asr-E03513-000_CollectionOfDepositInSubsidiariesAndAffiliatesInvCF" xlink:label="jpfr-asr-E03513-000_CollectionOfDepositInSubsidiariesAndAffiliatesInvCF.2"/>
<link:label xlink:type="resource" xlink:label="label_jpfr-asr-E03513-000_CollectionOfDepositInSubsidiariesAndAffiliatesInvCF_verboseLabel.1" xlink:role="http://www.xbrl.org/2003/role/verboseLabel" xml:lang="ja">関係会社預け金の払戻による収入、投資活動によるキャッシュ・フロー</link:label>
<link:labelArc xlink:type="arc" xlink:arcrole="http://www.xbrl.org/2003/arcrole/concept-label" xlink:from="jpfr-asr-E03513-000_CollectionOfDepositInSubsidiariesAndAffiliatesInvCF.2" xlink:to="label_jpfr-asr-E03513-000_CollectionOfDepositInSubsidiariesAndAffiliatesInvCF_verboseLabel.1"/>
<link:loc xlink:type="locator" xlink:href="jpfr-asr-E03513-000-2012-12-31-01-2013-03-25.xsd#jpfr-asr-E03513-000_CollectionOfDepositInSubsidiariesAndAffiliatesInvCF" xlink:label="jpfr-asr-E03513-000_CollectionOfDepositInSubsidiariesAndAffiliatesInvCF.3"/>
<link:label xlink:type="resource" xlink:label="label_jpfr-asr-E03513-000_CollectionOfDepositInSubsidiariesAndAffiliatesInvCF_documentation.1" xlink:role="http://www.xbrl.org/2003/role/documentation" xml:lang="ja">関係会社預け金の払戻による収入、投資活動によるキャッシュ・フロー</link:label>
<link:labelArc xlink:type="arc" xlink:arcrole="http://www.xbrl.org/2003/arcrole/concept-label" xlink:from="jpfr-asr-E03513-000_CollectionOfDepositInSubsidiariesAndAffiliatesInvCF.3" xlink:to="label_jpfr-asr-E03513-000_CollectionOfDepositInSubsidiariesAndAffiliatesInvCF_documentation.1"/>
<link:loc xlink:type="locator" xlink:href="jpfr-asr-E03513-000-2012-12-31-01-2013-03-25.xsd#jpfr-asr-E03513-000_ProceedsFromGuaranteeDepositsReceivedFinCF" xlink:label="jpfr-asr-E03513-000_ProceedsFromGuaranteeDepositsReceivedFinCF.1"/>
<link:label xlink:type="resource" xlink:label="label_jpfr-asr-E03513-000_ProceedsFromGuaranteeDepositsReceivedFinCF_label.1" xlink:role="http://www.xbrl.org/2003/role/label" xml:lang="ja">預り保証金の受入による収入</link:label>
<link:labelArc xlink:type="arc" xlink:arcrole="http://www.xbrl.org/2003/arcrole/concept-label" xlink:from="jpfr-asr-E03513-000_ProceedsFromGuaranteeDepositsReceivedFinCF.1" xlink:to="label_jpfr-asr-E03513-000_ProceedsFromGuaranteeDepositsReceivedFinCF_label.1"/>
<link:loc xlink:type="locator" xlink:href="jpfr-asr-E03513-000-2012-12-31-01-2013-03-25.xsd#jpfr-asr-E03513-000_ProceedsFromGuaranteeDepositsReceivedFinCF" xlink:label="jpfr-asr-E03513-000_ProceedsFromGuaranteeDepositsReceivedFinCF.2"/>
<link:label xlink:type="resource" xlink:label="label_jpfr-asr-E03513-000_ProceedsFromGuaranteeDepositsReceivedFinCF_verboseLabel.1" xlink:role="http://www.xbrl.org/2003/role/verboseLabel" xml:lang="ja">預り保証金の受入による収入、財務活動によるキャッシュ・フロー</link:label>
<link:labelArc xlink:type="arc" xlink:arcrole="http://www.xbrl.org/2003/arcrole/concept-label" xlink:from="jpfr-asr-E03513-000_ProceedsFromGuaranteeDepositsReceivedFinCF.2" xlink:to="label_jpfr-asr-E03513-000_ProceedsFromGuaranteeDepositsReceivedFinCF_verboseLabel.1"/>
<link:loc xlink:type="locator" xlink:href="jpfr-asr-E03513-000-2012-12-31-01-2013-03-25.xsd#jpfr-asr-E03513-000_ProceedsFromGuaranteeDepositsReceivedFinCF" xlink:label="jpfr-asr-E03513-000_ProceedsFromGuaranteeDepositsReceivedFinCF.3"/>
<link:label xlink:type="resource" xlink:label="label_jpfr-asr-E03513-000_ProceedsFromGuaranteeDepositsReceivedFinCF_documentation.1" xlink:role="http://www.xbrl.org/2003/role/documentation" xml:lang="ja">預り保証金の受入による収入、財務活動によるキャッシュ・フロー</link:label>
<link:labelArc xlink:type="arc" xlink:arcrole="http://www.xbrl.org/2003/arcrole/concept-label" xlink:from="jpfr-asr-E03513-000_ProceedsFromGuaranteeDepositsReceivedFinCF.3" xlink:to="label_jpfr-asr-E03513-000_ProceedsFromGuaranteeDepositsReceivedFinCF_documentation.1"/>
<link:loc xlink:type="locator" xlink:href="jpfr-asr-E03513-000-2012-12-31-01-2013-03-25.xsd#jpfr-asr-E03513-000_RepaymentsOfGuaranteeDepositsReceivedFinCF" xlink:label="jpfr-asr-E03513-000_RepaymentsOfGuaranteeDepositsReceivedFinCF.1"/>
<link:label xlink:type="resource" xlink:label="label_jpfr-asr-E03513-000_RepaymentsOfGuaranteeDepositsReceivedFinCF_label.1" xlink:role="http://www.xbrl.org/2003/role/label" xml:lang="ja">預り保証金の返還による支出</link:label>
<link:labelArc xlink:type="arc" xlink:arcrole="http://www.xbrl.org/2003/arcrole/concept-label" xlink:from="jpfr-asr-E03513-000_RepaymentsOfGuaranteeDepositsReceivedFinCF.1" xlink:to="label_jpfr-asr-E03513-000_RepaymentsOfGuaranteeDepositsReceivedFinCF_label.1"/>
<link:loc xlink:type="locator" xlink:href="jpfr-asr-E03513-000-2012-12-31-01-2013-03-25.xsd#jpfr-asr-E03513-000_RepaymentsOfGuaranteeDepositsReceivedFinCF" xlink:label="jpfr-asr-E03513-000_RepaymentsOfGuaranteeDepositsReceivedFinCF.2"/>
<link:label xlink:type="resource" xlink:label="label_jpfr-asr-E03513-000_RepaymentsOfGuaranteeDepositsReceivedFinCF_verboseLabel.1" xlink:role="http://www.xbrl.org/2003/role/verboseLabel" xml:lang="ja">預り保証金の返還による支出、財務活動によるキャッシュ・フロー</link:label>
<link:labelArc xlink:type="arc" xlink:arcrole="http://www.xbrl.org/2003/arcrole/concept-label" xlink:from="jpfr-asr-E03513-000_RepaymentsOfGuaranteeDepositsReceivedFinCF.2" xlink:to="label_jpfr-asr-E03513-000_RepaymentsOfGuaranteeDepositsReceivedFinCF_verboseLabel.1"/>
<link:loc xlink:type="locator" xlink:href="jpfr-asr-E03513-000-2012-12-31-01-2013-03-25.xsd#jpfr-asr-E03513-000_RepaymentsOfGuaranteeDepositsReceivedFinCF" xlink:label="jpfr-asr-E03513-000_RepaymentsOfGuaranteeDepositsReceivedFinCF.3"/>
<link:label xlink:type="resource" xlink:label="label_jpfr-asr-E03513-000_RepaymentsOfGuaranteeDepositsReceivedFinCF_documentation.1" xlink:role="http://www.xbrl.org/2003/role/documentation" xml:lang="ja">預り保証金の返還による支出、財務活動によるキャッシュ・フロー</link:label>
<link:labelArc xlink:type="arc" xlink:arcrole="http://www.xbrl.org/2003/arcrole/concept-label" xlink:from="jpfr-asr-E03513-000_RepaymentsOfGuaranteeDepositsReceivedFinCF.3" xlink:to="label_jpfr-asr-E03513-000_RepaymentsOfGuaranteeDepositsReceivedFinCF_documentation.1"/>
<link:loc xlink:type="locator" xlink:href="jpfr-asr-E03513-000-2012-12-31-01-2013-03-25.xsd#jpfr-asr-E03513-000_CostOfGoodsAndRawMaterialsSoldAbstract" xlink:label="jpfr-asr-E03513-000_CostOfGoodsAndRawMaterialsSoldAbstract.1"/>
<link:label xlink:type="resource" xlink:label="label_jpfr-asr-E03513-000_CostOfGoodsAndRawMaterialsSoldAbstract_label.1" xlink:role="http://www.xbrl.org/2003/role/label" xml:lang="ja">商品・原材料売上原価</link:label>
<link:labelArc xlink:type="arc" xlink:arcrole="http://www.xbrl.org/2003/arcrole/concept-label" xlink:from="jpfr-asr-E03513-000_CostOfGoodsAndRawMaterialsSoldAbstract.1" xlink:to="label_jpfr-asr-E03513-000_CostOfGoodsAndRawMaterialsSoldAbstract_label.1"/>
<link:loc xlink:type="locator" xlink:href="jpfr-asr-E03513-000-2012-12-31-01-2013-03-25.xsd#jpfr-asr-E03513-000_CostOfGoodsAndRawMaterialsSoldAbstract" xlink:label="jpfr-asr-E03513-000_CostOfGoodsAndRawMaterialsSoldAbstract.2"/>
<link:label xlink:type="resource" xlink:label="label_jpfr-asr-E03513-000_CostOfGoodsAndRawMaterialsSoldAbstract_verboseLabel.1" xlink:role="http://www.xbrl.org/2003/role/verboseLabel" xml:lang="ja">商品・原材料売上原価、タイトル項目</link:label>
<link:labelArc xlink:type="arc" xlink:arcrole="http://www.xbrl.org/2003/arcrole/concept-label" xlink:from="jpfr-asr-E03513-000_CostOfGoodsAndRawMaterialsSoldAbstract.2" xlink:to="label_jpfr-asr-E03513-000_CostOfGoodsAndRawMaterialsSoldAbstract_verboseLabel.1"/>
<link:loc xlink:type="locator" xlink:href="jpfr-asr-E03513-000-2012-12-31-01-2013-03-25.xsd#jpfr-asr-E03513-000_CostOfGoodsAndRawMaterialsSoldAbstract" xlink:label="jpfr-asr-E03513-000_CostOfGoodsAndRawMaterialsSoldAbstract.3"/>
<link:label xlink:type="resource" xlink:label="label_jpfr-asr-E03513-000_CostOfGoodsAndRawMaterialsSoldAbstract_documentation.1" xlink:role="http://www.xbrl.org/2003/role/documentation" xml:lang="ja">商品・原材料売上原価、タイトル項目</link:label>
<link:labelArc xlink:type="arc" xlink:arcrole="http://www.xbrl.org/2003/arcrole/concept-label" xlink:from="jpfr-asr-E03513-000_CostOfGoodsAndRawMaterialsSoldAbstract.3" xlink:to="label_jpfr-asr-E03513-000_CostOfGoodsAndRawMaterialsSoldAbstract_documentation.1"/>
<link:loc xlink:type="locator" xlink:href="jpfr-asr-E03513-000-2012-12-31-01-2013-03-25.xsd#jpfr-asr-E03513-000_BeginningGoodsAndRawMaterialsCOSExpOA" xlink:label="jpfr-asr-E03513-000_BeginningGoodsAndRawMaterialsCOSExpOA.1"/>
<link:label xlink:type="resource" xlink:label="label_jpfr-asr-E03513-000_BeginningGoodsAndRawMaterialsCOSExpOA_label.1" xlink:role="http://www.xbrl.org/2003/role/label" xml:lang="ja">商品・原材料期首たな卸高</link:label>
<link:labelArc xlink:type="arc" xlink:arcrole="http://www.xbrl.org/2003/arcrole/concept-label" xlink:from="jpfr-asr-E03513-000_BeginningGoodsAndRawMaterialsCOSExpOA.1" xlink:to="label_jpfr-asr-E03513-000_BeginningGoodsAndRawMaterialsCOSExpOA_label.1"/>
<link:loc xlink:type="locator" xlink:href="jpfr-asr-E03513-000-2012-12-31-01-2013-03-25.xsd#jpfr-asr-E03513-000_BeginningGoodsAndRawMaterialsCOSExpOA" xlink:label="jpfr-asr-E03513-000_BeginningGoodsAndRawMaterialsCOSExpOA.2"/>
<link:label xlink:type="resource" xlink:label="label_jpfr-asr-E03513-000_BeginningGoodsAndRawMaterialsCOSExpOA_verboseLabel.1" xlink:role="http://www.xbrl.org/2003/role/verboseLabel" xml:lang="ja">商品・原材料期首たな卸高、営業活動による費用・売上原価</link:label>
<link:labelArc xlink:type="arc" xlink:arcrole="http://www.xbrl.org/2003/arcrole/concept-label" xlink:from="jpfr-asr-E03513-000_BeginningGoodsAndRawMaterialsCOSExpOA.2" xlink:to="label_jpfr-asr-E03513-000_BeginningGoodsAndRawMaterialsCOSExpOA_verboseLabel.1"/>
<link:loc xlink:type="locator" xlink:href="jpfr-asr-E03513-000-2012-12-31-01-2013-03-25.xsd#jpfr-asr-E03513-000_BeginningGoodsAndRawMaterialsCOSExpOA" xlink:label="jpfr-asr-E03513-000_BeginningGoodsAndRawMaterialsCOSExpOA.3"/>
<link:label xlink:type="resource" xlink:label="label_jpfr-asr-E03513-000_BeginningGoodsAndRawMaterialsCOSExpOA_documentation.1" xlink:role="http://www.xbrl.org/2003/role/documentation" xml:lang="ja">商品・原材料期首たな卸高、営業活動による費用・売上原価</link:label>
<link:labelArc xlink:type="arc" xlink:arcrole="http://www.xbrl.org/2003/arcrole/concept-label" xlink:from="jpfr-asr-E03513-000_BeginningGoodsAndRawMaterialsCOSExpOA.3" xlink:to="label_jpfr-asr-E03513-000_BeginningGoodsAndRawMaterialsCOSExpOA_documentation.1"/>
<link:loc xlink:type="locator" xlink:href="jpfr-asr-E03513-000-2012-12-31-01-2013-03-25.xsd#jpfr-asr-E03513-000_PurchasedGoodsAndRawMaterialsCOSExpOA" xlink:label="jpfr-asr-E03513-000_PurchasedGoodsAndRawMaterialsCOSExpOA.1"/>
<link:label xlink:type="resource" xlink:label="label_jpfr-asr-E03513-000_PurchasedGoodsAndRawMaterialsCOSExpOA_label.1" xlink:role="http://www.xbrl.org/2003/role/label" xml:lang="ja">当期商品・原材料仕入高</link:label>
<link:labelArc xlink:type="arc" xlink:arcrole="http://www.xbrl.org/2003/arcrole/concept-label" xlink:from="jpfr-asr-E03513-000_PurchasedGoodsAndRawMaterialsCOSExpOA.1" xlink:to="label_jpfr-asr-E03513-000_PurchasedGoodsAndRawMaterialsCOSExpOA_label.1"/>
<link:loc xlink:type="locator" xlink:href="jpfr-asr-E03513-000-2012-12-31-01-2013-03-25.xsd#jpfr-asr-E03513-000_PurchasedGoodsAndRawMaterialsCOSExpOA" xlink:label="jpfr-asr-E03513-000_PurchasedGoodsAndRawMaterialsCOSExpOA.2"/>
<link:label xlink:type="resource" xlink:label="label_jpfr-asr-E03513-000_PurchasedGoodsAndRawMaterialsCOSExpOA_verboseLabel.1" xlink:role="http://www.xbrl.org/2003/role/verboseLabel" xml:lang="ja">当期商品・原材料仕入高、営業活動による費用・売上原価</link:label>
<link:labelArc xlink:type="arc" xlink:arcrole="http://www.xbrl.org/2003/arcrole/concept-label" xlink:from="jpfr-asr-E03513-000_PurchasedGoodsAndRawMaterialsCOSExpOA.2" xlink:to="label_jpfr-asr-E03513-000_PurchasedGoodsAndRawMaterialsCOSExpOA_verboseLabel.1"/>
<link:loc xlink:type="locator" xlink:href="jpfr-asr-E03513-000-2012-12-31-01-2013-03-25.xsd#jpfr-asr-E03513-000_PurchasedGoodsAndRawMaterialsCOSExpOA" xlink:label="jpfr-asr-E03513-000_PurchasedGoodsAndRawMaterialsCOSExpOA.3"/>
<link:label xlink:type="resource" xlink:label="label_jpfr-asr-E03513-000_PurchasedGoodsAndRawMaterialsCOSExpOA_documentation.1" xlink:role="http://www.xbrl.org/2003/role/documentation" xml:lang="ja">当期商品・原材料仕入高、営業活動による費用・売上原価</link:label>
<link:labelArc xlink:type="arc" xlink:arcrole="http://www.xbrl.org/2003/arcrole/concept-label" xlink:from="jpfr-asr-E03513-000_PurchasedGoodsAndRawMaterialsCOSExpOA.3" xlink:to="label_jpfr-asr-E03513-000_PurchasedGoodsAndRawMaterialsCOSExpOA_documentation.1"/>
<link:loc xlink:type="locator" xlink:href="jpfr-asr-E03513-000-2012-12-31-01-2013-03-25.xsd#jpfr-asr-E03513-000_TotalBeginningAndPurchaseOfGoodsAndRawMaterials" xlink:label="jpfr-asr-E03513-000_TotalBeginningAndPurchaseOfGoodsAndRawMaterials.1"/>
<link:label xlink:type="resource" xlink:label="label_jpfr-asr-E03513-000_TotalBeginningAndPurchaseOfGoodsAndRawMaterials_label.1" xlink:role="http://www.xbrl.org/2003/role/label" xml:lang="ja">合計</link:label>
<link:labelArc xlink:type="arc" xlink:arcrole="http://www.xbrl.org/2003/arcrole/concept-label" xlink:from="jpfr-asr-E03513-000_TotalBeginningAndPurchaseOfGoodsAndRawMaterials.1" xlink:to="label_jpfr-asr-E03513-000_TotalBeginningAndPurchaseOfGoodsAndRawMaterials_label.1"/>
<link:loc xlink:type="locator" xlink:href="jpfr-asr-E03513-000-2012-12-31-01-2013-03-25.xsd#jpfr-asr-E03513-000_TotalBeginningAndPurchaseOfGoodsAndRawMaterials" xlink:label="jpfr-asr-E03513-000_TotalBeginningAndPurchaseOfGoodsAndRawMaterials.2"/>
<link:label xlink:type="resource" xlink:label="label_jpfr-asr-E03513-000_TotalBeginningAndPurchaseOfGoodsAndRawMaterials_totalLabel.1" xlink:role="http://www.xbrl.org/2003/role/totalLabel" xml:lang="ja">合計</link:label>
<link:labelArc xlink:type="arc" xlink:arcrole="http://www.xbrl.org/2003/arcrole/concept-label" xlink:from="jpfr-asr-E03513-000_TotalBeginningAndPurchaseOfGoodsAndRawMaterials.2" xlink:to="label_jpfr-asr-E03513-000_TotalBeginningAndPurchaseOfGoodsAndRawMaterials_totalLabel.1"/>
<link:loc xlink:type="locator" xlink:href="jpfr-asr-E03513-000-2012-12-31-01-2013-03-25.xsd#jpfr-asr-E03513-000_TotalBeginningAndPurchaseOfGoodsAndRawMaterials" xlink:label="jpfr-asr-E03513-000_TotalBeginningAndPurchaseOfGoodsAndRawMaterials.3"/>
<link:label xlink:type="resource" xlink:label="label_jpfr-asr-E03513-000_TotalBeginningAndPurchaseOfGoodsAndRawMaterials_verboseLabel.1" xlink:role="http://www.xbrl.org/2003/role/verboseLabel" xml:lang="ja">合計、商品・原材料期首たな卸高及び当期商品・原材料仕入高</link:label>
<link:labelArc xlink:type="arc" xlink:arcrole="http://www.xbrl.org/2003/arcrole/concept-label" xlink:from="jpfr-asr-E03513-000_TotalBeginningAndPurchaseOfGoodsAndRawMaterials.3" xlink:to="label_jpfr-asr-E03513-000_TotalBeginningAndPurchaseOfGoodsAndRawMaterials_verboseLabel.1"/>
<link:loc xlink:type="locator" xlink:href="jpfr-asr-E03513-000-2012-12-31-01-2013-03-25.xsd#jpfr-asr-E03513-000_TotalBeginningAndPurchaseOfGoodsAndRawMaterials" xlink:label="jpfr-asr-E03513-000_TotalBeginningAndPurchaseOfGoodsAndRawMaterials.4"/>
<link:label xlink:type="resource" xlink:label="label_jpfr-asr-E03513-000_TotalBeginningAndPurchaseOfGoodsAndRawMaterials_documentation.1" xlink:role="http://www.xbrl.org/2003/role/documentation" xml:lang="ja">合計、商品・原材料期首たな卸高及び当期商品・原材料仕入高</link:label>
<link:labelArc xlink:type="arc" xlink:arcrole="http://www.xbrl.org/2003/arcrole/concept-label" xlink:from="jpfr-asr-E03513-000_TotalBeginningAndPurchaseOfGoodsAndRawMaterials.4" xlink:to="label_jpfr-asr-E03513-000_TotalBeginningAndPurchaseOfGoodsAndRawMaterials_documentation.1"/>
<link:loc xlink:type="locator" xlink:href="jpfr-asr-E03513-000-2012-12-31-01-2013-03-25.xsd#jpfr-asr-E03513-000_EndingGoodsAndRawMaterialsCOSExpOA" xlink:label="jpfr-asr-E03513-000_EndingGoodsAndRawMaterialsCOSExpOA.1"/>
<link:label xlink:type="resource" xlink:label="label_jpfr-asr-E03513-000_EndingGoodsAndRawMaterialsCOSExpOA_label.1" xlink:role="http://www.xbrl.org/2003/role/label" xml:lang="ja">商品・原材料期末たな卸高</link:label>
<link:labelArc xlink:type="arc" xlink:arcrole="http://www.xbrl.org/2003/arcrole/concept-label" xlink:from="jpfr-asr-E03513-000_EndingGoodsAndRawMaterialsCOSExpOA.1" xlink:to="label_jpfr-asr-E03513-000_EndingGoodsAndRawMaterialsCOSExpOA_label.1"/>
<link:loc xlink:type="locator" xlink:href="jpfr-asr-E03513-000-2012-12-31-01-2013-03-25.xsd#jpfr-asr-E03513-000_EndingGoodsAndRawMaterialsCOSExpOA" xlink:label="jpfr-asr-E03513-000_EndingGoodsAndRawMaterialsCOSExpOA.2"/>
<link:label xlink:type="resource" xlink:label="label_jpfr-asr-E03513-000_EndingGoodsAndRawMaterialsCOSExpOA_verboseLabel.1" xlink:role="http://www.xbrl.org/2003/role/verboseLabel" xml:lang="ja">商品・原材料期末たな卸高、営業活動による費用・売上原価</link:label>
<link:labelArc xlink:type="arc" xlink:arcrole="http://www.xbrl.org/2003/arcrole/concept-label" xlink:from="jpfr-asr-E03513-000_EndingGoodsAndRawMaterialsCOSExpOA.2" xlink:to="label_jpfr-asr-E03513-000_EndingGoodsAndRawMaterialsCOSExpOA_verboseLabel.1"/>
<link:loc xlink:type="locator" xlink:href="jpfr-asr-E03513-000-2012-12-31-01-2013-03-25.xsd#jpfr-asr-E03513-000_EndingGoodsAndRawMaterialsCOSExpOA" xlink:label="jpfr-asr-E03513-000_EndingGoodsAndRawMaterialsCOSExpOA.3"/>
<link:label xlink:type="resource" xlink:label="label_jpfr-asr-E03513-000_EndingGoodsAndRawMaterialsCOSExpOA_documentation.1" xlink:role="http://www.xbrl.org/2003/role/documentation" xml:lang="ja">商品・原材料期末たな卸高、営業活動による費用・売上原価</link:label>
<link:labelArc xlink:type="arc" xlink:arcrole="http://www.xbrl.org/2003/arcrole/concept-label" xlink:from="jpfr-asr-E03513-000_EndingGoodsAndRawMaterialsCOSExpOA.3" xlink:to="label_jpfr-asr-E03513-000_EndingGoodsAndRawMaterialsCOSExpOA_documentation.1"/>
<link:loc xlink:type="locator" xlink:href="jpfr-asr-E03513-000-2012-12-31-01-2013-03-25.xsd#jpfr-asr-E03513-000_CostOfGoodsAndRawMaterialsSoldCOSExpOA" xlink:label="jpfr-asr-E03513-000_CostOfGoodsAndRawMaterialsSoldCOSExpOA.1"/>
<link:label xlink:type="resource" xlink:label="label_jpfr-asr-E03513-000_CostOfGoodsAndRawMaterialsSoldCOSExpOA_label.1" xlink:role="http://www.xbrl.org/2003/role/label" xml:lang="ja">商品・原材料売上原価</link:label>
<link:labelArc xlink:type="arc" xlink:arcrole="http://www.xbrl.org/2003/arcrole/concept-label" xlink:from="jpfr-asr-E03513-000_CostOfGoodsAndRawMaterialsSoldCOSExpOA.1" xlink:to="label_jpfr-asr-E03513-000_CostOfGoodsAndRawMaterialsSoldCOSExpOA_label.1"/>
<link:loc xlink:type="locator" xlink:href="jpfr-asr-E03513-000-2012-12-31-01-2013-03-25.xsd#jpfr-asr-E03513-000_CostOfGoodsAndRawMaterialsSoldCOSExpOA" xlink:label="jpfr-asr-E03513-000_CostOfGoodsAndRawMaterialsSoldCOSExpOA.2"/>
<link:label xlink:type="resource" xlink:label="label_jpfr-asr-E03513-000_CostOfGoodsAndRawMaterialsSoldCOSExpOA_verboseLabel.1" xlink:role="http://www.xbrl.org/2003/role/verboseLabel" xml:lang="ja">商品・原材料売上原価、営業活動による費用・売上原価</link:label>
<link:labelArc xlink:type="arc" xlink:arcrole="http://www.xbrl.org/2003/arcrole/concept-label" xlink:from="jpfr-asr-E03513-000_CostOfGoodsAndRawMaterialsSoldCOSExpOA.2" xlink:to="label_jpfr-asr-E03513-000_CostOfGoodsAndRawMaterialsSoldCOSExpOA_verboseLabel.1"/>
<link:loc xlink:type="locator" xlink:href="jpfr-asr-E03513-000-2012-12-31-01-2013-03-25.xsd#jpfr-asr-E03513-000_CostOfGoodsAndRawMaterialsSoldCOSExpOA" xlink:label="jpfr-asr-E03513-000_CostOfGoodsAndRawMaterialsSoldCOSExpOA.3"/>
<link:label xlink:type="resource" xlink:label="label_jpfr-asr-E03513-000_CostOfGoodsAndRawMaterialsSoldCOSExpOA_documentation.1" xlink:role="http://www.xbrl.org/2003/role/documentation" xml:lang="ja">商品・原材料売上原価、営業活動による費用・売上原価</link:label>
<link:labelArc xlink:type="arc" xlink:arcrole="http://www.xbrl.org/2003/arcrole/concept-label" xlink:from="jpfr-asr-E03513-000_CostOfGoodsAndRawMaterialsSoldCOSExpOA.3" xlink:to="label_jpfr-asr-E03513-000_CostOfGoodsAndRawMaterialsSoldCOSExpOA_documentation.1"/>
<link:loc xlink:type="locator" xlink:href="jpfr-asr-E03513-000-2012-12-31-01-2013-03-25.xsd#jpfr-asr-E03513-000_RebateIncomeNOI" xlink:label="jpfr-asr-E03513-000_RebateIncomeNOI.1"/>
<link:label xlink:type="resource" xlink:label="label_jpfr-asr-E03513-000_RebateIncomeNOI_label.1" xlink:role="http://www.xbrl.org/2003/role/label" xml:lang="ja">リベート収入</link:label>
<link:labelArc xlink:type="arc" xlink:arcrole="http://www.xbrl.org/2003/arcrole/concept-label" xlink:from="jpfr-asr-E03513-000_RebateIncomeNOI.1" xlink:to="label_jpfr-asr-E03513-000_RebateIncomeNOI_label.1"/>
<link:loc xlink:type="locator" xlink:href="jpfr-asr-E03513-000-2012-12-31-01-2013-03-25.xsd#jpfr-asr-E03513-000_RebateIncomeNOI" xlink:label="jpfr-asr-E03513-000_RebateIncomeNOI.2"/>
<link:label xlink:type="resource" xlink:label="label_jpfr-asr-E03513-000_RebateIncomeNOI_verboseLabel.1" xlink:role="http://www.xbrl.org/2003/role/verboseLabel" xml:lang="ja">リベート収入、営業外収益</link:label>
<link:labelArc xlink:type="arc" xlink:arcrole="http://www.xbrl.org/2003/arcrole/concept-label" xlink:from="jpfr-asr-E03513-000_RebateIncomeNOI.2" xlink:to="label_jpfr-asr-E03513-000_RebateIncomeNOI_verboseLabel.1"/>
<link:loc xlink:type="locator" xlink:href="jpfr-asr-E03513-000-2012-12-31-01-2013-03-25.xsd#jpfr-asr-E03513-000_RebateIncomeNOI" xlink:label="jpfr-asr-E03513-000_RebateIncomeNOI.3"/>
<link:label xlink:type="resource" xlink:label="label_jpfr-asr-E03513-000_RebateIncomeNOI_documentation.1" xlink:role="http://www.xbrl.org/2003/role/documentation" xml:lang="ja">リベート収入、営業外収益</link:label>
<link:labelArc xlink:type="arc" xlink:arcrole="http://www.xbrl.org/2003/arcrole/concept-label" xlink:from="jpfr-asr-E03513-000_RebateIncomeNOI.3" xlink:to="label_jpfr-asr-E03513-000_RebateIncomeNOI_documentation.1"/>
<link:loc xlink:type="locator" xlink:href="jpfr-asr-E03513-000-2012-12-31-01-2013-03-25.xsd#jpfr-asr-E03513-000_CashOverAndShortNOE" xlink:label="jpfr-asr-E03513-000_CashOverAndShortNOE.1"/>
<link:label xlink:type="resource" xlink:label="label_jpfr-asr-E03513-000_CashOverAndShortNOE_label.1" xlink:role="http://www.xbrl.org/2003/role/label" xml:lang="ja">現金過不足</link:label>
<link:labelArc xlink:type="arc" xlink:arcrole="http://www.xbrl.org/2003/arcrole/concept-label" xlink:from="jpfr-asr-E03513-000_CashOverAndShortNOE.1" xlink:to="label_jpfr-asr-E03513-000_CashOverAndShortNOE_label.1"/>
<link:loc xlink:type="locator" xlink:href="jpfr-asr-E03513-000-2012-12-31-01-2013-03-25.xsd#jpfr-asr-E03513-000_CashOverAndShortNOE" xlink:label="jpfr-asr-E03513-000_CashOverAndShortNOE.2"/>
<link:label xlink:type="resource" xlink:label="label_jpfr-asr-E03513-000_CashOverAndShortNOE_verboseLabel.1" xlink:role="http://www.xbrl.org/2003/role/verboseLabel" xml:lang="ja">現金過不足、営業外費用</link:label>
<link:labelArc xlink:type="arc" xlink:arcrole="http://www.xbrl.org/2003/arcrole/concept-label" xlink:from="jpfr-asr-E03513-000_CashOverAndShortNOE.2" xlink:to="label_jpfr-asr-E03513-000_CashOverAndShortNOE_verboseLabel.1"/>
<link:loc xlink:type="locator" xlink:href="jpfr-asr-E03513-000-2012-12-31-01-2013-03-25.xsd#jpfr-asr-E03513-000_CashOverAndShortNOE" xlink:label="jpfr-asr-E03513-000_CashOverAndShortNOE.3"/>
<link:label xlink:type="resource" xlink:label="label_jpfr-asr-E03513-000_CashOverAndShortNOE_documentation.1" xlink:role="http://www.xbrl.org/2003/role/documentation" xml:lang="ja">現金過不足、営業外費用</link:label>
<link:labelArc xlink:type="arc" xlink:arcrole="http://www.xbrl.org/2003/arcrole/concept-label" xlink:from="jpfr-asr-E03513-000_CashOverAndShortNOE.3" xlink:to="label_jpfr-asr-E03513-000_CashOverAndShortNOE_documentation.1"/>
<link:loc xlink:type="locator" xlink:href="jpfr-asr-E03513-000-2012-12-31-01-2013-03-25.xsd#jpfr-asr-E03513-000_CompensationIncomeOfStoreSCancellationEI" xlink:label="jpfr-asr-E03513-000_CompensationIncomeOfStoreSCancellationEI.1"/>
<link:label xlink:type="resource" xlink:label="label_jpfr-asr-E03513-000_CompensationIncomeOfStoreSCancellationEI_label.1" xlink:role="http://www.xbrl.org/2003/role/label" xml:lang="ja">店舗等解約補償金</link:label>
<link:labelArc xlink:type="arc" xlink:arcrole="http://www.xbrl.org/2003/arcrole/concept-label" xlink:from="jpfr-asr-E03513-000_CompensationIncomeOfStoreSCancellationEI.1" xlink:to="label_jpfr-asr-E03513-000_CompensationIncomeOfStoreSCancellationEI_label.1"/>
<link:loc xlink:type="locator" xlink:href="jpfr-asr-E03513-000-2012-12-31-01-2013-03-25.xsd#jpfr-asr-E03513-000_CompensationIncomeOfStoreSCancellationEI" xlink:label="jpfr-asr-E03513-000_CompensationIncomeOfStoreSCancellationEI.2"/>
<link:label xlink:type="resource" xlink:label="label_jpfr-asr-E03513-000_CompensationIncomeOfStoreSCancellationEI_verboseLabel.1" xlink:role="http://www.xbrl.org/2003/role/verboseLabel" xml:lang="ja">店舗等解約補償金、特別利益</link:label>
<link:labelArc xlink:type="arc" xlink:arcrole="http://www.xbrl.org/2003/arcrole/concept-label" xlink:from="jpfr-asr-E03513-000_CompensationIncomeOfStoreSCancellationEI.2" xlink:to="label_jpfr-asr-E03513-000_CompensationIncomeOfStoreSCancellationEI_verboseLabel.1"/>
<link:loc xlink:type="locator" xlink:href="jpfr-asr-E03513-000-2012-12-31-01-2013-03-25.xsd#jpfr-asr-E03513-000_CompensationIncomeOfStoreSCancellationEI" xlink:label="jpfr-asr-E03513-000_CompensationIncomeOfStoreSCancellationEI.3"/>
<link:label xlink:type="resource" xlink:label="label_jpfr-asr-E03513-000_CompensationIncomeOfStoreSCancellationEI_documentation.1" xlink:role="http://www.xbrl.org/2003/role/documentation" xml:lang="ja">店舗等解約補償金、特別利益</link:label>
<link:labelArc xlink:type="arc" xlink:arcrole="http://www.xbrl.org/2003/arcrole/concept-label" xlink:from="jpfr-asr-E03513-000_CompensationIncomeOfStoreSCancellationEI.3" xlink:to="label_jpfr-asr-E03513-000_CompensationIncomeOfStoreSCancellationEI_documentation.1"/>
<link:loc xlink:type="locator" xlink:href="jpfr-asr-E03513-000-2012-12-31-01-2013-03-25.xsd#jpfr-asr-E03513-000_DistributionOfBankruptcyClaimEI" xlink:label="jpfr-asr-E03513-000_DistributionOfBankruptcyClaimEI.1"/>
<link:label xlink:type="resource" xlink:label="label_jpfr-asr-E03513-000_DistributionOfBankruptcyClaimEI_label.1" xlink:role="http://www.xbrl.org/2003/role/label" xml:lang="ja">破産債権配当金</link:label>
<link:labelArc xlink:type="arc" xlink:arcrole="http://www.xbrl.org/2003/arcrole/concept-label" xlink:from="jpfr-asr-E03513-000_DistributionOfBankruptcyClaimEI.1" xlink:to="label_jpfr-asr-E03513-000_DistributionOfBankruptcyClaimEI_label.1"/>
<link:loc xlink:type="locator" xlink:href="jpfr-asr-E03513-000-2012-12-31-01-2013-03-25.xsd#jpfr-asr-E03513-000_DistributionOfBankruptcyClaimEI" xlink:label="jpfr-asr-E03513-000_DistributionOfBankruptcyClaimEI.2"/>
<link:label xlink:type="resource" xlink:label="label_jpfr-asr-E03513-000_DistributionOfBankruptcyClaimEI_verboseLabel.1" xlink:role="http://www.xbrl.org/2003/role/verboseLabel" xml:lang="ja">破産債権配当金、特別利益</link:label>
<link:labelArc xlink:type="arc" xlink:arcrole="http://www.xbrl.org/2003/arcrole/concept-label" xlink:from="jpfr-asr-E03513-000_DistributionOfBankruptcyClaimEI.2" xlink:to="label_jpfr-asr-E03513-000_DistributionOfBankruptcyClaimEI_verboseLabel.1"/>
<link:loc xlink:type="locator" xlink:href="jpfr-asr-E03513-000-2012-12-31-01-2013-03-25.xsd#jpfr-asr-E03513-000_DistributionOfBankruptcyClaimEI" xlink:label="jpfr-asr-E03513-000_DistributionOfBankruptcyClaimEI.3"/>
<link:label xlink:type="resource" xlink:label="label_jpfr-asr-E03513-000_DistributionOfBankruptcyClaimEI_documentation.1" xlink:role="http://www.xbrl.org/2003/role/documentation" xml:lang="ja">破産債権配当金、特別利益</link:label>
<link:labelArc xlink:type="arc" xlink:arcrole="http://www.xbrl.org/2003/arcrole/concept-label" xlink:from="jpfr-asr-E03513-000_DistributionOfBankruptcyClaimEI.3" xlink:to="label_jpfr-asr-E03513-000_DistributionOfBankruptcyClaimEI_documentation.1"/>
<link:loc xlink:type="locator" xlink:href="jpfr-asr-E03513-000-2012-12-31-01-2013-03-25.xsd#jpfr-asr-E03513-000_RawMaterialsUsedInShopsCA" xlink:label="jpfr-asr-E03513-000_RawMaterialsUsedInShopsCA.1"/>
<link:label xlink:type="resource" xlink:label="label_jpfr-asr-E03513-000_RawMaterialsUsedInShopsCA_label.1" xlink:role="http://www.xbrl.org/2003/role/label" xml:lang="ja">店舗食材</link:label>
<link:labelArc xlink:type="arc" xlink:arcrole="http://www.xbrl.org/2003/arcrole/concept-label" xlink:from="jpfr-asr-E03513-000_RawMaterialsUsedInShopsCA.1" xlink:to="label_jpfr-asr-E03513-000_RawMaterialsUsedInShopsCA_label.1"/>
<link:loc xlink:type="locator" xlink:href="jpfr-asr-E03513-000-2012-12-31-01-2013-03-25.xsd#jpfr-asr-E03513-000_RawMaterialsUsedInShopsCA" xlink:label="jpfr-asr-E03513-000_RawMaterialsUsedInShopsCA.2"/>
<link:label xlink:type="resource" xlink:label="label_jpfr-asr-E03513-000_RawMaterialsUsedInShopsCA_verboseLabel.1" xlink:role="http://www.xbrl.org/2003/role/verboseLabel" xml:lang="ja">店舗食材、流動資産</link:label>
<link:labelArc xlink:type="arc" xlink:arcrole="http://www.xbrl.org/2003/arcrole/concept-label" xlink:from="jpfr-asr-E03513-000_RawMaterialsUsedInShopsCA.2" xlink:to="label_jpfr-asr-E03513-000_RawMaterialsUsedInShopsCA_verboseLabel.1"/>
<link:loc xlink:type="locator" xlink:href="jpfr-asr-E03513-000-2012-12-31-01-2013-03-25.xsd#jpfr-asr-E03513-000_RawMaterialsUsedInShopsCA" xlink:label="jpfr-asr-E03513-000_RawMaterialsUsedInShopsCA.3"/>
<link:label xlink:type="resource" xlink:label="label_jpfr-asr-E03513-000_RawMaterialsUsedInShopsCA_documentation.1" xlink:role="http://www.xbrl.org/2003/role/documentation" xml:lang="ja">店舗食材、流動資産</link:label>
<link:labelArc xlink:type="arc" xlink:arcrole="http://www.xbrl.org/2003/arcrole/concept-label" xlink:from="jpfr-asr-E03513-000_RawMaterialsUsedInShopsCA.3" xlink:to="label_jpfr-asr-E03513-000_RawMaterialsUsedInShopsCA_documentation.1"/>
<link:loc xlink:type="locator" xlink:href="jpfr-asr-E03513-000-2012-12-31-01-2013-03-25.xsd#jpfr-asr-E03513-000_SettlementReceivedOpeCF" xlink:label="jpfr-asr-E03513-000_SettlementReceivedOpeCF.1"/>
<link:label xlink:type="resource" xlink:label="label_jpfr-asr-E03513-000_SettlementReceivedOpeCF_label.1" xlink:role="http://www.xbrl.org/2003/role/label" xml:lang="ja">受取和解金</link:label>
<link:labelArc xlink:type="arc" xlink:arcrole="http://www.xbrl.org/2003/arcrole/concept-label" xlink:from="jpfr-asr-E03513-000_SettlementReceivedOpeCF.1" xlink:to="label_jpfr-asr-E03513-000_SettlementReceivedOpeCF_label.1"/>
<link:loc xlink:type="locator" xlink:href="jpfr-asr-E03513-000-2012-12-31-01-2013-03-25.xsd#jpfr-asr-E03513-000_SettlementReceivedOpeCF" xlink:label="jpfr-asr-E03513-000_SettlementReceivedOpeCF.2"/>
<link:label xlink:type="resource" xlink:label="label_jpfr-asr-E03513-000_SettlementReceivedOpeCF_verboseLabel.1" xlink:role="http://www.xbrl.org/2003/role/verboseLabel" xml:lang="ja">受取和解金、営業活動によるキャッシュ・フロー</link:label>
<link:labelArc xlink:type="arc" xlink:arcrole="http://www.xbrl.org/2003/arcrole/concept-label" xlink:from="jpfr-asr-E03513-000_SettlementReceivedOpeCF.2" xlink:to="label_jpfr-asr-E03513-000_SettlementReceivedOpeCF_verboseLabel.1"/>
<link:loc xlink:type="locator" xlink:href="jpfr-asr-E03513-000-2012-12-31-01-2013-03-25.xsd#jpfr-asr-E03513-000_SettlementReceivedOpeCF" xlink:label="jpfr-asr-E03513-000_SettlementReceivedOpeCF.3"/>
<link:label xlink:type="resource" xlink:label="label_jpfr-asr-E03513-000_SettlementReceivedOpeCF_documentation.1" xlink:role="http://www.xbrl.org/2003/role/documentation" xml:lang="ja">受取和解金、営業活動によるキャッシュ・フロー</link:label>
<link:labelArc xlink:type="arc" xlink:arcrole="http://www.xbrl.org/2003/arcrole/concept-label" xlink:from="jpfr-asr-E03513-000_SettlementReceivedOpeCF.3" xlink:to="label_jpfr-asr-E03513-000_SettlementReceivedOpeCF_documentation.1"/>
</link:labelLink>
</link:linkbase>
