<?xml version="1.0" encoding="UTF-8"?>
<link:linkbase xmlns:xsi="http://www.w3.org/2001/XMLSchema-instance" xsi:schemaLocation="http://www.xbrl.org/2003/linkbase http://www.xbrl.org/2003/xbrl-linkbase-2003-12-31.xsd" xmlns:jpfr-asr-E03513-000="http://info.edinet-fsa.go.jp/jp/fr/gaap/E03513-000/asr/2012-12-31/01/2013-03-25" xmlns:link="http://www.xbrl.org/2003/linkbase" xmlns:xlink="http://www.w3.org/1999/xlink" xmlns:xbrli="http://www.xbrl.org/2003/instance">
<link:labelLink xlink:type="extended" xlink:role="http://www.xbrl.org/2003/role/link">
<link:loc xlink:type="locator" xlink:href="jpfr-asr-E03513-000-2012-12-31-01-2013-03-25.xsd#jpfr-asr-E03513-000_CompensationIncomeOfStoreSCancellationOpeCF" xlink:label="jpfr-asr-E03513-000_CompensationIncomeOfStoreSCancellationOpeCF.1"/>
<link:label xlink:type="resource" xlink:label="label_jpfr-asr-E03513-000_CompensationIncomeOfStoreSCancellationOpeCF_label.1" xlink:role="http://www.xbrl.org/2003/role/label" xml:lang="en">Compensation income of store's cancellation</link:label>
<link:labelArc xlink:type="arc" xlink:arcrole="http://www.xbrl.org/2003/arcrole/concept-label" xlink:from="jpfr-asr-E03513-000_CompensationIncomeOfStoreSCancellationOpeCF.1" xlink:to="label_jpfr-asr-E03513-000_CompensationIncomeOfStoreSCancellationOpeCF_label.1"/>
<link:loc xlink:type="locator" xlink:href="jpfr-asr-E03513-000-2012-12-31-01-2013-03-25.xsd#jpfr-asr-E03513-000_CompensationIncomeOfStoreSCancellationOpeCF" xlink:label="jpfr-asr-E03513-000_CompensationIncomeOfStoreSCancellationOpeCF.2"/>
<link:label xlink:type="resource" xlink:label="label_jpfr-asr-E03513-000_CompensationIncomeOfStoreSCancellationOpeCF_verboseLabel.1" xlink:role="http://www.xbrl.org/2003/role/verboseLabel" xml:lang="en">Compensation income of store's cancellation-OpeCF</link:label>
<link:labelArc xlink:type="arc" xlink:arcrole="http://www.xbrl.org/2003/arcrole/concept-label" xlink:from="jpfr-asr-E03513-000_CompensationIncomeOfStoreSCancellationOpeCF.2" xlink:to="label_jpfr-asr-E03513-000_CompensationIncomeOfStoreSCancellationOpeCF_verboseLabel.1"/>
<link:loc xlink:type="locator" xlink:href="jpfr-asr-E03513-000-2012-12-31-01-2013-03-25.xsd#jpfr-asr-E03513-000_CompensationIncomeOfStoreSCancellationOpeCF" xlink:label="jpfr-asr-E03513-000_CompensationIncomeOfStoreSCancellationOpeCF.3"/>
<link:label xlink:type="resource" xlink:label="label_jpfr-asr-E03513-000_CompensationIncomeOfStoreSCancellationOpeCF_documentation.1" xlink:role="http://www.xbrl.org/2003/role/documentation" xml:lang="en">Compensation income of store's cancellation-OpeCF</link:label>
<link:labelArc xlink:type="arc" xlink:arcrole="http://www.xbrl.org/2003/arcrole/concept-label" xlink:from="jpfr-asr-E03513-000_CompensationIncomeOfStoreSCancellationOpeCF.3" xlink:to="label_jpfr-asr-E03513-000_CompensationIncomeOfStoreSCancellationOpeCF_documentation.1"/>
<link:loc xlink:type="locator" xlink:href="jpfr-asr-E03513-000-2012-12-31-01-2013-03-25.xsd#jpfr-asr-E03513-000_CollectionOfLoansReceivableToSubsidiariesAndAffiliatesInvCF" xlink:label="jpfr-asr-E03513-000_CollectionOfLoansReceivableToSubsidiariesAndAffiliatesInvCF.1"/>
<link:label xlink:type="resource" xlink:label="label_jpfr-asr-E03513-000_CollectionOfLoansReceivableToSubsidiariesAndAffiliatesInvCF_label.1" xlink:role="http://www.xbrl.org/2003/role/label" xml:lang="en">Collection of loans receivable to subsidiaries and affiliates</link:label>
<link:labelArc xlink:type="arc" xlink:arcrole="http://www.xbrl.org/2003/arcrole/concept-label" xlink:from="jpfr-asr-E03513-000_CollectionOfLoansReceivableToSubsidiariesAndAffiliatesInvCF.1" xlink:to="label_jpfr-asr-E03513-000_CollectionOfLoansReceivableToSubsidiariesAndAffiliatesInvCF_label.1"/>
<link:loc xlink:type="locator" xlink:href="jpfr-asr-E03513-000-2012-12-31-01-2013-03-25.xsd#jpfr-asr-E03513-000_CollectionOfLoansReceivableToSubsidiariesAndAffiliatesInvCF" xlink:label="jpfr-asr-E03513-000_CollectionOfLoansReceivableToSubsidiariesAndAffiliatesInvCF.2"/>
<link:label xlink:type="resource" xlink:label="label_jpfr-asr-E03513-000_CollectionOfLoansReceivableToSubsidiariesAndAffiliatesInvCF_verboseLabel.1" xlink:role="http://www.xbrl.org/2003/role/verboseLabel" xml:lang="en">Collection of loans receivable to subsidiaries and affiliates-InvCF</link:label>
<link:labelArc xlink:type="arc" xlink:arcrole="http://www.xbrl.org/2003/arcrole/concept-label" xlink:from="jpfr-asr-E03513-000_CollectionOfLoansReceivableToSubsidiariesAndAffiliatesInvCF.2" xlink:to="label_jpfr-asr-E03513-000_CollectionOfLoansReceivableToSubsidiariesAndAffiliatesInvCF_verboseLabel.1"/>
<link:loc xlink:type="locator" xlink:href="jpfr-asr-E03513-000-2012-12-31-01-2013-03-25.xsd#jpfr-asr-E03513-000_CollectionOfLoansReceivableToSubsidiariesAndAffiliatesInvCF" xlink:label="jpfr-asr-E03513-000_CollectionOfLoansReceivableToSubsidiariesAndAffiliatesInvCF.3"/>
<link:label xlink:type="resource" xlink:label="label_jpfr-asr-E03513-000_CollectionOfLoansReceivableToSubsidiariesAndAffiliatesInvCF_documentation.1" xlink:role="http://www.xbrl.org/2003/role/documentation" xml:lang="en">Collection of loans receivable to subsidiaries and affiliates-InvCF</link:label>
<link:labelArc xlink:type="arc" xlink:arcrole="http://www.xbrl.org/2003/arcrole/concept-label" xlink:from="jpfr-asr-E03513-000_CollectionOfLoansReceivableToSubsidiariesAndAffiliatesInvCF.3" xlink:to="label_jpfr-asr-E03513-000_CollectionOfLoansReceivableToSubsidiariesAndAffiliatesInvCF_documentation.1"/>
<link:loc xlink:type="locator" xlink:href="jpfr-asr-E03513-000-2012-12-31-01-2013-03-25.xsd#jpfr-asr-E03513-000_PaymentsIntoSubsidiariesAndAffiliatesInvCF" xlink:label="jpfr-asr-E03513-000_PaymentsIntoSubsidiariesAndAffiliatesInvCF.1"/>
<link:label xlink:type="resource" xlink:label="label_jpfr-asr-E03513-000_PaymentsIntoSubsidiariesAndAffiliatesInvCF_label.1" xlink:role="http://www.xbrl.org/2003/role/label" xml:lang="en">Payments into subsidiaries and affiliates</link:label>
<link:labelArc xlink:type="arc" xlink:arcrole="http://www.xbrl.org/2003/arcrole/concept-label" xlink:from="jpfr-asr-E03513-000_PaymentsIntoSubsidiariesAndAffiliatesInvCF.1" xlink:to="label_jpfr-asr-E03513-000_PaymentsIntoSubsidiariesAndAffiliatesInvCF_label.1"/>
<link:loc xlink:type="locator" xlink:href="jpfr-asr-E03513-000-2012-12-31-01-2013-03-25.xsd#jpfr-asr-E03513-000_PaymentsIntoSubsidiariesAndAffiliatesInvCF" xlink:label="jpfr-asr-E03513-000_PaymentsIntoSubsidiariesAndAffiliatesInvCF.2"/>
<link:label xlink:type="resource" xlink:label="label_jpfr-asr-E03513-000_PaymentsIntoSubsidiariesAndAffiliatesInvCF_verboseLabel.1" xlink:role="http://www.xbrl.org/2003/role/verboseLabel" xml:lang="en">Payments into subsidiaries and affiliates-InvCF</link:label>
<link:labelArc xlink:type="arc" xlink:arcrole="http://www.xbrl.org/2003/arcrole/concept-label" xlink:from="jpfr-asr-E03513-000_PaymentsIntoSubsidiariesAndAffiliatesInvCF.2" xlink:to="label_jpfr-asr-E03513-000_PaymentsIntoSubsidiariesAndAffiliatesInvCF_verboseLabel.1"/>
<link:loc xlink:type="locator" xlink:href="jpfr-asr-E03513-000-2012-12-31-01-2013-03-25.xsd#jpfr-asr-E03513-000_PaymentsIntoSubsidiariesAndAffiliatesInvCF" xlink:label="jpfr-asr-E03513-000_PaymentsIntoSubsidiariesAndAffiliatesInvCF.3"/>
<link:label xlink:type="resource" xlink:label="label_jpfr-asr-E03513-000_PaymentsIntoSubsidiariesAndAffiliatesInvCF_documentation.1" xlink:role="http://www.xbrl.org/2003/role/documentation" xml:lang="en">Payments into subsidiaries and affiliates-InvCF</link:label>
<link:labelArc xlink:type="arc" xlink:arcrole="http://www.xbrl.org/2003/arcrole/concept-label" xlink:from="jpfr-asr-E03513-000_PaymentsIntoSubsidiariesAndAffiliatesInvCF.3" xlink:to="label_jpfr-asr-E03513-000_PaymentsIntoSubsidiariesAndAffiliatesInvCF_documentation.1"/>
<link:loc xlink:type="locator" xlink:href="jpfr-asr-E03513-000-2012-12-31-01-2013-03-25.xsd#jpfr-asr-E03513-000_CollectionOfDepositInSubsidiariesAndAffiliatesInvCF" xlink:label="jpfr-asr-E03513-000_CollectionOfDepositInSubsidiariesAndAffiliatesInvCF.1"/>
<link:label xlink:type="resource" xlink:label="label_jpfr-asr-E03513-000_CollectionOfDepositInSubsidiariesAndAffiliatesInvCF_label.1" xlink:role="http://www.xbrl.org/2003/role/label" xml:lang="en">Collection of deposit in subsidiaries and affiliates</link:label>
<link:labelArc xlink:type="arc" xlink:arcrole="http://www.xbrl.org/2003/arcrole/concept-label" xlink:from="jpfr-asr-E03513-000_CollectionOfDepositInSubsidiariesAndAffiliatesInvCF.1" xlink:to="label_jpfr-asr-E03513-000_CollectionOfDepositInSubsidiariesAndAffiliatesInvCF_label.1"/>
<link:loc xlink:type="locator" xlink:href="jpfr-asr-E03513-000-2012-12-31-01-2013-03-25.xsd#jpfr-asr-E03513-000_CollectionOfDepositInSubsidiariesAndAffiliatesInvCF" xlink:label="jpfr-asr-E03513-000_CollectionOfDepositInSubsidiariesAndAffiliatesInvCF.2"/>
<link:label xlink:type="resource" xlink:label="label_jpfr-asr-E03513-000_CollectionOfDepositInSubsidiariesAndAffiliatesInvCF_verboseLabel.1" xlink:role="http://www.xbrl.org/2003/role/verboseLabel" xml:lang="en">Collection of deposit in subsidiaries and affiliates-InvCF</link:label>
<link:labelArc xlink:type="arc" xlink:arcrole="http://www.xbrl.org/2003/arcrole/concept-label" xlink:from="jpfr-asr-E03513-000_CollectionOfDepositInSubsidiariesAndAffiliatesInvCF.2" xlink:to="label_jpfr-asr-E03513-000_CollectionOfDepositInSubsidiariesAndAffiliatesInvCF_verboseLabel.1"/>
<link:loc xlink:type="locator" xlink:href="jpfr-asr-E03513-000-2012-12-31-01-2013-03-25.xsd#jpfr-asr-E03513-000_CollectionOfDepositInSubsidiariesAndAffiliatesInvCF" xlink:label="jpfr-asr-E03513-000_CollectionOfDepositInSubsidiariesAndAffiliatesInvCF.3"/>
<link:label xlink:type="resource" xlink:label="label_jpfr-asr-E03513-000_CollectionOfDepositInSubsidiariesAndAffiliatesInvCF_documentation.1" xlink:role="http://www.xbrl.org/2003/role/documentation" xml:lang="en">Collection of deposit in subsidiaries and affiliates-InvCF</link:label>
<link:labelArc xlink:type="arc" xlink:arcrole="http://www.xbrl.org/2003/arcrole/concept-label" xlink:from="jpfr-asr-E03513-000_CollectionOfDepositInSubsidiariesAndAffiliatesInvCF.3" xlink:to="label_jpfr-asr-E03513-000_CollectionOfDepositInSubsidiariesAndAffiliatesInvCF_documentation.1"/>
<link:loc xlink:type="locator" xlink:href="jpfr-asr-E03513-000-2012-12-31-01-2013-03-25.xsd#jpfr-asr-E03513-000_ProceedsFromGuaranteeDepositsReceivedFinCF" xlink:label="jpfr-asr-E03513-000_ProceedsFromGuaranteeDepositsReceivedFinCF.1"/>
<link:label xlink:type="resource" xlink:label="label_jpfr-asr-E03513-000_ProceedsFromGuaranteeDepositsReceivedFinCF_label.1" xlink:role="http://www.xbrl.org/2003/role/label" xml:lang="en">Proceeds from guarantee deposits received</link:label>
<link:labelArc xlink:type="arc" xlink:arcrole="http://www.xbrl.org/2003/arcrole/concept-label" xlink:from="jpfr-asr-E03513-000_ProceedsFromGuaranteeDepositsReceivedFinCF.1" xlink:to="label_jpfr-asr-E03513-000_ProceedsFromGuaranteeDepositsReceivedFinCF_label.1"/>
<link:loc xlink:type="locator" xlink:href="jpfr-asr-E03513-000-2012-12-31-01-2013-03-25.xsd#jpfr-asr-E03513-000_ProceedsFromGuaranteeDepositsReceivedFinCF" xlink:label="jpfr-asr-E03513-000_ProceedsFromGuaranteeDepositsReceivedFinCF.2"/>
<link:label xlink:type="resource" xlink:label="label_jpfr-asr-E03513-000_ProceedsFromGuaranteeDepositsReceivedFinCF_verboseLabel.1" xlink:role="http://www.xbrl.org/2003/role/verboseLabel" xml:lang="en">Proceeds from guarantee deposits received-FinCF</link:label>
<link:labelArc xlink:type="arc" xlink:arcrole="http://www.xbrl.org/2003/arcrole/concept-label" xlink:from="jpfr-asr-E03513-000_ProceedsFromGuaranteeDepositsReceivedFinCF.2" xlink:to="label_jpfr-asr-E03513-000_ProceedsFromGuaranteeDepositsReceivedFinCF_verboseLabel.1"/>
<link:loc xlink:type="locator" xlink:href="jpfr-asr-E03513-000-2012-12-31-01-2013-03-25.xsd#jpfr-asr-E03513-000_ProceedsFromGuaranteeDepositsReceivedFinCF" xlink:label="jpfr-asr-E03513-000_ProceedsFromGuaranteeDepositsReceivedFinCF.3"/>
<link:label xlink:type="resource" xlink:label="label_jpfr-asr-E03513-000_ProceedsFromGuaranteeDepositsReceivedFinCF_documentation.1" xlink:role="http://www.xbrl.org/2003/role/documentation" xml:lang="en">Proceeds from guarantee deposits received-FinCF</link:label>
<link:labelArc xlink:type="arc" xlink:arcrole="http://www.xbrl.org/2003/arcrole/concept-label" xlink:from="jpfr-asr-E03513-000_ProceedsFromGuaranteeDepositsReceivedFinCF.3" xlink:to="label_jpfr-asr-E03513-000_ProceedsFromGuaranteeDepositsReceivedFinCF_documentation.1"/>
<link:loc xlink:type="locator" xlink:href="jpfr-asr-E03513-000-2012-12-31-01-2013-03-25.xsd#jpfr-asr-E03513-000_RepaymentsOfGuaranteeDepositsReceivedFinCF" xlink:label="jpfr-asr-E03513-000_RepaymentsOfGuaranteeDepositsReceivedFinCF.1"/>
<link:label xlink:type="resource" xlink:label="label_jpfr-asr-E03513-000_RepaymentsOfGuaranteeDepositsReceivedFinCF_label.1" xlink:role="http://www.xbrl.org/2003/role/label" xml:lang="en">Repayments of guarantee deposits received</link:label>
<link:labelArc xlink:type="arc" xlink:arcrole="http://www.xbrl.org/2003/arcrole/concept-label" xlink:from="jpfr-asr-E03513-000_RepaymentsOfGuaranteeDepositsReceivedFinCF.1" xlink:to="label_jpfr-asr-E03513-000_RepaymentsOfGuaranteeDepositsReceivedFinCF_label.1"/>
<link:loc xlink:type="locator" xlink:href="jpfr-asr-E03513-000-2012-12-31-01-2013-03-25.xsd#jpfr-asr-E03513-000_RepaymentsOfGuaranteeDepositsReceivedFinCF" xlink:label="jpfr-asr-E03513-000_RepaymentsOfGuaranteeDepositsReceivedFinCF.2"/>
<link:label xlink:type="resource" xlink:label="label_jpfr-asr-E03513-000_RepaymentsOfGuaranteeDepositsReceivedFinCF_verboseLabel.1" xlink:role="http://www.xbrl.org/2003/role/verboseLabel" xml:lang="en">Repayments of guarantee deposits received-FinCF</link:label>
<link:labelArc xlink:type="arc" xlink:arcrole="http://www.xbrl.org/2003/arcrole/concept-label" xlink:from="jpfr-asr-E03513-000_RepaymentsOfGuaranteeDepositsReceivedFinCF.2" xlink:to="label_jpfr-asr-E03513-000_RepaymentsOfGuaranteeDepositsReceivedFinCF_verboseLabel.1"/>
<link:loc xlink:type="locator" xlink:href="jpfr-asr-E03513-000-2012-12-31-01-2013-03-25.xsd#jpfr-asr-E03513-000_RepaymentsOfGuaranteeDepositsReceivedFinCF" xlink:label="jpfr-asr-E03513-000_RepaymentsOfGuaranteeDepositsReceivedFinCF.3"/>
<link:label xlink:type="resource" xlink:label="label_jpfr-asr-E03513-000_RepaymentsOfGuaranteeDepositsReceivedFinCF_documentation.1" xlink:role="http://www.xbrl.org/2003/role/documentation" xml:lang="en">Repayments of guarantee deposits received-FinCF</link:label>
<link:labelArc xlink:type="arc" xlink:arcrole="http://www.xbrl.org/2003/arcrole/concept-label" xlink:from="jpfr-asr-E03513-000_RepaymentsOfGuaranteeDepositsReceivedFinCF.3" xlink:to="label_jpfr-asr-E03513-000_RepaymentsOfGuaranteeDepositsReceivedFinCF_documentation.1"/>
<link:loc xlink:type="locator" xlink:href="jpfr-asr-E03513-000-2012-12-31-01-2013-03-25.xsd#jpfr-asr-E03513-000_CostOfGoodsAndRawMaterialsSoldAbstract" xlink:label="jpfr-asr-E03513-000_CostOfGoodsAndRawMaterialsSoldAbstract.1"/>
<link:label xlink:type="resource" xlink:label="label_jpfr-asr-E03513-000_CostOfGoodsAndRawMaterialsSoldAbstract_label.1" xlink:role="http://www.xbrl.org/2003/role/label" xml:lang="en">Cost of goods and raw materials sold</link:label>
<link:labelArc xlink:type="arc" xlink:arcrole="http://www.xbrl.org/2003/arcrole/concept-label" xlink:from="jpfr-asr-E03513-000_CostOfGoodsAndRawMaterialsSoldAbstract.1" xlink:to="label_jpfr-asr-E03513-000_CostOfGoodsAndRawMaterialsSoldAbstract_label.1"/>
<link:loc xlink:type="locator" xlink:href="jpfr-asr-E03513-000-2012-12-31-01-2013-03-25.xsd#jpfr-asr-E03513-000_CostOfGoodsAndRawMaterialsSoldAbstract" xlink:label="jpfr-asr-E03513-000_CostOfGoodsAndRawMaterialsSoldAbstract.2"/>
<link:label xlink:type="resource" xlink:label="label_jpfr-asr-E03513-000_CostOfGoodsAndRawMaterialsSoldAbstract_verboseLabel.1" xlink:role="http://www.xbrl.org/2003/role/verboseLabel" xml:lang="en">Cost of goods and raw materials sold-abstract</link:label>
<link:labelArc xlink:type="arc" xlink:arcrole="http://www.xbrl.org/2003/arcrole/concept-label" xlink:from="jpfr-asr-E03513-000_CostOfGoodsAndRawMaterialsSoldAbstract.2" xlink:to="label_jpfr-asr-E03513-000_CostOfGoodsAndRawMaterialsSoldAbstract_verboseLabel.1"/>
<link:loc xlink:type="locator" xlink:href="jpfr-asr-E03513-000-2012-12-31-01-2013-03-25.xsd#jpfr-asr-E03513-000_CostOfGoodsAndRawMaterialsSoldAbstract" xlink:label="jpfr-asr-E03513-000_CostOfGoodsAndRawMaterialsSoldAbstract.3"/>
<link:label xlink:type="resource" xlink:label="label_jpfr-asr-E03513-000_CostOfGoodsAndRawMaterialsSoldAbstract_documentation.1" xlink:role="http://www.xbrl.org/2003/role/documentation" xml:lang="en">Cost of goods and raw materials sold-abstract</link:label>
<link:labelArc xlink:type="arc" xlink:arcrole="http://www.xbrl.org/2003/arcrole/concept-label" xlink:from="jpfr-asr-E03513-000_CostOfGoodsAndRawMaterialsSoldAbstract.3" xlink:to="label_jpfr-asr-E03513-000_CostOfGoodsAndRawMaterialsSoldAbstract_documentation.1"/>
<link:loc xlink:type="locator" xlink:href="jpfr-asr-E03513-000-2012-12-31-01-2013-03-25.xsd#jpfr-asr-E03513-000_BeginningGoodsAndRawMaterialsCOSExpOA" xlink:label="jpfr-asr-E03513-000_BeginningGoodsAndRawMaterialsCOSExpOA.1"/>
<link:label xlink:type="resource" xlink:label="label_jpfr-asr-E03513-000_BeginningGoodsAndRawMaterialsCOSExpOA_label.1" xlink:role="http://www.xbrl.org/2003/role/label" xml:lang="en">Beginning goods and raw materials</link:label>
<link:labelArc xlink:type="arc" xlink:arcrole="http://www.xbrl.org/2003/arcrole/concept-label" xlink:from="jpfr-asr-E03513-000_BeginningGoodsAndRawMaterialsCOSExpOA.1" xlink:to="label_jpfr-asr-E03513-000_BeginningGoodsAndRawMaterialsCOSExpOA_label.1"/>
<link:loc xlink:type="locator" xlink:href="jpfr-asr-E03513-000-2012-12-31-01-2013-03-25.xsd#jpfr-asr-E03513-000_BeginningGoodsAndRawMaterialsCOSExpOA" xlink:label="jpfr-asr-E03513-000_BeginningGoodsAndRawMaterialsCOSExpOA.2"/>
<link:label xlink:type="resource" xlink:label="label_jpfr-asr-E03513-000_BeginningGoodsAndRawMaterialsCOSExpOA_verboseLabel.1" xlink:role="http://www.xbrl.org/2003/role/verboseLabel" xml:lang="en">Beginning goods and raw materials-COSExpOA</link:label>
<link:labelArc xlink:type="arc" xlink:arcrole="http://www.xbrl.org/2003/arcrole/concept-label" xlink:from="jpfr-asr-E03513-000_BeginningGoodsAndRawMaterialsCOSExpOA.2" xlink:to="label_jpfr-asr-E03513-000_BeginningGoodsAndRawMaterialsCOSExpOA_verboseLabel.1"/>
<link:loc xlink:type="locator" xlink:href="jpfr-asr-E03513-000-2012-12-31-01-2013-03-25.xsd#jpfr-asr-E03513-000_BeginningGoodsAndRawMaterialsCOSExpOA" xlink:label="jpfr-asr-E03513-000_BeginningGoodsAndRawMaterialsCOSExpOA.3"/>
<link:label xlink:type="resource" xlink:label="label_jpfr-asr-E03513-000_BeginningGoodsAndRawMaterialsCOSExpOA_documentation.1" xlink:role="http://www.xbrl.org/2003/role/documentation" xml:lang="en">Beginning goods and raw materials-COSExpOA</link:label>
<link:labelArc xlink:type="arc" xlink:arcrole="http://www.xbrl.org/2003/arcrole/concept-label" xlink:from="jpfr-asr-E03513-000_BeginningGoodsAndRawMaterialsCOSExpOA.3" xlink:to="label_jpfr-asr-E03513-000_BeginningGoodsAndRawMaterialsCOSExpOA_documentation.1"/>
<link:loc xlink:type="locator" xlink:href="jpfr-asr-E03513-000-2012-12-31-01-2013-03-25.xsd#jpfr-asr-E03513-000_PurchasedGoodsAndRawMaterialsCOSExpOA" xlink:label="jpfr-asr-E03513-000_PurchasedGoodsAndRawMaterialsCOSExpOA.1"/>
<link:label xlink:type="resource" xlink:label="label_jpfr-asr-E03513-000_PurchasedGoodsAndRawMaterialsCOSExpOA_label.1" xlink:role="http://www.xbrl.org/2003/role/label" xml:lang="en">Purchased goods and raw materials</link:label>
<link:labelArc xlink:type="arc" xlink:arcrole="http://www.xbrl.org/2003/arcrole/concept-label" xlink:from="jpfr-asr-E03513-000_PurchasedGoodsAndRawMaterialsCOSExpOA.1" xlink:to="label_jpfr-asr-E03513-000_PurchasedGoodsAndRawMaterialsCOSExpOA_label.1"/>
<link:loc xlink:type="locator" xlink:href="jpfr-asr-E03513-000-2012-12-31-01-2013-03-25.xsd#jpfr-asr-E03513-000_PurchasedGoodsAndRawMaterialsCOSExpOA" xlink:label="jpfr-asr-E03513-000_PurchasedGoodsAndRawMaterialsCOSExpOA.2"/>
<link:label xlink:type="resource" xlink:label="label_jpfr-asr-E03513-000_PurchasedGoodsAndRawMaterialsCOSExpOA_verboseLabel.1" xlink:role="http://www.xbrl.org/2003/role/verboseLabel" xml:lang="en">Purchased goods and raw materials-COSExpOA</link:label>
<link:labelArc xlink:type="arc" xlink:arcrole="http://www.xbrl.org/2003/arcrole/concept-label" xlink:from="jpfr-asr-E03513-000_PurchasedGoodsAndRawMaterialsCOSExpOA.2" xlink:to="label_jpfr-asr-E03513-000_PurchasedGoodsAndRawMaterialsCOSExpOA_verboseLabel.1"/>
<link:loc xlink:type="locator" xlink:href="jpfr-asr-E03513-000-2012-12-31-01-2013-03-25.xsd#jpfr-asr-E03513-000_PurchasedGoodsAndRawMaterialsCOSExpOA" xlink:label="jpfr-asr-E03513-000_PurchasedGoodsAndRawMaterialsCOSExpOA.3"/>
<link:label xlink:type="resource" xlink:label="label_jpfr-asr-E03513-000_PurchasedGoodsAndRawMaterialsCOSExpOA_documentation.1" xlink:role="http://www.xbrl.org/2003/role/documentation" xml:lang="en">Purchased goods and raw materials-COSExpOA</link:label>
<link:labelArc xlink:type="arc" xlink:arcrole="http://www.xbrl.org/2003/arcrole/concept-label" xlink:from="jpfr-asr-E03513-000_PurchasedGoodsAndRawMaterialsCOSExpOA.3" xlink:to="label_jpfr-asr-E03513-000_PurchasedGoodsAndRawMaterialsCOSExpOA_documentation.1"/>
<link:loc xlink:type="locator" xlink:href="jpfr-asr-E03513-000-2012-12-31-01-2013-03-25.xsd#jpfr-asr-E03513-000_TotalBeginningAndPurchaseOfGoodsAndRawMaterials" xlink:label="jpfr-asr-E03513-000_TotalBeginningAndPurchaseOfGoodsAndRawMaterials.1"/>
<link:label xlink:type="resource" xlink:label="label_jpfr-asr-E03513-000_TotalBeginningAndPurchaseOfGoodsAndRawMaterials_label.1" xlink:role="http://www.xbrl.org/2003/role/label" xml:lang="en">Total</link:label>
<link:labelArc xlink:type="arc" xlink:arcrole="http://www.xbrl.org/2003/arcrole/concept-label" xlink:from="jpfr-asr-E03513-000_TotalBeginningAndPurchaseOfGoodsAndRawMaterials.1" xlink:to="label_jpfr-asr-E03513-000_TotalBeginningAndPurchaseOfGoodsAndRawMaterials_label.1"/>
<link:loc xlink:type="locator" xlink:href="jpfr-asr-E03513-000-2012-12-31-01-2013-03-25.xsd#jpfr-asr-E03513-000_TotalBeginningAndPurchaseOfGoodsAndRawMaterials" xlink:label="jpfr-asr-E03513-000_TotalBeginningAndPurchaseOfGoodsAndRawMaterials.2"/>
<link:label xlink:type="resource" xlink:label="label_jpfr-asr-E03513-000_TotalBeginningAndPurchaseOfGoodsAndRawMaterials_totalLabel.1" xlink:role="http://www.xbrl.org/2003/role/totalLabel" xml:lang="en">Total</link:label>
<link:labelArc xlink:type="arc" xlink:arcrole="http://www.xbrl.org/2003/arcrole/concept-label" xlink:from="jpfr-asr-E03513-000_TotalBeginningAndPurchaseOfGoodsAndRawMaterials.2" xlink:to="label_jpfr-asr-E03513-000_TotalBeginningAndPurchaseOfGoodsAndRawMaterials_totalLabel.1"/>
<link:loc xlink:type="locator" xlink:href="jpfr-asr-E03513-000-2012-12-31-01-2013-03-25.xsd#jpfr-asr-E03513-000_TotalBeginningAndPurchaseOfGoodsAndRawMaterials" xlink:label="jpfr-asr-E03513-000_TotalBeginningAndPurchaseOfGoodsAndRawMaterials.3"/>
<link:label xlink:type="resource" xlink:label="label_jpfr-asr-E03513-000_TotalBeginningAndPurchaseOfGoodsAndRawMaterials_verboseLabel.1" xlink:role="http://www.xbrl.org/2003/role/verboseLabel" xml:lang="en">Total-beginning and purchase of goods and raw materials</link:label>
<link:labelArc xlink:type="arc" xlink:arcrole="http://www.xbrl.org/2003/arcrole/concept-label" xlink:from="jpfr-asr-E03513-000_TotalBeginningAndPurchaseOfGoodsAndRawMaterials.3" xlink:to="label_jpfr-asr-E03513-000_TotalBeginningAndPurchaseOfGoodsAndRawMaterials_verboseLabel.1"/>
<link:loc xlink:type="locator" xlink:href="jpfr-asr-E03513-000-2012-12-31-01-2013-03-25.xsd#jpfr-asr-E03513-000_TotalBeginningAndPurchaseOfGoodsAndRawMaterials" xlink:label="jpfr-asr-E03513-000_TotalBeginningAndPurchaseOfGoodsAndRawMaterials.4"/>
<link:label xlink:type="resource" xlink:label="label_jpfr-asr-E03513-000_TotalBeginningAndPurchaseOfGoodsAndRawMaterials_documentation.1" xlink:role="http://www.xbrl.org/2003/role/documentation" xml:lang="en">Total-beginning and purchase of goods and raw materials</link:label>
<link:labelArc xlink:type="arc" xlink:arcrole="http://www.xbrl.org/2003/arcrole/concept-label" xlink:from="jpfr-asr-E03513-000_TotalBeginningAndPurchaseOfGoodsAndRawMaterials.4" xlink:to="label_jpfr-asr-E03513-000_TotalBeginningAndPurchaseOfGoodsAndRawMaterials_documentation.1"/>
<link:loc xlink:type="locator" xlink:href="jpfr-asr-E03513-000-2012-12-31-01-2013-03-25.xsd#jpfr-asr-E03513-000_EndingGoodsAndRawMaterialsCOSExpOA" xlink:label="jpfr-asr-E03513-000_EndingGoodsAndRawMaterialsCOSExpOA.1"/>
<link:label xlink:type="resource" xlink:label="label_jpfr-asr-E03513-000_EndingGoodsAndRawMaterialsCOSExpOA_label.1" xlink:role="http://www.xbrl.org/2003/role/label" xml:lang="en">Ending goods and raw materials</link:label>
<link:labelArc xlink:type="arc" xlink:arcrole="http://www.xbrl.org/2003/arcrole/concept-label" xlink:from="jpfr-asr-E03513-000_EndingGoodsAndRawMaterialsCOSExpOA.1" xlink:to="label_jpfr-asr-E03513-000_EndingGoodsAndRawMaterialsCOSExpOA_label.1"/>
<link:loc xlink:type="locator" xlink:href="jpfr-asr-E03513-000-2012-12-31-01-2013-03-25.xsd#jpfr-asr-E03513-000_EndingGoodsAndRawMaterialsCOSExpOA" xlink:label="jpfr-asr-E03513-000_EndingGoodsAndRawMaterialsCOSExpOA.2"/>
<link:label xlink:type="resource" xlink:label="label_jpfr-asr-E03513-000_EndingGoodsAndRawMaterialsCOSExpOA_verboseLabel.1" xlink:role="http://www.xbrl.org/2003/role/verboseLabel" xml:lang="en">Ending goods and raw materials-COSExpOA</link:label>
<link:labelArc xlink:type="arc" xlink:arcrole="http://www.xbrl.org/2003/arcrole/concept-label" xlink:from="jpfr-asr-E03513-000_EndingGoodsAndRawMaterialsCOSExpOA.2" xlink:to="label_jpfr-asr-E03513-000_EndingGoodsAndRawMaterialsCOSExpOA_verboseLabel.1"/>
<link:loc xlink:type="locator" xlink:href="jpfr-asr-E03513-000-2012-12-31-01-2013-03-25.xsd#jpfr-asr-E03513-000_EndingGoodsAndRawMaterialsCOSExpOA" xlink:label="jpfr-asr-E03513-000_EndingGoodsAndRawMaterialsCOSExpOA.3"/>
<link:label xlink:type="resource" xlink:label="label_jpfr-asr-E03513-000_EndingGoodsAndRawMaterialsCOSExpOA_documentation.1" xlink:role="http://www.xbrl.org/2003/role/documentation" xml:lang="en">Ending goods and raw materials-COSExpOA</link:label>
<link:labelArc xlink:type="arc" xlink:arcrole="http://www.xbrl.org/2003/arcrole/concept-label" xlink:from="jpfr-asr-E03513-000_EndingGoodsAndRawMaterialsCOSExpOA.3" xlink:to="label_jpfr-asr-E03513-000_EndingGoodsAndRawMaterialsCOSExpOA_documentation.1"/>
<link:loc xlink:type="locator" xlink:href="jpfr-asr-E03513-000-2012-12-31-01-2013-03-25.xsd#jpfr-asr-E03513-000_CostOfGoodsAndRawMaterialsSoldCOSExpOA" xlink:label="jpfr-asr-E03513-000_CostOfGoodsAndRawMaterialsSoldCOSExpOA.1"/>
<link:label xlink:type="resource" xlink:label="label_jpfr-asr-E03513-000_CostOfGoodsAndRawMaterialsSoldCOSExpOA_label.1" xlink:role="http://www.xbrl.org/2003/role/label" xml:lang="en">Cost of goods and raw materials sold</link:label>
<link:labelArc xlink:type="arc" xlink:arcrole="http://www.xbrl.org/2003/arcrole/concept-label" xlink:from="jpfr-asr-E03513-000_CostOfGoodsAndRawMaterialsSoldCOSExpOA.1" xlink:to="label_jpfr-asr-E03513-000_CostOfGoodsAndRawMaterialsSoldCOSExpOA_label.1"/>
<link:loc xlink:type="locator" xlink:href="jpfr-asr-E03513-000-2012-12-31-01-2013-03-25.xsd#jpfr-asr-E03513-000_CostOfGoodsAndRawMaterialsSoldCOSExpOA" xlink:label="jpfr-asr-E03513-000_CostOfGoodsAndRawMaterialsSoldCOSExpOA.2"/>
<link:label xlink:type="resource" xlink:label="label_jpfr-asr-E03513-000_CostOfGoodsAndRawMaterialsSoldCOSExpOA_verboseLabel.1" xlink:role="http://www.xbrl.org/2003/role/verboseLabel" xml:lang="en">Cost of goods and raw materials sold-COSExpOA</link:label>
<link:labelArc xlink:type="arc" xlink:arcrole="http://www.xbrl.org/2003/arcrole/concept-label" xlink:from="jpfr-asr-E03513-000_CostOfGoodsAndRawMaterialsSoldCOSExpOA.2" xlink:to="label_jpfr-asr-E03513-000_CostOfGoodsAndRawMaterialsSoldCOSExpOA_verboseLabel.1"/>
<link:loc xlink:type="locator" xlink:href="jpfr-asr-E03513-000-2012-12-31-01-2013-03-25.xsd#jpfr-asr-E03513-000_CostOfGoodsAndRawMaterialsSoldCOSExpOA" xlink:label="jpfr-asr-E03513-000_CostOfGoodsAndRawMaterialsSoldCOSExpOA.3"/>
<link:label xlink:type="resource" xlink:label="label_jpfr-asr-E03513-000_CostOfGoodsAndRawMaterialsSoldCOSExpOA_documentation.1" xlink:role="http://www.xbrl.org/2003/role/documentation" xml:lang="en">Cost of goods and raw materials sold-COSExpOA</link:label>
<link:labelArc xlink:type="arc" xlink:arcrole="http://www.xbrl.org/2003/arcrole/concept-label" xlink:from="jpfr-asr-E03513-000_CostOfGoodsAndRawMaterialsSoldCOSExpOA.3" xlink:to="label_jpfr-asr-E03513-000_CostOfGoodsAndRawMaterialsSoldCOSExpOA_documentation.1"/>
<link:loc xlink:type="locator" xlink:href="jpfr-asr-E03513-000-2012-12-31-01-2013-03-25.xsd#jpfr-asr-E03513-000_RebateIncomeNOI" xlink:label="jpfr-asr-E03513-000_RebateIncomeNOI.1"/>
<link:label xlink:type="resource" xlink:label="label_jpfr-asr-E03513-000_RebateIncomeNOI_label.1" xlink:role="http://www.xbrl.org/2003/role/label" xml:lang="en">Rebate income</link:label>
<link:labelArc xlink:type="arc" xlink:arcrole="http://www.xbrl.org/2003/arcrole/concept-label" xlink:from="jpfr-asr-E03513-000_RebateIncomeNOI.1" xlink:to="label_jpfr-asr-E03513-000_RebateIncomeNOI_label.1"/>
<link:loc xlink:type="locator" xlink:href="jpfr-asr-E03513-000-2012-12-31-01-2013-03-25.xsd#jpfr-asr-E03513-000_RebateIncomeNOI" xlink:label="jpfr-asr-E03513-000_RebateIncomeNOI.2"/>
<link:label xlink:type="resource" xlink:label="label_jpfr-asr-E03513-000_RebateIncomeNOI_verboseLabel.1" xlink:role="http://www.xbrl.org/2003/role/verboseLabel" xml:lang="en">Rebate income-NOI</link:label>
<link:labelArc xlink:type="arc" xlink:arcrole="http://www.xbrl.org/2003/arcrole/concept-label" xlink:from="jpfr-asr-E03513-000_RebateIncomeNOI.2" xlink:to="label_jpfr-asr-E03513-000_RebateIncomeNOI_verboseLabel.1"/>
<link:loc xlink:type="locator" xlink:href="jpfr-asr-E03513-000-2012-12-31-01-2013-03-25.xsd#jpfr-asr-E03513-000_RebateIncomeNOI" xlink:label="jpfr-asr-E03513-000_RebateIncomeNOI.3"/>
<link:label xlink:type="resource" xlink:label="label_jpfr-asr-E03513-000_RebateIncomeNOI_documentation.1" xlink:role="http://www.xbrl.org/2003/role/documentation" xml:lang="en">Rebate income-NOI</link:label>
<link:labelArc xlink:type="arc" xlink:arcrole="http://www.xbrl.org/2003/arcrole/concept-label" xlink:from="jpfr-asr-E03513-000_RebateIncomeNOI.3" xlink:to="label_jpfr-asr-E03513-000_RebateIncomeNOI_documentation.1"/>
<link:loc xlink:type="locator" xlink:href="jpfr-asr-E03513-000-2012-12-31-01-2013-03-25.xsd#jpfr-asr-E03513-000_CashOverAndShortNOE" xlink:label="jpfr-asr-E03513-000_CashOverAndShortNOE.1"/>
<link:label xlink:type="resource" xlink:label="label_jpfr-asr-E03513-000_CashOverAndShortNOE_label.1" xlink:role="http://www.xbrl.org/2003/role/label" xml:lang="en">Cash over and short</link:label>
<link:labelArc xlink:type="arc" xlink:arcrole="http://www.xbrl.org/2003/arcrole/concept-label" xlink:from="jpfr-asr-E03513-000_CashOverAndShortNOE.1" xlink:to="label_jpfr-asr-E03513-000_CashOverAndShortNOE_label.1"/>
<link:loc xlink:type="locator" xlink:href="jpfr-asr-E03513-000-2012-12-31-01-2013-03-25.xsd#jpfr-asr-E03513-000_CashOverAndShortNOE" xlink:label="jpfr-asr-E03513-000_CashOverAndShortNOE.2"/>
<link:label xlink:type="resource" xlink:label="label_jpfr-asr-E03513-000_CashOverAndShortNOE_verboseLabel.1" xlink:role="http://www.xbrl.org/2003/role/verboseLabel" xml:lang="en">Cash over and short-NOE</link:label>
<link:labelArc xlink:type="arc" xlink:arcrole="http://www.xbrl.org/2003/arcrole/concept-label" xlink:from="jpfr-asr-E03513-000_CashOverAndShortNOE.2" xlink:to="label_jpfr-asr-E03513-000_CashOverAndShortNOE_verboseLabel.1"/>
<link:loc xlink:type="locator" xlink:href="jpfr-asr-E03513-000-2012-12-31-01-2013-03-25.xsd#jpfr-asr-E03513-000_CashOverAndShortNOE" xlink:label="jpfr-asr-E03513-000_CashOverAndShortNOE.3"/>
<link:label xlink:type="resource" xlink:label="label_jpfr-asr-E03513-000_CashOverAndShortNOE_documentation.1" xlink:role="http://www.xbrl.org/2003/role/documentation" xml:lang="en">Cash over and short-NOE</link:label>
<link:labelArc xlink:type="arc" xlink:arcrole="http://www.xbrl.org/2003/arcrole/concept-label" xlink:from="jpfr-asr-E03513-000_CashOverAndShortNOE.3" xlink:to="label_jpfr-asr-E03513-000_CashOverAndShortNOE_documentation.1"/>
<link:loc xlink:type="locator" xlink:href="jpfr-asr-E03513-000-2012-12-31-01-2013-03-25.xsd#jpfr-asr-E03513-000_CompensationIncomeOfStoreSCancellationEI" xlink:label="jpfr-asr-E03513-000_CompensationIncomeOfStoreSCancellationEI.1"/>
<link:label xlink:type="resource" xlink:label="label_jpfr-asr-E03513-000_CompensationIncomeOfStoreSCancellationEI_label.1" xlink:role="http://www.xbrl.org/2003/role/label" xml:lang="en">Compensation income of store's cancellation</link:label>
<link:labelArc xlink:type="arc" xlink:arcrole="http://www.xbrl.org/2003/arcrole/concept-label" xlink:from="jpfr-asr-E03513-000_CompensationIncomeOfStoreSCancellationEI.1" xlink:to="label_jpfr-asr-E03513-000_CompensationIncomeOfStoreSCancellationEI_label.1"/>
<link:loc xlink:type="locator" xlink:href="jpfr-asr-E03513-000-2012-12-31-01-2013-03-25.xsd#jpfr-asr-E03513-000_CompensationIncomeOfStoreSCancellationEI" xlink:label="jpfr-asr-E03513-000_CompensationIncomeOfStoreSCancellationEI.2"/>
<link:label xlink:type="resource" xlink:label="label_jpfr-asr-E03513-000_CompensationIncomeOfStoreSCancellationEI_verboseLabel.1" xlink:role="http://www.xbrl.org/2003/role/verboseLabel" xml:lang="en">Compensation income of store's cancellation-EI</link:label>
<link:labelArc xlink:type="arc" xlink:arcrole="http://www.xbrl.org/2003/arcrole/concept-label" xlink:from="jpfr-asr-E03513-000_CompensationIncomeOfStoreSCancellationEI.2" xlink:to="label_jpfr-asr-E03513-000_CompensationIncomeOfStoreSCancellationEI_verboseLabel.1"/>
<link:loc xlink:type="locator" xlink:href="jpfr-asr-E03513-000-2012-12-31-01-2013-03-25.xsd#jpfr-asr-E03513-000_CompensationIncomeOfStoreSCancellationEI" xlink:label="jpfr-asr-E03513-000_CompensationIncomeOfStoreSCancellationEI.3"/>
<link:label xlink:type="resource" xlink:label="label_jpfr-asr-E03513-000_CompensationIncomeOfStoreSCancellationEI_documentation.1" xlink:role="http://www.xbrl.org/2003/role/documentation" xml:lang="en">Compensation income of store's cancellation-EI</link:label>
<link:labelArc xlink:type="arc" xlink:arcrole="http://www.xbrl.org/2003/arcrole/concept-label" xlink:from="jpfr-asr-E03513-000_CompensationIncomeOfStoreSCancellationEI.3" xlink:to="label_jpfr-asr-E03513-000_CompensationIncomeOfStoreSCancellationEI_documentation.1"/>
<link:loc xlink:type="locator" xlink:href="jpfr-asr-E03513-000-2012-12-31-01-2013-03-25.xsd#jpfr-asr-E03513-000_DistributionOfBankruptcyClaimEI" xlink:label="jpfr-asr-E03513-000_DistributionOfBankruptcyClaimEI.1"/>
<link:label xlink:type="resource" xlink:label="label_jpfr-asr-E03513-000_DistributionOfBankruptcyClaimEI_label.1" xlink:role="http://www.xbrl.org/2003/role/label" xml:lang="en">Distribution of bankruptcy claim</link:label>
<link:labelArc xlink:type="arc" xlink:arcrole="http://www.xbrl.org/2003/arcrole/concept-label" xlink:from="jpfr-asr-E03513-000_DistributionOfBankruptcyClaimEI.1" xlink:to="label_jpfr-asr-E03513-000_DistributionOfBankruptcyClaimEI_label.1"/>
<link:loc xlink:type="locator" xlink:href="jpfr-asr-E03513-000-2012-12-31-01-2013-03-25.xsd#jpfr-asr-E03513-000_DistributionOfBankruptcyClaimEI" xlink:label="jpfr-asr-E03513-000_DistributionOfBankruptcyClaimEI.2"/>
<link:label xlink:type="resource" xlink:label="label_jpfr-asr-E03513-000_DistributionOfBankruptcyClaimEI_verboseLabel.1" xlink:role="http://www.xbrl.org/2003/role/verboseLabel" xml:lang="en">Distribution of bankruptcy claim-EI</link:label>
<link:labelArc xlink:type="arc" xlink:arcrole="http://www.xbrl.org/2003/arcrole/concept-label" xlink:from="jpfr-asr-E03513-000_DistributionOfBankruptcyClaimEI.2" xlink:to="label_jpfr-asr-E03513-000_DistributionOfBankruptcyClaimEI_verboseLabel.1"/>
<link:loc xlink:type="locator" xlink:href="jpfr-asr-E03513-000-2012-12-31-01-2013-03-25.xsd#jpfr-asr-E03513-000_DistributionOfBankruptcyClaimEI" xlink:label="jpfr-asr-E03513-000_DistributionOfBankruptcyClaimEI.3"/>
<link:label xlink:type="resource" xlink:label="label_jpfr-asr-E03513-000_DistributionOfBankruptcyClaimEI_documentation.1" xlink:role="http://www.xbrl.org/2003/role/documentation" xml:lang="en">Distribution of bankruptcy claim-EI</link:label>
<link:labelArc xlink:type="arc" xlink:arcrole="http://www.xbrl.org/2003/arcrole/concept-label" xlink:from="jpfr-asr-E03513-000_DistributionOfBankruptcyClaimEI.3" xlink:to="label_jpfr-asr-E03513-000_DistributionOfBankruptcyClaimEI_documentation.1"/>
<link:loc xlink:type="locator" xlink:href="jpfr-asr-E03513-000-2012-12-31-01-2013-03-25.xsd#jpfr-asr-E03513-000_RawMaterialsUsedInShopsCA" xlink:label="jpfr-asr-E03513-000_RawMaterialsUsedInShopsCA.1"/>
<link:label xlink:type="resource" xlink:label="label_jpfr-asr-E03513-000_RawMaterialsUsedInShopsCA_label.1" xlink:role="http://www.xbrl.org/2003/role/label" xml:lang="en">Raw materials used in shops</link:label>
<link:labelArc xlink:type="arc" xlink:arcrole="http://www.xbrl.org/2003/arcrole/concept-label" xlink:from="jpfr-asr-E03513-000_RawMaterialsUsedInShopsCA.1" xlink:to="label_jpfr-asr-E03513-000_RawMaterialsUsedInShopsCA_label.1"/>
<link:loc xlink:type="locator" xlink:href="jpfr-asr-E03513-000-2012-12-31-01-2013-03-25.xsd#jpfr-asr-E03513-000_RawMaterialsUsedInShopsCA" xlink:label="jpfr-asr-E03513-000_RawMaterialsUsedInShopsCA.2"/>
<link:label xlink:type="resource" xlink:label="label_jpfr-asr-E03513-000_RawMaterialsUsedInShopsCA_verboseLabel.1" xlink:role="http://www.xbrl.org/2003/role/verboseLabel" xml:lang="en">Raw materials used in shops-CA</link:label>
<link:labelArc xlink:type="arc" xlink:arcrole="http://www.xbrl.org/2003/arcrole/concept-label" xlink:from="jpfr-asr-E03513-000_RawMaterialsUsedInShopsCA.2" xlink:to="label_jpfr-asr-E03513-000_RawMaterialsUsedInShopsCA_verboseLabel.1"/>
<link:loc xlink:type="locator" xlink:href="jpfr-asr-E03513-000-2012-12-31-01-2013-03-25.xsd#jpfr-asr-E03513-000_RawMaterialsUsedInShopsCA" xlink:label="jpfr-asr-E03513-000_RawMaterialsUsedInShopsCA.3"/>
<link:label xlink:type="resource" xlink:label="label_jpfr-asr-E03513-000_RawMaterialsUsedInShopsCA_documentation.1" xlink:role="http://www.xbrl.org/2003/role/documentation" xml:lang="en">Raw materials used in shops-CA</link:label>
<link:labelArc xlink:type="arc" xlink:arcrole="http://www.xbrl.org/2003/arcrole/concept-label" xlink:from="jpfr-asr-E03513-000_RawMaterialsUsedInShopsCA.3" xlink:to="label_jpfr-asr-E03513-000_RawMaterialsUsedInShopsCA_documentation.1"/>
<link:loc xlink:type="locator" xlink:href="jpfr-asr-E03513-000-2012-12-31-01-2013-03-25.xsd#jpfr-asr-E03513-000_SettlementReceivedOpeCF" xlink:label="jpfr-asr-E03513-000_SettlementReceivedOpeCF.1"/>
<link:label xlink:type="resource" xlink:label="label_jpfr-asr-E03513-000_SettlementReceivedOpeCF_label.1" xlink:role="http://www.xbrl.org/2003/role/label" xml:lang="en">Settlement received</link:label>
<link:labelArc xlink:type="arc" xlink:arcrole="http://www.xbrl.org/2003/arcrole/concept-label" xlink:from="jpfr-asr-E03513-000_SettlementReceivedOpeCF.1" xlink:to="label_jpfr-asr-E03513-000_SettlementReceivedOpeCF_label.1"/>
<link:loc xlink:type="locator" xlink:href="jpfr-asr-E03513-000-2012-12-31-01-2013-03-25.xsd#jpfr-asr-E03513-000_SettlementReceivedOpeCF" xlink:label="jpfr-asr-E03513-000_SettlementReceivedOpeCF.2"/>
<link:label xlink:type="resource" xlink:label="label_jpfr-asr-E03513-000_SettlementReceivedOpeCF_verboseLabel.1" xlink:role="http://www.xbrl.org/2003/role/verboseLabel" xml:lang="en">Settlement received-OpeCF </link:label>
<link:labelArc xlink:type="arc" xlink:arcrole="http://www.xbrl.org/2003/arcrole/concept-label" xlink:from="jpfr-asr-E03513-000_SettlementReceivedOpeCF.2" xlink:to="label_jpfr-asr-E03513-000_SettlementReceivedOpeCF_verboseLabel.1"/>
<link:loc xlink:type="locator" xlink:href="jpfr-asr-E03513-000-2012-12-31-01-2013-03-25.xsd#jpfr-asr-E03513-000_SettlementReceivedOpeCF" xlink:label="jpfr-asr-E03513-000_SettlementReceivedOpeCF.3"/>
<link:label xlink:type="resource" xlink:label="label_jpfr-asr-E03513-000_SettlementReceivedOpeCF_documentation.1" xlink:role="http://www.xbrl.org/2003/role/documentation" xml:lang="en">Settlement received-OpeCF </link:label>
<link:labelArc xlink:type="arc" xlink:arcrole="http://www.xbrl.org/2003/arcrole/concept-label" xlink:from="jpfr-asr-E03513-000_SettlementReceivedOpeCF.3" xlink:to="label_jpfr-asr-E03513-000_SettlementReceivedOpeCF_documentation.1"/>
</link:labelLink>
</link:linkbase>
