<?xml version="1.0" encoding="UTF-8"?>
<link:linkbase xmlns:xsi="http://www.w3.org/2001/XMLSchema-instance" xsi:schemaLocation="http://www.xbrl.org/2003/linkbase http://www.xbrl.org/2003/xbrl-linkbase-2003-12-31.xsd" xmlns:jpfr-asr-E03513-000="http://info.edinet-fsa.go.jp/jp/fr/gaap/E03513-000/asr/2012-12-31/01/2013-03-25" xmlns:link="http://www.xbrl.org/2003/linkbase" xmlns:xlink="http://www.w3.org/1999/xlink" xmlns:xbrli="http://www.xbrl.org/2003/instance">
<link:roleRef roleURI="http://info.edinet-fsa.go.jp/jp/fr/gaap/role/BalanceSheets" xlink:type="simple" xlink:href="http://info.edinet-fsa.go.jp/jp/fr/gaap/o/rt/2012-01-25/jpfr-rt-2012-01-25.xsd#RoleBalanceSheets"/>
<link:roleRef roleURI="http://info.edinet-fsa.go.jp/jp/fr/gaap/role/StatementsOfCashFlows" xlink:type="simple" xlink:href="http://info.edinet-fsa.go.jp/jp/fr/gaap/o/rt/2012-01-25/jpfr-rt-2012-01-25.xsd#RoleStatementsOfCashFlows"/>
<link:roleRef roleURI="http://info.edinet-fsa.go.jp/jp/fr/gaap/role/StatementsOfIncome" xlink:type="simple" xlink:href="http://info.edinet-fsa.go.jp/jp/fr/gaap/o/rt/2012-01-25/jpfr-rt-2012-01-25.xsd#RoleStatementsOfIncome"/>
<link:definitionLink xlink:type="extended" xlink:role="http://info.edinet-fsa.go.jp/jp/fr/gaap/role/StatementsOfIncome">
<link:loc xlink:type="locator" xlink:href="http://info.edinet-fsa.go.jp/jp/fr/gaap/t/cte/2012-01-25/jpfr-t-cte-2012-01-25.xsd#jpfr-t-cte_COSAndExpensesFromOperatingActivitiesDetailAbstract" xlink:label="jpfr-t-cte_COSAndExpensesFromOperatingActivitiesDetailAbstract.1"/>
<link:loc xlink:type="locator" xlink:href="jpfr-asr-E03513-000-2012-12-31-01-2013-03-25.xsd#jpfr-asr-E03513-000_CostOfGoodsAndRawMaterialsSoldAbstract" xlink:label="jpfr-asr-E03513-000_CostOfGoodsAndRawMaterialsSoldAbstract.1"/>
<link:definitionArc xlink:type="arc" xlink:arcrole="http://www.xbrl.org/2003/arcrole/general-special" xlink:from="jpfr-t-cte_COSAndExpensesFromOperatingActivitiesDetailAbstract.1" xlink:to="jpfr-asr-E03513-000_CostOfGoodsAndRawMaterialsSoldAbstract.1" order="39.0"/>
<link:loc xlink:type="locator" xlink:href="jpfr-asr-E03513-000-2012-12-31-01-2013-03-25.xsd#jpfr-asr-E03513-000_CostOfGoodsAndRawMaterialsSoldAbstract" xlink:label="jpfr-asr-E03513-000_CostOfGoodsAndRawMaterialsSoldAbstract.2"/>
<link:loc xlink:type="locator" xlink:href="jpfr-asr-E03513-000-2012-12-31-01-2013-03-25.xsd#jpfr-asr-E03513-000_BeginningGoodsAndRawMaterialsCOSExpOA" xlink:label="jpfr-asr-E03513-000_BeginningGoodsAndRawMaterialsCOSExpOA.1"/>
<link:definitionArc xlink:type="arc" xlink:arcrole="http://www.xbrl.org/2003/arcrole/general-special" xlink:from="jpfr-asr-E03513-000_CostOfGoodsAndRawMaterialsSoldAbstract.2" xlink:to="jpfr-asr-E03513-000_BeginningGoodsAndRawMaterialsCOSExpOA.1" order="1.0"/>
<link:loc xlink:type="locator" xlink:href="jpfr-asr-E03513-000-2012-12-31-01-2013-03-25.xsd#jpfr-asr-E03513-000_CostOfGoodsAndRawMaterialsSoldAbstract" xlink:label="jpfr-asr-E03513-000_CostOfGoodsAndRawMaterialsSoldAbstract.3"/>
<link:loc xlink:type="locator" xlink:href="jpfr-asr-E03513-000-2012-12-31-01-2013-03-25.xsd#jpfr-asr-E03513-000_PurchasedGoodsAndRawMaterialsCOSExpOA" xlink:label="jpfr-asr-E03513-000_PurchasedGoodsAndRawMaterialsCOSExpOA.1"/>
<link:definitionArc xlink:type="arc" xlink:arcrole="http://www.xbrl.org/2003/arcrole/general-special" xlink:from="jpfr-asr-E03513-000_CostOfGoodsAndRawMaterialsSoldAbstract.3" xlink:to="jpfr-asr-E03513-000_PurchasedGoodsAndRawMaterialsCOSExpOA.1" order="2.0"/>
<link:loc xlink:type="locator" xlink:href="jpfr-asr-E03513-000-2012-12-31-01-2013-03-25.xsd#jpfr-asr-E03513-000_CostOfGoodsAndRawMaterialsSoldAbstract" xlink:label="jpfr-asr-E03513-000_CostOfGoodsAndRawMaterialsSoldAbstract.4"/>
<link:loc xlink:type="locator" xlink:href="jpfr-asr-E03513-000-2012-12-31-01-2013-03-25.xsd#jpfr-asr-E03513-000_TotalBeginningAndPurchaseOfGoodsAndRawMaterials" xlink:label="jpfr-asr-E03513-000_TotalBeginningAndPurchaseOfGoodsAndRawMaterials.1"/>
<link:definitionArc xlink:type="arc" xlink:arcrole="http://www.xbrl.org/2003/arcrole/general-special" xlink:from="jpfr-asr-E03513-000_CostOfGoodsAndRawMaterialsSoldAbstract.4" xlink:to="jpfr-asr-E03513-000_TotalBeginningAndPurchaseOfGoodsAndRawMaterials.1" order="3.0"/>
<link:loc xlink:type="locator" xlink:href="jpfr-asr-E03513-000-2012-12-31-01-2013-03-25.xsd#jpfr-asr-E03513-000_CostOfGoodsAndRawMaterialsSoldAbstract" xlink:label="jpfr-asr-E03513-000_CostOfGoodsAndRawMaterialsSoldAbstract.5"/>
<link:loc xlink:type="locator" xlink:href="jpfr-asr-E03513-000-2012-12-31-01-2013-03-25.xsd#jpfr-asr-E03513-000_EndingGoodsAndRawMaterialsCOSExpOA" xlink:label="jpfr-asr-E03513-000_EndingGoodsAndRawMaterialsCOSExpOA.1"/>
<link:definitionArc xlink:type="arc" xlink:arcrole="http://www.xbrl.org/2003/arcrole/general-special" xlink:from="jpfr-asr-E03513-000_CostOfGoodsAndRawMaterialsSoldAbstract.5" xlink:to="jpfr-asr-E03513-000_EndingGoodsAndRawMaterialsCOSExpOA.1" order="4.0"/>
<link:loc xlink:type="locator" xlink:href="jpfr-asr-E03513-000-2012-12-31-01-2013-03-25.xsd#jpfr-asr-E03513-000_CostOfGoodsAndRawMaterialsSoldAbstract" xlink:label="jpfr-asr-E03513-000_CostOfGoodsAndRawMaterialsSoldAbstract.6"/>
<link:loc xlink:type="locator" xlink:href="jpfr-asr-E03513-000-2012-12-31-01-2013-03-25.xsd#jpfr-asr-E03513-000_CostOfGoodsAndRawMaterialsSoldCOSExpOA" xlink:label="jpfr-asr-E03513-000_CostOfGoodsAndRawMaterialsSoldCOSExpOA.1"/>
<link:definitionArc xlink:type="arc" xlink:arcrole="http://www.xbrl.org/2003/arcrole/general-special" xlink:from="jpfr-asr-E03513-000_CostOfGoodsAndRawMaterialsSoldAbstract.6" xlink:to="jpfr-asr-E03513-000_CostOfGoodsAndRawMaterialsSoldCOSExpOA.1" order="5.0"/>
<link:loc xlink:type="locator" xlink:href="http://info.edinet-fsa.go.jp/jp/fr/gaap/t/cte/2012-01-25/jpfr-t-cte-2012-01-25.xsd#jpfr-t-cte_NonOperatingIncomeAbstract" xlink:label="jpfr-t-cte_NonOperatingIncomeAbstract.1"/>
<link:loc xlink:type="locator" xlink:href="jpfr-asr-E03513-000-2012-12-31-01-2013-03-25.xsd#jpfr-asr-E03513-000_RebateIncomeNOI" xlink:label="jpfr-asr-E03513-000_RebateIncomeNOI.1"/>
<link:definitionArc xlink:type="arc" xlink:arcrole="http://www.xbrl.org/2003/arcrole/general-special" xlink:from="jpfr-t-cte_NonOperatingIncomeAbstract.1" xlink:to="jpfr-asr-E03513-000_RebateIncomeNOI.1" order="69.5"/>
<link:loc xlink:type="locator" xlink:href="http://info.edinet-fsa.go.jp/jp/fr/gaap/t/cte/2012-01-25/jpfr-t-cte-2012-01-25.xsd#jpfr-t-cte_NonOperatingExpensesAbstract" xlink:label="jpfr-t-cte_NonOperatingExpensesAbstract.1"/>
<link:loc xlink:type="locator" xlink:href="jpfr-asr-E03513-000-2012-12-31-01-2013-03-25.xsd#jpfr-asr-E03513-000_CashOverAndShortNOE" xlink:label="jpfr-asr-E03513-000_CashOverAndShortNOE.1"/>
<link:definitionArc xlink:type="arc" xlink:arcrole="http://www.xbrl.org/2003/arcrole/general-special" xlink:from="jpfr-t-cte_NonOperatingExpensesAbstract.1" xlink:to="jpfr-asr-E03513-000_CashOverAndShortNOE.1" order="88.5"/>
<link:loc xlink:type="locator" xlink:href="http://info.edinet-fsa.go.jp/jp/fr/gaap/t/cte/2012-01-25/jpfr-t-cte-2012-01-25.xsd#jpfr-t-cte_ExtraordinaryIncomeAbstract" xlink:label="jpfr-t-cte_ExtraordinaryIncomeAbstract.1"/>
<link:loc xlink:type="locator" xlink:href="jpfr-asr-E03513-000-2012-12-31-01-2013-03-25.xsd#jpfr-asr-E03513-000_CompensationIncomeOfStoreSCancellationEI" xlink:label="jpfr-asr-E03513-000_CompensationIncomeOfStoreSCancellationEI.1"/>
<link:definitionArc xlink:type="arc" xlink:arcrole="http://www.xbrl.org/2003/arcrole/general-special" xlink:from="jpfr-t-cte_ExtraordinaryIncomeAbstract.1" xlink:to="jpfr-asr-E03513-000_CompensationIncomeOfStoreSCancellationEI.1" order="68.5"/>
<link:loc xlink:type="locator" xlink:href="http://info.edinet-fsa.go.jp/jp/fr/gaap/t/cte/2012-01-25/jpfr-t-cte-2012-01-25.xsd#jpfr-t-cte_ExtraordinaryIncomeAbstract" xlink:label="jpfr-t-cte_ExtraordinaryIncomeAbstract.2"/>
<link:loc xlink:type="locator" xlink:href="jpfr-asr-E03513-000-2012-12-31-01-2013-03-25.xsd#jpfr-asr-E03513-000_DistributionOfBankruptcyClaimEI" xlink:label="jpfr-asr-E03513-000_DistributionOfBankruptcyClaimEI.1"/>
<link:definitionArc xlink:type="arc" xlink:arcrole="http://www.xbrl.org/2003/arcrole/general-special" xlink:from="jpfr-t-cte_ExtraordinaryIncomeAbstract.2" xlink:to="jpfr-asr-E03513-000_DistributionOfBankruptcyClaimEI.1" order="68.75"/>
</link:definitionLink>
<link:definitionLink xlink:type="extended" xlink:role="http://info.edinet-fsa.go.jp/jp/fr/gaap/role/StatementsOfCashFlows">
<link:loc xlink:type="locator" xlink:href="http://info.edinet-fsa.go.jp/jp/fr/gaap/t/cte/2012-01-25/jpfr-t-cte-2012-01-25.xsd#jpfr-t-cte_NetCashProvidedByUsedInOperatingActivitiesAbstract" xlink:label="jpfr-t-cte_NetCashProvidedByUsedInOperatingActivitiesAbstract.1"/>
<link:loc xlink:type="locator" xlink:href="jpfr-asr-E03513-000-2012-12-31-01-2013-03-25.xsd#jpfr-asr-E03513-000_CompensationIncomeOfStoreSCancellationOpeCF" xlink:label="jpfr-asr-E03513-000_CompensationIncomeOfStoreSCancellationOpeCF.1"/>
<link:definitionArc xlink:type="arc" xlink:arcrole="http://www.xbrl.org/2003/arcrole/general-special" xlink:from="jpfr-t-cte_NetCashProvidedByUsedInOperatingActivitiesAbstract.1" xlink:to="jpfr-asr-E03513-000_CompensationIncomeOfStoreSCancellationOpeCF.1" order="28.5"/>
<link:loc xlink:type="locator" xlink:href="http://info.edinet-fsa.go.jp/jp/fr/gaap/t/cte/2012-01-25/jpfr-t-cte-2012-01-25.xsd#jpfr-t-cte_SubtotalOpeCF" xlink:label="jpfr-t-cte_SubtotalOpeCF.1"/>
<link:loc xlink:type="locator" xlink:href="jpfr-asr-E03513-000-2012-12-31-01-2013-03-25.xsd#jpfr-asr-E03513-000_SettlementReceivedOpeCF" xlink:label="jpfr-asr-E03513-000_SettlementReceivedOpeCF.1"/>
<link:definitionArc xlink:type="arc" xlink:arcrole="http://www.xbrl.org/2003/arcrole/general-special" xlink:from="jpfr-t-cte_SubtotalOpeCF.1" xlink:to="jpfr-asr-E03513-000_SettlementReceivedOpeCF.1" order="6.5"/>
<link:loc xlink:type="locator" xlink:href="http://info.edinet-fsa.go.jp/jp/fr/gaap/t/cte/2012-01-25/jpfr-t-cte-2012-01-25.xsd#jpfr-t-cte_NetCashProvidedByUsedInInvestmentActivitiesAbstract" xlink:label="jpfr-t-cte_NetCashProvidedByUsedInInvestmentActivitiesAbstract.1"/>
<link:loc xlink:type="locator" xlink:href="jpfr-asr-E03513-000-2012-12-31-01-2013-03-25.xsd#jpfr-asr-E03513-000_CollectionOfLoansReceivableToSubsidiariesAndAffiliatesInvCF" xlink:label="jpfr-asr-E03513-000_CollectionOfLoansReceivableToSubsidiariesAndAffiliatesInvCF.1"/>
<link:definitionArc xlink:type="arc" xlink:arcrole="http://www.xbrl.org/2003/arcrole/general-special" xlink:from="jpfr-t-cte_NetCashProvidedByUsedInInvestmentActivitiesAbstract.1" xlink:to="jpfr-asr-E03513-000_CollectionOfLoansReceivableToSubsidiariesAndAffiliatesInvCF.1" order="92.5"/>
<link:loc xlink:type="locator" xlink:href="http://info.edinet-fsa.go.jp/jp/fr/gaap/t/cte/2012-01-25/jpfr-t-cte-2012-01-25.xsd#jpfr-t-cte_NetCashProvidedByUsedInInvestmentActivitiesAbstract" xlink:label="jpfr-t-cte_NetCashProvidedByUsedInInvestmentActivitiesAbstract.2"/>
<link:loc xlink:type="locator" xlink:href="jpfr-asr-E03513-000-2012-12-31-01-2013-03-25.xsd#jpfr-asr-E03513-000_PaymentsIntoSubsidiariesAndAffiliatesInvCF" xlink:label="jpfr-asr-E03513-000_PaymentsIntoSubsidiariesAndAffiliatesInvCF.1"/>
<link:definitionArc xlink:type="arc" xlink:arcrole="http://www.xbrl.org/2003/arcrole/general-special" xlink:from="jpfr-t-cte_NetCashProvidedByUsedInInvestmentActivitiesAbstract.2" xlink:to="jpfr-asr-E03513-000_PaymentsIntoSubsidiariesAndAffiliatesInvCF.1" order="92.75"/>
<link:loc xlink:type="locator" xlink:href="http://info.edinet-fsa.go.jp/jp/fr/gaap/t/cte/2012-01-25/jpfr-t-cte-2012-01-25.xsd#jpfr-t-cte_NetCashProvidedByUsedInInvestmentActivitiesAbstract" xlink:label="jpfr-t-cte_NetCashProvidedByUsedInInvestmentActivitiesAbstract.3"/>
<link:loc xlink:type="locator" xlink:href="jpfr-asr-E03513-000-2012-12-31-01-2013-03-25.xsd#jpfr-asr-E03513-000_CollectionOfDepositInSubsidiariesAndAffiliatesInvCF" xlink:label="jpfr-asr-E03513-000_CollectionOfDepositInSubsidiariesAndAffiliatesInvCF.1"/>
<link:definitionArc xlink:type="arc" xlink:arcrole="http://www.xbrl.org/2003/arcrole/general-special" xlink:from="jpfr-t-cte_NetCashProvidedByUsedInInvestmentActivitiesAbstract.3" xlink:to="jpfr-asr-E03513-000_CollectionOfDepositInSubsidiariesAndAffiliatesInvCF.1" order="92.875"/>
<link:loc xlink:type="locator" xlink:href="http://info.edinet-fsa.go.jp/jp/fr/gaap/t/cte/2012-01-25/jpfr-t-cte-2012-01-25.xsd#jpfr-t-cte_NetCashProvidedByUsedInFinancingActivitiesAbstract" xlink:label="jpfr-t-cte_NetCashProvidedByUsedInFinancingActivitiesAbstract.1"/>
<link:loc xlink:type="locator" xlink:href="jpfr-asr-E03513-000-2012-12-31-01-2013-03-25.xsd#jpfr-asr-E03513-000_ProceedsFromGuaranteeDepositsReceivedFinCF" xlink:label="jpfr-asr-E03513-000_ProceedsFromGuaranteeDepositsReceivedFinCF.1"/>
<link:definitionArc xlink:type="arc" xlink:arcrole="http://www.xbrl.org/2003/arcrole/general-special" xlink:from="jpfr-t-cte_NetCashProvidedByUsedInFinancingActivitiesAbstract.1" xlink:to="jpfr-asr-E03513-000_ProceedsFromGuaranteeDepositsReceivedFinCF.1" order="49.5"/>
<link:loc xlink:type="locator" xlink:href="http://info.edinet-fsa.go.jp/jp/fr/gaap/t/cte/2012-01-25/jpfr-t-cte-2012-01-25.xsd#jpfr-t-cte_NetCashProvidedByUsedInFinancingActivitiesAbstract" xlink:label="jpfr-t-cte_NetCashProvidedByUsedInFinancingActivitiesAbstract.2"/>
<link:loc xlink:type="locator" xlink:href="jpfr-asr-E03513-000-2012-12-31-01-2013-03-25.xsd#jpfr-asr-E03513-000_RepaymentsOfGuaranteeDepositsReceivedFinCF" xlink:label="jpfr-asr-E03513-000_RepaymentsOfGuaranteeDepositsReceivedFinCF.1"/>
<link:definitionArc xlink:type="arc" xlink:arcrole="http://www.xbrl.org/2003/arcrole/general-special" xlink:from="jpfr-t-cte_NetCashProvidedByUsedInFinancingActivitiesAbstract.2" xlink:to="jpfr-asr-E03513-000_RepaymentsOfGuaranteeDepositsReceivedFinCF.1" order="49.75"/>
</link:definitionLink>
<link:definitionLink xlink:type="extended" xlink:role="http://info.edinet-fsa.go.jp/jp/fr/gaap/role/BalanceSheets">
<link:loc xlink:type="locator" xlink:href="http://info.edinet-fsa.go.jp/jp/fr/gaap/t/cte/2012-01-25/jpfr-t-cte-2012-01-25.xsd#jpfr-t-cte_CurrentAssetsAbstract" xlink:label="jpfr-t-cte_CurrentAssetsAbstract.1"/>
<link:loc xlink:type="locator" xlink:href="jpfr-asr-E03513-000-2012-12-31-01-2013-03-25.xsd#jpfr-asr-E03513-000_RawMaterialsUsedInShopsCA" xlink:label="jpfr-asr-E03513-000_RawMaterialsUsedInShopsCA.1"/>
<link:definitionArc xlink:type="arc" xlink:arcrole="http://www.xbrl.org/2003/arcrole/general-special" xlink:from="jpfr-t-cte_CurrentAssetsAbstract.1" xlink:to="jpfr-asr-E03513-000_RawMaterialsUsedInShopsCA.1" order="41.5"/>
</link:definitionLink>
</link:linkbase>
