<?xml version="1.0" encoding="UTF-8"?>
<FinancialStatements>
<InstanceCount>1</InstanceCount>
<InstanceInformation>
<InstanceFileName>jpfr-asr-E03513-000-2012-12-31-01-2013-03-25</InstanceFileName>
<StatementInformation>
<StatementID>NonconsolidatedPLNonconsolidatedFinancialStatements</StatementID>
<FileName>0105090</FileName>
<Language>ja</Language>
<Header>
<HeaderValue/>
<HeaderValue/>
<HeaderValue>②【損益計算書】</HeaderValue>
<HeaderValue/>
</Header>
<ColumnName>
<ColumnValue>前事業年度</ColumnValue>
<ColumnValue>(自　平成23年１月１日</ColumnValue>
<ColumnValue>　至　平成23年12月31日)</ColumnValue>
</ColumnName>
<ColumnName>
<ColumnValue>当事業年度</ColumnValue>
<ColumnValue>(自　平成24年１月１日</ColumnValue>
<ColumnValue>　至　平成24年12月31日)</ColumnValue>
</ColumnName>
<DecimalScale>(単位：千円)</DecimalScale>
<SplitMaxSize>46</SplitMaxSize>
<SplitMinSize>30</SplitMinSize>
<SplitDepth>1</SplitDepth>
</StatementInformation>
<StatementInformation>
<StatementID>ConsolidatedCFConsolidatedFinancialStatements</StatementID>
<FileName>0105060</FileName>
<Language>ja</Language>
<Header>
<HeaderValue/>
<HeaderValue/>
<HeaderValue>④【連結キャッシュ・フロー計算書】</HeaderValue>
<HeaderValue/>
</Header>
<ColumnName>
<ColumnValue>前連結会計年度</ColumnValue>
<ColumnValue>(自　平成23年１月１日</ColumnValue>
<ColumnValue>　至　平成23年12月31日)</ColumnValue>
</ColumnName>
<ColumnName>
<ColumnValue>当連結会計年度</ColumnValue>
<ColumnValue>(自　平成24年１月１日</ColumnValue>
<ColumnValue>　至　平成24年12月31日)</ColumnValue>
</ColumnName>
<DecimalScale>（単位：千円）</DecimalScale>
<SplitMaxSize>40</SplitMaxSize>
<SplitMinSize>30</SplitMinSize>
<SplitDepth>1</SplitDepth>
</StatementInformation>
<StatementInformation>
<StatementID>NonconsolidatedBSNonconsolidatedFinancialStatements</StatementID>
<FileName>0105080</FileName>
<Language>ja</Language>
<Header>
<HeaderValue>２【財務諸表等】</HeaderValue>
<HeaderValue>（１）【財務諸表】</HeaderValue>
<HeaderValue>①【貸借対照表】</HeaderValue>
<HeaderValue/>
</Header>
<ColumnName>
<ColumnValue>前事業年度</ColumnValue>
<ColumnValue>(平成23年12月31日)</ColumnValue>
</ColumnName>
<ColumnName>
<ColumnValue>当事業年度</ColumnValue>
<ColumnValue>(平成24年12月31日)</ColumnValue>
</ColumnName>
<DecimalScale>(単位：千円)</DecimalScale>
<SplitMaxSize>44</SplitMaxSize>
<SplitMinSize>30</SplitMinSize>
<SplitDepth>3</SplitDepth>
</StatementInformation>
<StatementInformation>
<StatementID>ConsolidatedPLConsolidatedFinancialStatements</StatementID>
<FileName>0105030</FileName>
<Language>ja</Language>
<Header>
<HeaderValue/>
<HeaderValue/>
<HeaderValue>②【連結損益計算書及び連結包括利益計算書】</HeaderValue>
<HeaderValue>【連結損益計算書】</HeaderValue>
</Header>
<ColumnName>
<ColumnValue>前連結会計年度</ColumnValue>
<ColumnValue>(自　平成23年１月１日</ColumnValue>
<ColumnValue>　至　平成23年12月31日)</ColumnValue>
</ColumnName>
<ColumnName>
<ColumnValue>当連結会計年度</ColumnValue>
<ColumnValue>(自　平成24年１月１日</ColumnValue>
<ColumnValue>　至　平成24年12月31日)</ColumnValue>
</ColumnName>
<DecimalScale>（単位：千円）</DecimalScale>
<SplitMaxSize>40</SplitMaxSize>
<SplitMinSize>30</SplitMinSize>
<SplitDepth>1</SplitDepth>
</StatementInformation>
<StatementInformation>
<StatementID>ConsolidatedCIConsolidatedFinancialStatements</StatementID>
<FileName>0105040</FileName>
<Language>ja</Language>
<Header>
<HeaderValue/>
<HeaderValue/>
<HeaderValue/>
<HeaderValue>【連結包括利益計算書】</HeaderValue>
</Header>
<ColumnName>
<ColumnValue>前連結会計年度</ColumnValue>
<ColumnValue>(自　平成23年１月１日</ColumnValue>
<ColumnValue>　至　平成23年12月31日)</ColumnValue>
</ColumnName>
<ColumnName>
<ColumnValue>当連結会計年度</ColumnValue>
<ColumnValue>(自　平成24年１月１日</ColumnValue>
<ColumnValue>　至　平成24年12月31日)</ColumnValue>
</ColumnName>
<DecimalScale>（単位：千円）</DecimalScale>
<SplitMaxSize>40</SplitMaxSize>
<SplitMinSize>30</SplitMinSize>
<SplitDepth>1</SplitDepth>
</StatementInformation>
<StatementInformation>
<StatementID>NonconsolidatedSSNonconsolidatedFinancialStatements</StatementID>
<FileName>0105100</FileName>
<Language>ja</Language>
<Header>
<HeaderValue/>
<HeaderValue/>
<HeaderValue>③【株主資本等変動計算書】</HeaderValue>
<HeaderValue/>
</Header>
<ColumnName>
<ColumnValue>前事業年度</ColumnValue>
<ColumnValue>(自　平成23年１月１日</ColumnValue>
<ColumnValue>　至　平成23年12月31日)</ColumnValue>
</ColumnName>
<ColumnName>
<ColumnValue>当事業年度</ColumnValue>
<ColumnValue>(自　平成24年１月１日</ColumnValue>
<ColumnValue>　至　平成24年12月31日)</ColumnValue>
</ColumnName>
<DecimalScale>(単位：千円)</DecimalScale>
<SplitMaxSize>45</SplitMaxSize>
<SplitMinSize>30</SplitMinSize>
<SplitDepth>2</SplitDepth>
</StatementInformation>
<StatementInformation>
<StatementID>ConsolidatedSSConsolidatedFinancialStatements</StatementID>
<FileName>0105050</FileName>
<Language>ja</Language>
<Header>
<HeaderValue/>
<HeaderValue/>
<HeaderValue>③【連結株主資本等変動計算書】</HeaderValue>
<HeaderValue/>
</Header>
<ColumnName>
<ColumnValue>前連結会計年度</ColumnValue>
<ColumnValue>(自　平成23年１月１日</ColumnValue>
<ColumnValue>　至　平成23年12月31日)</ColumnValue>
</ColumnName>
<ColumnName>
<ColumnValue>当連結会計年度</ColumnValue>
<ColumnValue>(自　平成24年１月１日</ColumnValue>
<ColumnValue>　至　平成24年12月31日)</ColumnValue>
</ColumnName>
<DecimalScale>（単位：千円）</DecimalScale>
<SplitMaxSize>40</SplitMaxSize>
<SplitMinSize>30</SplitMinSize>
<SplitDepth>1</SplitDepth>
</StatementInformation>
<StatementInformation>
<StatementID>ConsolidatedBSConsolidatedFinancialStatements</StatementID>
<FileName>0105020</FileName>
<Language>ja</Language>
<Header>
<HeaderValue>１【連結財務諸表等】</HeaderValue>
<HeaderValue>（１）【連結財務諸表】</HeaderValue>
<HeaderValue>①【連結貸借対照表】</HeaderValue>
<HeaderValue/>
</Header>
<ColumnName>
<ColumnValue>前連結会計年度</ColumnValue>
<ColumnValue>(平成23年12月31日)</ColumnValue>
</ColumnName>
<ColumnName>
<ColumnValue>当連結会計年度</ColumnValue>
<ColumnValue>(平成24年12月31日)</ColumnValue>
</ColumnName>
<DecimalScale>（単位：千円）</DecimalScale>
<SplitMaxSize>40</SplitMaxSize>
<SplitMinSize>30</SplitMinSize>
<SplitDepth>1</SplitDepth>
</StatementInformation>
</InstanceInformation>
</FinancialStatements>
