<?xml version="1.0" encoding="UTF-8"?>
<link:linkbase xmlns:xsi="http://www.w3.org/2001/XMLSchema-instance" xsi:schemaLocation="http://www.xbrl.org/2003/linkbase http://www.xbrl.org/2003/xbrl-linkbase-2003-12-31.xsd" xmlns:jpfr-asr-E03513-000="http://info.edinet-fsa.go.jp/jp/fr/gaap/E03513-000/asr/2012-12-31/01/2013-03-25" xmlns:link="http://www.xbrl.org/2003/linkbase" xmlns:xlink="http://www.w3.org/1999/xlink" xmlns:xbrli="http://www.xbrl.org/2003/instance">
<link:roleRef roleURI="http://info.edinet-fsa.go.jp/jp/fr/gaap/role/ConsolidatedBalanceSheets" xlink:type="simple" xlink:href="http://info.edinet-fsa.go.jp/jp/fr/gaap/o/rt/2012-01-25/jpfr-rt-2012-01-25.xsd#RoleConsolidatedBalanceSheets"/>
<link:roleRef roleURI="http://info.edinet-fsa.go.jp/jp/fr/gaap/role/ConsolidatedStatementsOfCashFlowsIndirect" xlink:type="simple" xlink:href="http://info.edinet-fsa.go.jp/jp/fr/gaap/o/rt/2012-01-25/jpfr-rt-2012-01-25.xsd#RoleConsolidatedStatementsOfCashFlowsIndirect"/>
<link:roleRef roleURI="http://info.edinet-fsa.go.jp/jp/fr/gaap/role/ConsolidatedStatementsOfChangesInNetAssets" xlink:type="simple" xlink:href="http://info.edinet-fsa.go.jp/jp/fr/gaap/o/rt/2012-01-25/jpfr-rt-2012-01-25.xsd#RoleConsolidatedStatementsOfChangesInNetAssets"/>
<link:roleRef roleURI="http://info.edinet-fsa.go.jp/jp/fr/gaap/role/ConsolidatedStatementsOfIncome" xlink:type="simple" xlink:href="http://info.edinet-fsa.go.jp/jp/fr/gaap/o/rt/2012-01-25/jpfr-rt-2012-01-25.xsd#RoleConsolidatedStatementsOfIncome"/>
<link:roleRef roleURI="http://info.edinet-fsa.go.jp/jp/fr/gaap/role/NonConsolidatedBalanceSheets" xlink:type="simple" xlink:href="http://info.edinet-fsa.go.jp/jp/fr/gaap/o/rt/2012-01-25/jpfr-rt-2012-01-25.xsd#RoleNonConsolidatedBalanceSheets"/>
<link:roleRef roleURI="http://info.edinet-fsa.go.jp/jp/fr/gaap/role/NonConsolidatedStatementsOfChangesInNetAssets" xlink:type="simple" xlink:href="http://info.edinet-fsa.go.jp/jp/fr/gaap/o/rt/2012-01-25/jpfr-rt-2012-01-25.xsd#RoleNonConsolidatedStatementsOfChangesInNetAssets"/>
<link:roleRef roleURI="http://info.edinet-fsa.go.jp/jp/fr/gaap/role/NonConsolidatedStatementsOfChangesInNetAssets2" xlink:type="simple" xlink:href="http://info.edinet-fsa.go.jp/jp/fr/gaap/o/rt/2012-01-25/jpfr-rt-2012-01-25.xsd#RoleNonConsolidatedStatementsOfChangesInNetAssets2"/>
<link:roleRef roleURI="http://info.edinet-fsa.go.jp/jp/fr/gaap/role/NonConsolidatedStatementsOfIncome" xlink:type="simple" xlink:href="http://info.edinet-fsa.go.jp/jp/fr/gaap/o/rt/2012-01-25/jpfr-rt-2012-01-25.xsd#RoleNonConsolidatedStatementsOfIncome"/>
<link:calculationLink xlink:type="extended" xlink:role="http://info.edinet-fsa.go.jp/jp/fr/gaap/role/ConsolidatedBalanceSheets">
<link:loc xlink:type="locator" xlink:href="http://info.edinet-fsa.go.jp/jp/fr/gaap/t/cte/2012-01-25/jpfr-t-cte-2012-01-25.xsd#jpfr-t-cte_CurrentAssets" xlink:label="CurrentAssets.pnex.1"/>
<link:loc xlink:type="locator" xlink:href="http://info.edinet-fsa.go.jp/jp/fr/gaap/t/cte/2012-01-25/jpfr-t-cte-2012-01-25.xsd#jpfr-t-cte_MerchandiseAndFinishedGoods" xlink:label="MerchandiseAndFinishedGoods.pnex.1"/>
<link:calculationArc xlink:type="arc" xlink:arcrole="http://www.xbrl.org/2003/arcrole/summation-item" xlink:from="CurrentAssets.pnex.1" xlink:to="MerchandiseAndFinishedGoods.pnex.1" use="prohibited" priority="1" order="9.0" weight="1"/>
<link:loc xlink:type="locator" xlink:href="http://info.edinet-fsa.go.jp/jp/fr/gaap/t/cte/2012-01-25/jpfr-t-cte-2012-01-25.xsd#jpfr-t-cte_CurrentAssets" xlink:label="jpfr-t-cte_CurrentAssets.1"/>
<link:loc xlink:type="locator" xlink:href="http://info.edinet-fsa.go.jp/jp/fr/gaap/t/cte/2012-01-25/jpfr-t-cte-2012-01-25.xsd#jpfr-t-cte_AccountsReceivableTrade" xlink:label="jpfr-t-cte_AccountsReceivableTrade.1"/>
<link:calculationArc xlink:type="arc" xlink:arcrole="http://www.xbrl.org/2003/arcrole/summation-item" xlink:from="jpfr-t-cte_CurrentAssets.1" xlink:to="jpfr-t-cte_AccountsReceivableTrade.1" order="2.0" weight="1"/>
<link:loc xlink:type="locator" xlink:href="http://info.edinet-fsa.go.jp/jp/fr/gaap/t/cte/2012-01-25/jpfr-t-cte-2012-01-25.xsd#jpfr-t-cte_CurrentAssets" xlink:label="jpfr-t-cte_CurrentAssets.2"/>
<link:loc xlink:type="locator" xlink:href="http://info.edinet-fsa.go.jp/jp/fr/gaap/t/cte/2012-01-25/jpfr-t-cte-2012-01-25.xsd#jpfr-t-cte_Merchandise" xlink:label="jpfr-t-cte_Merchandise.1"/>
<link:calculationArc xlink:type="arc" xlink:arcrole="http://www.xbrl.org/2003/arcrole/summation-item" xlink:from="jpfr-t-cte_CurrentAssets.2" xlink:to="jpfr-t-cte_Merchandise.1" order="8.5" weight="1"/>
<link:loc xlink:type="locator" xlink:href="http://info.edinet-fsa.go.jp/jp/fr/gaap/t/cte/2012-01-25/jpfr-t-cte-2012-01-25.xsd#jpfr-t-cte_PropertyPlantAndEquipment" xlink:label="PropertyPlantAndEquipment.pnex.1"/>
<link:loc xlink:type="locator" xlink:href="http://info.edinet-fsa.go.jp/jp/fr/gaap/t/cte/2012-01-25/jpfr-t-cte-2012-01-25.xsd#jpfr-t-cte_MachineryEquipmentAndVehiclesNet" xlink:label="MachineryEquipmentAndVehiclesNet.pnex.1"/>
<link:calculationArc xlink:type="arc" xlink:arcrole="http://www.xbrl.org/2003/arcrole/summation-item" xlink:from="PropertyPlantAndEquipment.pnex.1" xlink:to="MachineryEquipmentAndVehiclesNet.pnex.1" use="prohibited" priority="1" order="6.0" weight="1"/>
<link:loc xlink:type="locator" xlink:href="http://info.edinet-fsa.go.jp/jp/fr/gaap/t/cte/2012-01-25/jpfr-t-cte-2012-01-25.xsd#jpfr-t-cte_MachineryEquipmentAndVehiclesNet" xlink:label="MachineryEquipmentAndVehiclesNet.pnex.3"/>
<link:loc xlink:type="locator" xlink:href="http://info.edinet-fsa.go.jp/jp/fr/gaap/t/cte/2012-01-25/jpfr-t-cte-2012-01-25.xsd#jpfr-t-cte_AccumulatedDepreciationMachineryEquipmentAndVehicles" xlink:label="AccumulatedDepreciationMachineryEquipmentAndVehicles.pnex.1"/>
<link:calculationArc xlink:type="arc" xlink:arcrole="http://www.xbrl.org/2003/arcrole/summation-item" xlink:from="MachineryEquipmentAndVehiclesNet.pnex.3" xlink:to="AccumulatedDepreciationMachineryEquipmentAndVehicles.pnex.1" use="prohibited" priority="1" order="2.0" weight="1"/>
<link:loc xlink:type="locator" xlink:href="http://info.edinet-fsa.go.jp/jp/fr/gaap/t/cte/2012-01-25/jpfr-t-cte-2012-01-25.xsd#jpfr-t-cte_MachineryEquipmentAndVehiclesNet" xlink:label="MachineryEquipmentAndVehiclesNet.pnex.2"/>
<link:loc xlink:type="locator" xlink:href="http://info.edinet-fsa.go.jp/jp/fr/gaap/t/cte/2012-01-25/jpfr-t-cte-2012-01-25.xsd#jpfr-t-cte_MachineryEquipmentAndVehicles" xlink:label="MachineryEquipmentAndVehicles.pnex.1"/>
<link:calculationArc xlink:type="arc" xlink:arcrole="http://www.xbrl.org/2003/arcrole/summation-item" xlink:from="MachineryEquipmentAndVehiclesNet.pnex.2" xlink:to="MachineryEquipmentAndVehicles.pnex.1" use="prohibited" priority="1" order="1.0" weight="1"/>
<link:loc xlink:type="locator" xlink:href="http://info.edinet-fsa.go.jp/jp/fr/gaap/t/cte/2012-01-25/jpfr-t-cte-2012-01-25.xsd#jpfr-t-cte_PropertyPlantAndEquipment" xlink:label="jpfr-t-cte_PropertyPlantAndEquipment.1"/>
<link:loc xlink:type="locator" xlink:href="http://info.edinet-fsa.go.jp/jp/fr/gaap/t/cte/2012-01-25/jpfr-t-cte-2012-01-25.xsd#jpfr-t-cte_MachineryAndEquipmentNet" xlink:label="jpfr-t-cte_MachineryAndEquipmentNet.1"/>
<link:calculationArc xlink:type="arc" xlink:arcrole="http://www.xbrl.org/2003/arcrole/summation-item" xlink:from="jpfr-t-cte_PropertyPlantAndEquipment.1" xlink:to="jpfr-t-cte_MachineryAndEquipmentNet.1" order="3.5" weight="1"/>
<link:loc xlink:type="locator" xlink:href="http://info.edinet-fsa.go.jp/jp/fr/gaap/t/cte/2012-01-25/jpfr-t-cte-2012-01-25.xsd#jpfr-t-cte_MachineryAndEquipmentNet" xlink:label="jpfr-t-cte_MachineryAndEquipmentNet.3"/>
<link:loc xlink:type="locator" xlink:href="http://info.edinet-fsa.go.jp/jp/fr/gaap/t/cte/2012-01-25/jpfr-t-cte-2012-01-25.xsd#jpfr-t-cte_AccumulatedDepreciationMachineryAndEquipment" xlink:label="jpfr-t-cte_AccumulatedDepreciationMachineryAndEquipment.1"/>
<link:calculationArc xlink:type="arc" xlink:arcrole="http://www.xbrl.org/2003/arcrole/summation-item" xlink:from="jpfr-t-cte_MachineryAndEquipmentNet.3" xlink:to="jpfr-t-cte_AccumulatedDepreciationMachineryAndEquipment.1" order="2.0" weight="1"/>
<link:loc xlink:type="locator" xlink:href="http://info.edinet-fsa.go.jp/jp/fr/gaap/t/cte/2012-01-25/jpfr-t-cte-2012-01-25.xsd#jpfr-t-cte_MachineryAndEquipmentNet" xlink:label="jpfr-t-cte_MachineryAndEquipmentNet.2"/>
<link:loc xlink:type="locator" xlink:href="http://info.edinet-fsa.go.jp/jp/fr/gaap/t/cte/2012-01-25/jpfr-t-cte-2012-01-25.xsd#jpfr-t-cte_MachineryAndEquipment" xlink:label="jpfr-t-cte_MachineryAndEquipment.1"/>
<link:calculationArc xlink:type="arc" xlink:arcrole="http://www.xbrl.org/2003/arcrole/summation-item" xlink:from="jpfr-t-cte_MachineryAndEquipmentNet.2" xlink:to="jpfr-t-cte_MachineryAndEquipment.1" order="1.0" weight="1"/>
<link:loc xlink:type="locator" xlink:href="http://info.edinet-fsa.go.jp/jp/fr/gaap/t/cte/2012-01-25/jpfr-t-cte-2012-01-25.xsd#jpfr-t-cte_InvestmentsAndOtherAssets" xlink:label="jpfr-t-cte_InvestmentsAndOtherAssets.1"/>
<link:loc xlink:type="locator" xlink:href="http://info.edinet-fsa.go.jp/jp/fr/gaap/t/cte/2012-01-25/jpfr-t-cte-2012-01-25.xsd#jpfr-t-cte_LongTermPrepaidExpenses" xlink:label="jpfr-t-cte_LongTermPrepaidExpenses.1"/>
<link:calculationArc xlink:type="arc" xlink:arcrole="http://www.xbrl.org/2003/arcrole/summation-item" xlink:from="jpfr-t-cte_InvestmentsAndOtherAssets.1" xlink:to="jpfr-t-cte_LongTermPrepaidExpenses.1" order="2.0" weight="1"/>
<link:loc xlink:type="locator" xlink:href="http://info.edinet-fsa.go.jp/jp/fr/gaap/t/cte/2012-01-25/jpfr-t-cte-2012-01-25.xsd#jpfr-t-cte_InvestmentsAndOtherAssets" xlink:label="jpfr-t-cte_InvestmentsAndOtherAssets.2"/>
<link:loc xlink:type="locator" xlink:href="http://info.edinet-fsa.go.jp/jp/fr/gaap/t/cte/2012-01-25/jpfr-t-cte-2012-01-25.xsd#jpfr-t-cte_LeaseAndGuaranteeDeposits" xlink:label="jpfr-t-cte_LeaseAndGuaranteeDeposits.1"/>
<link:calculationArc xlink:type="arc" xlink:arcrole="http://www.xbrl.org/2003/arcrole/summation-item" xlink:from="jpfr-t-cte_InvestmentsAndOtherAssets.2" xlink:to="jpfr-t-cte_LeaseAndGuaranteeDeposits.1" order="5.5" weight="1"/>
<link:loc xlink:type="locator" xlink:href="http://info.edinet-fsa.go.jp/jp/fr/gaap/t/cte/2012-01-25/jpfr-t-cte-2012-01-25.xsd#jpfr-t-cte_InvestmentsAndOtherAssets" xlink:label="jpfr-t-cte_InvestmentsAndOtherAssets.3"/>
<link:loc xlink:type="locator" xlink:href="http://info.edinet-fsa.go.jp/jp/fr/gaap/t/cte/2012-01-25/jpfr-t-cte-2012-01-25.xsd#jpfr-t-cte_ConstructionAssistanceFundReceivables" xlink:label="jpfr-t-cte_ConstructionAssistanceFundReceivables.1"/>
<link:calculationArc xlink:type="arc" xlink:arcrole="http://www.xbrl.org/2003/arcrole/summation-item" xlink:from="jpfr-t-cte_InvestmentsAndOtherAssets.3" xlink:to="jpfr-t-cte_ConstructionAssistanceFundReceivables.1" order="5.75" weight="1"/>
<link:loc xlink:type="locator" xlink:href="http://info.edinet-fsa.go.jp/jp/fr/gaap/t/cte/2012-01-25/jpfr-t-cte-2012-01-25.xsd#jpfr-t-cte_CurrentLiabilities" xlink:label="jpfr-t-cte_CurrentLiabilities.2"/>
<link:loc xlink:type="locator" xlink:href="http://info.edinet-fsa.go.jp/jp/fr/gaap/t/cte/2012-01-25/jpfr-t-cte-2012-01-25.xsd#jpfr-t-cte_AccountsPayableOther" xlink:label="jpfr-t-cte_AccountsPayableOther.1"/>
<link:calculationArc xlink:type="arc" xlink:arcrole="http://www.xbrl.org/2003/arcrole/summation-item" xlink:from="jpfr-t-cte_CurrentLiabilities.2" xlink:to="jpfr-t-cte_AccountsPayableOther.1" order="0.75" weight="1"/>
<link:loc xlink:type="locator" xlink:href="http://info.edinet-fsa.go.jp/jp/fr/gaap/t/cte/2012-01-25/jpfr-t-cte-2012-01-25.xsd#jpfr-t-cte_CurrentLiabilities" xlink:label="jpfr-t-cte_CurrentLiabilities.4"/>
<link:loc xlink:type="locator" xlink:href="http://info.edinet-fsa.go.jp/jp/fr/gaap/t/cte/2012-01-25/jpfr-t-cte-2012-01-25.xsd#jpfr-t-cte_AccruedExpenses" xlink:label="jpfr-t-cte_AccruedExpenses.1"/>
<link:calculationArc xlink:type="arc" xlink:arcrole="http://www.xbrl.org/2003/arcrole/summation-item" xlink:from="jpfr-t-cte_CurrentLiabilities.4" xlink:to="jpfr-t-cte_AccruedExpenses.1" order="0.9375" weight="1"/>
<link:loc xlink:type="locator" xlink:href="http://info.edinet-fsa.go.jp/jp/fr/gaap/t/cte/2012-01-25/jpfr-t-cte-2012-01-25.xsd#jpfr-t-cte_CurrentLiabilities" xlink:label="jpfr-t-cte_CurrentLiabilities.5"/>
<link:loc xlink:type="locator" xlink:href="http://info.edinet-fsa.go.jp/jp/fr/gaap/t/cte/2012-01-25/jpfr-t-cte-2012-01-25.xsd#jpfr-t-cte_AdvancesReceived" xlink:label="jpfr-t-cte_AdvancesReceived.1"/>
<link:calculationArc xlink:type="arc" xlink:arcrole="http://www.xbrl.org/2003/arcrole/summation-item" xlink:from="jpfr-t-cte_CurrentLiabilities.5" xlink:to="jpfr-t-cte_AdvancesReceived.1" order="4.5" weight="1"/>
<link:loc xlink:type="locator" xlink:href="http://info.edinet-fsa.go.jp/jp/fr/gaap/t/cte/2012-01-25/jpfr-t-cte-2012-01-25.xsd#jpfr-t-cte_CurrentLiabilities" xlink:label="jpfr-t-cte_CurrentLiabilities.1"/>
<link:loc xlink:type="locator" xlink:href="http://info.edinet-fsa.go.jp/jp/fr/gaap/t/cte/2012-01-25/jpfr-t-cte-2012-01-25.xsd#jpfr-t-cte_AccountsPayableTrade" xlink:label="jpfr-t-cte_AccountsPayableTrade.1"/>
<link:calculationArc xlink:type="arc" xlink:arcrole="http://www.xbrl.org/2003/arcrole/summation-item" xlink:from="jpfr-t-cte_CurrentLiabilities.1" xlink:to="jpfr-t-cte_AccountsPayableTrade.1" order="0.5" weight="1"/>
<link:loc xlink:type="locator" xlink:href="http://info.edinet-fsa.go.jp/jp/fr/gaap/t/cte/2012-01-25/jpfr-t-cte-2012-01-25.xsd#jpfr-t-cte_CurrentLiabilities" xlink:label="jpfr-t-cte_CurrentLiabilities.3"/>
<link:loc xlink:type="locator" xlink:href="http://info.edinet-fsa.go.jp/jp/fr/gaap/t/cte/2012-01-25/jpfr-t-cte-2012-01-25.xsd#jpfr-t-cte_AccountsPayableFacilities" xlink:label="jpfr-t-cte_AccountsPayableFacilities.1"/>
<link:calculationArc xlink:type="arc" xlink:arcrole="http://www.xbrl.org/2003/arcrole/summation-item" xlink:from="jpfr-t-cte_CurrentLiabilities.3" xlink:to="jpfr-t-cte_AccountsPayableFacilities.1" order="0.875" weight="1"/>
<link:loc xlink:type="locator" xlink:href="http://info.edinet-fsa.go.jp/jp/fr/gaap/t/cte/2012-01-25/jpfr-t-cte-2012-01-25.xsd#jpfr-t-cte_NoncurrentLiabilities" xlink:label="jpfr-t-cte_NoncurrentLiabilities.1"/>
<link:loc xlink:type="locator" xlink:href="http://info.edinet-fsa.go.jp/jp/fr/gaap/t/cte/2012-01-25/jpfr-t-cte-2012-01-25.xsd#jpfr-t-cte_GuaranteeDepositsReceivedNCL" xlink:label="jpfr-t-cte_GuaranteeDepositsReceivedNCL.1"/>
<link:calculationArc xlink:type="arc" xlink:arcrole="http://www.xbrl.org/2003/arcrole/summation-item" xlink:from="jpfr-t-cte_NoncurrentLiabilities.1" xlink:to="jpfr-t-cte_GuaranteeDepositsReceivedNCL.1" order="5.5" weight="1"/>
</link:calculationLink>
<link:calculationLink xlink:type="extended" xlink:role="http://info.edinet-fsa.go.jp/jp/fr/gaap/role/ConsolidatedStatementsOfCashFlowsIndirect">
<link:loc xlink:type="locator" xlink:href="http://info.edinet-fsa.go.jp/jp/fr/gaap/t/cte/2012-01-25/jpfr-t-cte-2012-01-25.xsd#jpfr-t-cte_SubtotalOpeCF" xlink:label="jpfr-t-cte_SubtotalOpeCF.9"/>
<link:loc xlink:type="locator" xlink:href="jpfr-asr-E03513-000-2012-12-31-01-2013-03-25.xsd#jpfr-asr-E03513-000_SettlementReceivedOpeCF" xlink:label="jpfr-asr-E03513-000_SettlementReceivedOpeCF.1"/>
<link:calculationArc xlink:type="arc" xlink:arcrole="http://www.xbrl.org/2003/arcrole/summation-item" xlink:from="jpfr-t-cte_SubtotalOpeCF.9" xlink:to="jpfr-asr-E03513-000_SettlementReceivedOpeCF.1" order="2.984375" weight="1"/>
<link:loc xlink:type="locator" xlink:href="http://info.edinet-fsa.go.jp/jp/fr/gaap/t/cte/2012-01-25/jpfr-t-cte-2012-01-25.xsd#jpfr-t-cte_SubtotalOpeCF" xlink:label="jpfr-t-cte_SubtotalOpeCF.1"/>
<link:loc xlink:type="locator" xlink:href="http://info.edinet-fsa.go.jp/jp/fr/gaap/t/cte/2012-01-25/jpfr-t-cte-2012-01-25.xsd#jpfr-t-cte_GainOnDonationOfNoncurrentAssetsOpeCF" xlink:label="jpfr-t-cte_GainOnDonationOfNoncurrentAssetsOpeCF.1"/>
<link:calculationArc xlink:type="arc" xlink:arcrole="http://www.xbrl.org/2003/arcrole/summation-item" xlink:from="jpfr-t-cte_SubtotalOpeCF.1" xlink:to="jpfr-t-cte_GainOnDonationOfNoncurrentAssetsOpeCF.1" order="2.5" weight="1"/>
<link:loc xlink:type="locator" xlink:href="http://info.edinet-fsa.go.jp/jp/fr/gaap/t/cte/2012-01-25/jpfr-t-cte-2012-01-25.xsd#jpfr-t-cte_SubtotalOpeCF" xlink:label="jpfr-t-cte_SubtotalOpeCF.2"/>
<link:loc xlink:type="locator" xlink:href="http://info.edinet-fsa.go.jp/jp/fr/gaap/t/cte/2012-01-25/jpfr-t-cte-2012-01-25.xsd#jpfr-t-cte_LossOnRetirementOfNoncurrentAssetsOpeCF" xlink:label="jpfr-t-cte_LossOnRetirementOfNoncurrentAssetsOpeCF.1"/>
<link:calculationArc xlink:type="arc" xlink:arcrole="http://www.xbrl.org/2003/arcrole/summation-item" xlink:from="jpfr-t-cte_SubtotalOpeCF.2" xlink:to="jpfr-t-cte_LossOnRetirementOfNoncurrentAssetsOpeCF.1" order="2.75" weight="1"/>
<link:loc xlink:type="locator" xlink:href="http://info.edinet-fsa.go.jp/jp/fr/gaap/t/cte/2012-01-25/jpfr-t-cte-2012-01-25.xsd#jpfr-t-cte_SubtotalOpeCF" xlink:label="jpfr-t-cte_SubtotalOpeCF.3"/>
<link:loc xlink:type="locator" xlink:href="http://info.edinet-fsa.go.jp/jp/fr/gaap/t/cte/2012-01-25/jpfr-t-cte-2012-01-25.xsd#jpfr-t-cte_LossOnStoreClosingsOpeCF" xlink:label="jpfr-t-cte_LossOnStoreClosingsOpeCF.1"/>
<link:calculationArc xlink:type="arc" xlink:arcrole="http://www.xbrl.org/2003/arcrole/summation-item" xlink:from="jpfr-t-cte_SubtotalOpeCF.3" xlink:to="jpfr-t-cte_LossOnStoreClosingsOpeCF.1" order="2.875" weight="1"/>
<link:loc xlink:type="locator" xlink:href="http://info.edinet-fsa.go.jp/jp/fr/gaap/t/cte/2012-01-25/jpfr-t-cte-2012-01-25.xsd#jpfr-t-cte_SubtotalOpeCF" xlink:label="jpfr-t-cte_SubtotalOpeCF.4"/>
<link:loc xlink:type="locator" xlink:href="jpfr-asr-E03513-000-2012-12-31-01-2013-03-25.xsd#jpfr-asr-E03513-000_CompensationIncomeOfStoreSCancellationOpeCF" xlink:label="jpfr-asr-E03513-000_CompensationIncomeOfStoreSCancellationOpeCF.1"/>
<link:calculationArc xlink:type="arc" xlink:arcrole="http://www.xbrl.org/2003/arcrole/summation-item" xlink:from="jpfr-t-cte_SubtotalOpeCF.4" xlink:to="jpfr-asr-E03513-000_CompensationIncomeOfStoreSCancellationOpeCF.1" order="2.9375" weight="1"/>
<link:loc xlink:type="locator" xlink:href="http://info.edinet-fsa.go.jp/jp/fr/gaap/t/cte/2012-01-25/jpfr-t-cte-2012-01-25.xsd#jpfr-t-cte_SubtotalOpeCF" xlink:label="jpfr-t-cte_SubtotalOpeCF.5"/>
<link:loc xlink:type="locator" xlink:href="http://info.edinet-fsa.go.jp/jp/fr/gaap/t/cte/2012-01-25/jpfr-t-cte-2012-01-25.xsd#jpfr-t-cte_LossOnAdjustmentForChangesOfAccountingStandardForAssetRetirementObligationsOpeCF" xlink:label="jpfr-t-cte_LossOnAdjustmentForChangesOfAccountingStandardForAssetRetirementObligationsOpeCF.1"/>
<link:calculationArc xlink:type="arc" xlink:arcrole="http://www.xbrl.org/2003/arcrole/summation-item" xlink:from="jpfr-t-cte_SubtotalOpeCF.5" xlink:to="jpfr-t-cte_LossOnAdjustmentForChangesOfAccountingStandardForAssetRetirementObligationsOpeCF.1" order="2.96875" weight="1"/>
<link:loc xlink:type="locator" xlink:href="http://info.edinet-fsa.go.jp/jp/fr/gaap/t/cte/2012-01-25/jpfr-t-cte-2012-01-25.xsd#jpfr-t-cte_SubtotalOpeCF" xlink:label="jpfr-t-cte_SubtotalOpeCF.6"/>
<link:loc xlink:type="locator" xlink:href="http://info.edinet-fsa.go.jp/jp/fr/gaap/t/cte/2012-01-25/jpfr-t-cte-2012-01-25.xsd#jpfr-t-cte_InterestIncomeOpeCF" xlink:label="jpfr-t-cte_InterestIncomeOpeCF.1"/>
<link:calculationArc xlink:type="arc" xlink:arcrole="http://www.xbrl.org/2003/arcrole/summation-item" xlink:from="jpfr-t-cte_SubtotalOpeCF.6" xlink:to="jpfr-t-cte_InterestIncomeOpeCF.1" order="5.5" weight="1"/>
<link:loc xlink:type="locator" xlink:href="http://info.edinet-fsa.go.jp/jp/fr/gaap/t/cte/2012-01-25/jpfr-t-cte-2012-01-25.xsd#jpfr-t-cte_SubtotalOpeCF" xlink:label="jpfr-t-cte_SubtotalOpeCF.7"/>
<link:loc xlink:type="locator" xlink:href="http://info.edinet-fsa.go.jp/jp/fr/gaap/t/cte/2012-01-25/jpfr-t-cte-2012-01-25.xsd#jpfr-t-cte_DecreaseIncreaseInOtherAssetsOpeCF" xlink:label="jpfr-t-cte_DecreaseIncreaseInOtherAssetsOpeCF.1"/>
<link:calculationArc xlink:type="arc" xlink:arcrole="http://www.xbrl.org/2003/arcrole/summation-item" xlink:from="jpfr-t-cte_SubtotalOpeCF.7" xlink:to="jpfr-t-cte_DecreaseIncreaseInOtherAssetsOpeCF.1" order="14.5" weight="1"/>
<link:loc xlink:type="locator" xlink:href="http://info.edinet-fsa.go.jp/jp/fr/gaap/t/cte/2012-01-25/jpfr-t-cte-2012-01-25.xsd#jpfr-t-cte_SubtotalOpeCF" xlink:label="jpfr-t-cte_SubtotalOpeCF.8"/>
<link:loc xlink:type="locator" xlink:href="http://info.edinet-fsa.go.jp/jp/fr/gaap/t/cte/2012-01-25/jpfr-t-cte-2012-01-25.xsd#jpfr-t-cte_IncreaseDecreaseInOtherLiabilitiesOpeCF" xlink:label="jpfr-t-cte_IncreaseDecreaseInOtherLiabilitiesOpeCF.1"/>
<link:calculationArc xlink:type="arc" xlink:arcrole="http://www.xbrl.org/2003/arcrole/summation-item" xlink:from="jpfr-t-cte_SubtotalOpeCF.8" xlink:to="jpfr-t-cte_IncreaseDecreaseInOtherLiabilitiesOpeCF.1" order="14.75" weight="1"/>
<link:loc xlink:type="locator" xlink:href="http://info.edinet-fsa.go.jp/jp/fr/gaap/t/cte/2012-01-25/jpfr-t-cte-2012-01-25.xsd#jpfr-t-cte_NetCashProvidedByUsedInOperatingActivities" xlink:label="jpfr-t-cte_NetCashProvidedByUsedInOperatingActivities.1"/>
<link:loc xlink:type="locator" xlink:href="http://info.edinet-fsa.go.jp/jp/fr/gaap/t/cte/2012-01-25/jpfr-t-cte-2012-01-25.xsd#jpfr-t-cte_InterestIncomeReceivedOpeCF" xlink:label="jpfr-t-cte_InterestIncomeReceivedOpeCF.1"/>
<link:calculationArc xlink:type="arc" xlink:arcrole="http://www.xbrl.org/2003/arcrole/summation-item" xlink:from="jpfr-t-cte_NetCashProvidedByUsedInOperatingActivities.1" xlink:to="jpfr-t-cte_InterestIncomeReceivedOpeCF.1" order="1.5" weight="1"/>
<link:loc xlink:type="locator" xlink:href="http://info.edinet-fsa.go.jp/jp/fr/gaap/t/cte/2012-01-25/jpfr-t-cte-2012-01-25.xsd#jpfr-t-cte_NetCashProvidedByUsedInInvestmentActivities" xlink:label="jpfr-t-cte_NetCashProvidedByUsedInInvestmentActivities.1"/>
<link:loc xlink:type="locator" xlink:href="http://info.edinet-fsa.go.jp/jp/fr/gaap/t/cte/2012-01-25/jpfr-t-cte-2012-01-25.xsd#jpfr-t-cte_PurchaseOfIntangibleAssetsInvCF" xlink:label="jpfr-t-cte_PurchaseOfIntangibleAssetsInvCF.1"/>
<link:calculationArc xlink:type="arc" xlink:arcrole="http://www.xbrl.org/2003/arcrole/summation-item" xlink:from="jpfr-t-cte_NetCashProvidedByUsedInInvestmentActivities.1" xlink:to="jpfr-t-cte_PurchaseOfIntangibleAssetsInvCF.1" order="6.5" weight="1"/>
<link:loc xlink:type="locator" xlink:href="http://info.edinet-fsa.go.jp/jp/fr/gaap/t/cte/2012-01-25/jpfr-t-cte-2012-01-25.xsd#jpfr-t-cte_NetCashProvidedByUsedInInvestmentActivities" xlink:label="jpfr-t-cte_NetCashProvidedByUsedInInvestmentActivities.2"/>
<link:loc xlink:type="locator" xlink:href="http://info.edinet-fsa.go.jp/jp/fr/gaap/t/cte/2012-01-25/jpfr-t-cte-2012-01-25.xsd#jpfr-t-cte_PurchaseOfStocksOfSubsidiariesAndAffiliatesInvCF" xlink:label="jpfr-t-cte_PurchaseOfStocksOfSubsidiariesAndAffiliatesInvCF.1"/>
<link:calculationArc xlink:type="arc" xlink:arcrole="http://www.xbrl.org/2003/arcrole/summation-item" xlink:from="jpfr-t-cte_NetCashProvidedByUsedInInvestmentActivities.2" xlink:to="jpfr-t-cte_PurchaseOfStocksOfSubsidiariesAndAffiliatesInvCF.1" order="6.75" weight="1"/>
<link:loc xlink:type="locator" xlink:href="http://info.edinet-fsa.go.jp/jp/fr/gaap/t/cte/2012-01-25/jpfr-t-cte-2012-01-25.xsd#jpfr-t-cte_NetCashProvidedByUsedInInvestmentActivities" xlink:label="jpfr-t-cte_NetCashProvidedByUsedInInvestmentActivities.3"/>
<link:loc xlink:type="locator" xlink:href="http://info.edinet-fsa.go.jp/jp/fr/gaap/t/cte/2012-01-25/jpfr-t-cte-2012-01-25.xsd#jpfr-t-cte_PaymentsOfLoansReceivableToSubsidiariesAndAffiliatesInvCF" xlink:label="jpfr-t-cte_PaymentsOfLoansReceivableToSubsidiariesAndAffiliatesInvCF.1"/>
<link:calculationArc xlink:type="arc" xlink:arcrole="http://www.xbrl.org/2003/arcrole/summation-item" xlink:from="jpfr-t-cte_NetCashProvidedByUsedInInvestmentActivities.3" xlink:to="jpfr-t-cte_PaymentsOfLoansReceivableToSubsidiariesAndAffiliatesInvCF.1" order="6.875" weight="1"/>
<link:loc xlink:type="locator" xlink:href="http://info.edinet-fsa.go.jp/jp/fr/gaap/t/cte/2012-01-25/jpfr-t-cte-2012-01-25.xsd#jpfr-t-cte_NetCashProvidedByUsedInInvestmentActivities" xlink:label="jpfr-t-cte_NetCashProvidedByUsedInInvestmentActivities.4"/>
<link:loc xlink:type="locator" xlink:href="jpfr-asr-E03513-000-2012-12-31-01-2013-03-25.xsd#jpfr-asr-E03513-000_CollectionOfLoansReceivableToSubsidiariesAndAffiliatesInvCF" xlink:label="jpfr-asr-E03513-000_CollectionOfLoansReceivableToSubsidiariesAndAffiliatesInvCF.1"/>
<link:calculationArc xlink:type="arc" xlink:arcrole="http://www.xbrl.org/2003/arcrole/summation-item" xlink:from="jpfr-t-cte_NetCashProvidedByUsedInInvestmentActivities.4" xlink:to="jpfr-asr-E03513-000_CollectionOfLoansReceivableToSubsidiariesAndAffiliatesInvCF.1" order="6.9375" weight="1"/>
<link:loc xlink:type="locator" xlink:href="http://info.edinet-fsa.go.jp/jp/fr/gaap/t/cte/2012-01-25/jpfr-t-cte-2012-01-25.xsd#jpfr-t-cte_NetCashProvidedByUsedInInvestmentActivities" xlink:label="jpfr-t-cte_NetCashProvidedByUsedInInvestmentActivities.5"/>
<link:loc xlink:type="locator" xlink:href="jpfr-asr-E03513-000-2012-12-31-01-2013-03-25.xsd#jpfr-asr-E03513-000_PaymentsIntoSubsidiariesAndAffiliatesInvCF" xlink:label="jpfr-asr-E03513-000_PaymentsIntoSubsidiariesAndAffiliatesInvCF.1"/>
<link:calculationArc xlink:type="arc" xlink:arcrole="http://www.xbrl.org/2003/arcrole/summation-item" xlink:from="jpfr-t-cte_NetCashProvidedByUsedInInvestmentActivities.5" xlink:to="jpfr-asr-E03513-000_PaymentsIntoSubsidiariesAndAffiliatesInvCF.1" order="11.0" weight="1"/>
<link:loc xlink:type="locator" xlink:href="http://info.edinet-fsa.go.jp/jp/fr/gaap/t/cte/2012-01-25/jpfr-t-cte-2012-01-25.xsd#jpfr-t-cte_NetCashProvidedByUsedInInvestmentActivities" xlink:label="jpfr-t-cte_NetCashProvidedByUsedInInvestmentActivities.6"/>
<link:loc xlink:type="locator" xlink:href="jpfr-asr-E03513-000-2012-12-31-01-2013-03-25.xsd#jpfr-asr-E03513-000_CollectionOfDepositInSubsidiariesAndAffiliatesInvCF" xlink:label="jpfr-asr-E03513-000_CollectionOfDepositInSubsidiariesAndAffiliatesInvCF.1"/>
<link:calculationArc xlink:type="arc" xlink:arcrole="http://www.xbrl.org/2003/arcrole/summation-item" xlink:from="jpfr-t-cte_NetCashProvidedByUsedInInvestmentActivities.6" xlink:to="jpfr-asr-E03513-000_CollectionOfDepositInSubsidiariesAndAffiliatesInvCF.1" order="11.5" weight="1"/>
<link:loc xlink:type="locator" xlink:href="http://info.edinet-fsa.go.jp/jp/fr/gaap/t/cte/2012-01-25/jpfr-t-cte-2012-01-25.xsd#jpfr-t-cte_NetCashProvidedByUsedInInvestmentActivities" xlink:label="jpfr-t-cte_NetCashProvidedByUsedInInvestmentActivities.7"/>
<link:loc xlink:type="locator" xlink:href="http://info.edinet-fsa.go.jp/jp/fr/gaap/t/cte/2012-01-25/jpfr-t-cte-2012-01-25.xsd#jpfr-t-cte_PaymentsForLeaseAndGuaranteeDepositsInvCF" xlink:label="jpfr-t-cte_PaymentsForLeaseAndGuaranteeDepositsInvCF.1"/>
<link:calculationArc xlink:type="arc" xlink:arcrole="http://www.xbrl.org/2003/arcrole/summation-item" xlink:from="jpfr-t-cte_NetCashProvidedByUsedInInvestmentActivities.7" xlink:to="jpfr-t-cte_PaymentsForLeaseAndGuaranteeDepositsInvCF.1" order="11.75" weight="1"/>
<link:loc xlink:type="locator" xlink:href="http://info.edinet-fsa.go.jp/jp/fr/gaap/t/cte/2012-01-25/jpfr-t-cte-2012-01-25.xsd#jpfr-t-cte_NetCashProvidedByUsedInInvestmentActivities" xlink:label="jpfr-t-cte_NetCashProvidedByUsedInInvestmentActivities.8"/>
<link:loc xlink:type="locator" xlink:href="http://info.edinet-fsa.go.jp/jp/fr/gaap/t/cte/2012-01-25/jpfr-t-cte-2012-01-25.xsd#jpfr-t-cte_ProceedsFromCollectionOfLeaseAndGuaranteeDepositsInvCF" xlink:label="jpfr-t-cte_ProceedsFromCollectionOfLeaseAndGuaranteeDepositsInvCF.1"/>
<link:calculationArc xlink:type="arc" xlink:arcrole="http://www.xbrl.org/2003/arcrole/summation-item" xlink:from="jpfr-t-cte_NetCashProvidedByUsedInInvestmentActivities.8" xlink:to="jpfr-t-cte_ProceedsFromCollectionOfLeaseAndGuaranteeDepositsInvCF.1" order="11.875" weight="1"/>
<link:loc xlink:type="locator" xlink:href="http://info.edinet-fsa.go.jp/jp/fr/gaap/t/cte/2012-01-25/jpfr-t-cte-2012-01-25.xsd#jpfr-t-cte_NetCashProvidedByUsedInFinancingActivities" xlink:label="jpfr-t-cte_NetCashProvidedByUsedInFinancingActivities.1"/>
<link:loc xlink:type="locator" xlink:href="jpfr-asr-E03513-000-2012-12-31-01-2013-03-25.xsd#jpfr-asr-E03513-000_ProceedsFromGuaranteeDepositsReceivedFinCF" xlink:label="jpfr-asr-E03513-000_ProceedsFromGuaranteeDepositsReceivedFinCF.1"/>
<link:calculationArc xlink:type="arc" xlink:arcrole="http://www.xbrl.org/2003/arcrole/summation-item" xlink:from="jpfr-t-cte_NetCashProvidedByUsedInFinancingActivities.1" xlink:to="jpfr-asr-E03513-000_ProceedsFromGuaranteeDepositsReceivedFinCF.1" order="0.5" weight="1"/>
<link:loc xlink:type="locator" xlink:href="http://info.edinet-fsa.go.jp/jp/fr/gaap/t/cte/2012-01-25/jpfr-t-cte-2012-01-25.xsd#jpfr-t-cte_NetCashProvidedByUsedInFinancingActivities" xlink:label="jpfr-t-cte_NetCashProvidedByUsedInFinancingActivities.2"/>
<link:loc xlink:type="locator" xlink:href="jpfr-asr-E03513-000-2012-12-31-01-2013-03-25.xsd#jpfr-asr-E03513-000_RepaymentsOfGuaranteeDepositsReceivedFinCF" xlink:label="jpfr-asr-E03513-000_RepaymentsOfGuaranteeDepositsReceivedFinCF.1"/>
<link:calculationArc xlink:type="arc" xlink:arcrole="http://www.xbrl.org/2003/arcrole/summation-item" xlink:from="jpfr-t-cte_NetCashProvidedByUsedInFinancingActivities.2" xlink:to="jpfr-asr-E03513-000_RepaymentsOfGuaranteeDepositsReceivedFinCF.1" order="0.75" weight="1"/>
</link:calculationLink>
<link:calculationLink xlink:type="extended" xlink:role="http://info.edinet-fsa.go.jp/jp/fr/gaap/role/NonConsolidatedStatementsOfIncome">
<link:loc xlink:type="locator" xlink:href="http://info.edinet-fsa.go.jp/jp/fr/gaap/t/cte/2012-01-25/jpfr-t-cte-2012-01-25.xsd#jpfr-t-cte_NetSales" xlink:label="jpfr-t-cte_NetSales.1"/>
<link:loc xlink:type="locator" xlink:href="http://info.edinet-fsa.go.jp/jp/fr/gaap/t/cte/2012-01-25/jpfr-t-cte-2012-01-25.xsd#jpfr-t-cte_RentIncomeRevOA" xlink:label="jpfr-t-cte_RentIncomeRevOA.1"/>
<link:calculationArc xlink:type="arc" xlink:arcrole="http://www.xbrl.org/2003/arcrole/summation-item" xlink:from="jpfr-t-cte_NetSales.1" xlink:to="jpfr-t-cte_RentIncomeRevOA.1" order="10.0" weight="1"/>
<link:loc xlink:type="locator" xlink:href="http://info.edinet-fsa.go.jp/jp/fr/gaap/t/cte/2012-01-25/jpfr-t-cte-2012-01-25.xsd#jpfr-t-cte_NetSales" xlink:label="jpfr-t-cte_NetSales.2"/>
<link:loc xlink:type="locator" xlink:href="http://info.edinet-fsa.go.jp/jp/fr/gaap/t/cte/2012-01-25/jpfr-t-cte-2012-01-25.xsd#jpfr-t-cte_OtherSalesRevOA" xlink:label="jpfr-t-cte_OtherSalesRevOA.1"/>
<link:calculationArc xlink:type="arc" xlink:arcrole="http://www.xbrl.org/2003/arcrole/summation-item" xlink:from="jpfr-t-cte_NetSales.2" xlink:to="jpfr-t-cte_OtherSalesRevOA.1" order="11.0" weight="1"/>
<link:loc xlink:type="locator" xlink:href="http://info.edinet-fsa.go.jp/jp/fr/gaap/t/cte/2012-01-25/jpfr-t-cte-2012-01-25.xsd#jpfr-t-cte_GrossProfit" xlink:label="jpfr-t-cte_GrossProfit.1"/>
<link:loc xlink:type="locator" xlink:href="http://info.edinet-fsa.go.jp/jp/fr/gaap/t/cte/2012-01-25/jpfr-t-cte-2012-01-25.xsd#jpfr-t-cte_CostOfSales" xlink:label="jpfr-t-cte_CostOfSales.1"/>
<link:calculationArc xlink:type="arc" xlink:arcrole="http://www.xbrl.org/2003/arcrole/summation-item" xlink:from="jpfr-t-cte_GrossProfit.1" xlink:to="jpfr-t-cte_CostOfSales.1" order="4.0" weight="-1"/>
<link:loc xlink:type="locator" xlink:href="http://info.edinet-fsa.go.jp/jp/fr/gaap/t/cte/2012-01-25/jpfr-t-cte-2012-01-25.xsd#jpfr-t-cte_CostOfSales" xlink:label="jpfr-t-cte_CostOfSales.2"/>
<link:loc xlink:type="locator" xlink:href="jpfr-asr-E03513-000-2012-12-31-01-2013-03-25.xsd#jpfr-asr-E03513-000_CostOfGoodsAndRawMaterialsSoldCOSExpOA" xlink:label="jpfr-asr-E03513-000_CostOfGoodsAndRawMaterialsSoldCOSExpOA.1"/>
<link:calculationArc xlink:type="arc" xlink:arcrole="http://www.xbrl.org/2003/arcrole/summation-item" xlink:from="jpfr-t-cte_CostOfSales.2" xlink:to="jpfr-asr-E03513-000_CostOfGoodsAndRawMaterialsSoldCOSExpOA.1" order="1.0" weight="1"/>
<link:loc xlink:type="locator" xlink:href="jpfr-asr-E03513-000-2012-12-31-01-2013-03-25.xsd#jpfr-asr-E03513-000_CostOfGoodsAndRawMaterialsSoldCOSExpOA" xlink:label="jpfr-asr-E03513-000_CostOfGoodsAndRawMaterialsSoldCOSExpOA.2"/>
<link:loc xlink:type="locator" xlink:href="jpfr-asr-E03513-000-2012-12-31-01-2013-03-25.xsd#jpfr-asr-E03513-000_TotalBeginningAndPurchaseOfGoodsAndRawMaterials" xlink:label="jpfr-asr-E03513-000_TotalBeginningAndPurchaseOfGoodsAndRawMaterials.1"/>
<link:calculationArc xlink:type="arc" xlink:arcrole="http://www.xbrl.org/2003/arcrole/summation-item" xlink:from="jpfr-asr-E03513-000_CostOfGoodsAndRawMaterialsSoldCOSExpOA.2" xlink:to="jpfr-asr-E03513-000_TotalBeginningAndPurchaseOfGoodsAndRawMaterials.1" order="1.0" weight="1"/>
<link:loc xlink:type="locator" xlink:href="jpfr-asr-E03513-000-2012-12-31-01-2013-03-25.xsd#jpfr-asr-E03513-000_TotalBeginningAndPurchaseOfGoodsAndRawMaterials" xlink:label="jpfr-asr-E03513-000_TotalBeginningAndPurchaseOfGoodsAndRawMaterials.2"/>
<link:loc xlink:type="locator" xlink:href="jpfr-asr-E03513-000-2012-12-31-01-2013-03-25.xsd#jpfr-asr-E03513-000_BeginningGoodsAndRawMaterialsCOSExpOA" xlink:label="jpfr-asr-E03513-000_BeginningGoodsAndRawMaterialsCOSExpOA.1"/>
<link:calculationArc xlink:type="arc" xlink:arcrole="http://www.xbrl.org/2003/arcrole/summation-item" xlink:from="jpfr-asr-E03513-000_TotalBeginningAndPurchaseOfGoodsAndRawMaterials.2" xlink:to="jpfr-asr-E03513-000_BeginningGoodsAndRawMaterialsCOSExpOA.1" order="1.0" weight="1"/>
<link:loc xlink:type="locator" xlink:href="jpfr-asr-E03513-000-2012-12-31-01-2013-03-25.xsd#jpfr-asr-E03513-000_TotalBeginningAndPurchaseOfGoodsAndRawMaterials" xlink:label="jpfr-asr-E03513-000_TotalBeginningAndPurchaseOfGoodsAndRawMaterials.3"/>
<link:loc xlink:type="locator" xlink:href="jpfr-asr-E03513-000-2012-12-31-01-2013-03-25.xsd#jpfr-asr-E03513-000_PurchasedGoodsAndRawMaterialsCOSExpOA" xlink:label="jpfr-asr-E03513-000_PurchasedGoodsAndRawMaterialsCOSExpOA.1"/>
<link:calculationArc xlink:type="arc" xlink:arcrole="http://www.xbrl.org/2003/arcrole/summation-item" xlink:from="jpfr-asr-E03513-000_TotalBeginningAndPurchaseOfGoodsAndRawMaterials.3" xlink:to="jpfr-asr-E03513-000_PurchasedGoodsAndRawMaterialsCOSExpOA.1" order="2.0" weight="1"/>
<link:loc xlink:type="locator" xlink:href="jpfr-asr-E03513-000-2012-12-31-01-2013-03-25.xsd#jpfr-asr-E03513-000_CostOfGoodsAndRawMaterialsSoldCOSExpOA" xlink:label="jpfr-asr-E03513-000_CostOfGoodsAndRawMaterialsSoldCOSExpOA.3"/>
<link:loc xlink:type="locator" xlink:href="jpfr-asr-E03513-000-2012-12-31-01-2013-03-25.xsd#jpfr-asr-E03513-000_EndingGoodsAndRawMaterialsCOSExpOA" xlink:label="jpfr-asr-E03513-000_EndingGoodsAndRawMaterialsCOSExpOA.1"/>
<link:calculationArc xlink:type="arc" xlink:arcrole="http://www.xbrl.org/2003/arcrole/summation-item" xlink:from="jpfr-asr-E03513-000_CostOfGoodsAndRawMaterialsSoldCOSExpOA.3" xlink:to="jpfr-asr-E03513-000_EndingGoodsAndRawMaterialsCOSExpOA.1" order="2.0" weight="-1"/>
<link:loc xlink:type="locator" xlink:href="http://info.edinet-fsa.go.jp/jp/fr/gaap/t/cte/2012-01-25/jpfr-t-cte-2012-01-25.xsd#jpfr-t-cte_CostOfSales" xlink:label="jpfr-t-cte_CostOfSales.3"/>
<link:loc xlink:type="locator" xlink:href="http://info.edinet-fsa.go.jp/jp/fr/gaap/t/cte/2012-01-25/jpfr-t-cte-2012-01-25.xsd#jpfr-t-cte_RentCostCOSExpOA" xlink:label="jpfr-t-cte_RentCostCOSExpOA.1"/>
<link:calculationArc xlink:type="arc" xlink:arcrole="http://www.xbrl.org/2003/arcrole/summation-item" xlink:from="jpfr-t-cte_CostOfSales.3" xlink:to="jpfr-t-cte_RentCostCOSExpOA.1" order="2.0" weight="1"/>
<link:loc xlink:type="locator" xlink:href="http://info.edinet-fsa.go.jp/jp/fr/gaap/t/cte/2012-01-25/jpfr-t-cte-2012-01-25.xsd#jpfr-t-cte_CostOfSales" xlink:label="jpfr-t-cte_CostOfSales.4"/>
<link:loc xlink:type="locator" xlink:href="http://info.edinet-fsa.go.jp/jp/fr/gaap/t/cte/2012-01-25/jpfr-t-cte-2012-01-25.xsd#jpfr-t-cte_OtherCostCOSExpOA" xlink:label="jpfr-t-cte_OtherCostCOSExpOA.1"/>
<link:calculationArc xlink:type="arc" xlink:arcrole="http://www.xbrl.org/2003/arcrole/summation-item" xlink:from="jpfr-t-cte_CostOfSales.4" xlink:to="jpfr-t-cte_OtherCostCOSExpOA.1" order="3.0" weight="1"/>
<link:loc xlink:type="locator" xlink:href="http://info.edinet-fsa.go.jp/jp/fr/gaap/t/cte/2012-01-25/jpfr-t-cte-2012-01-25.xsd#jpfr-t-cte_NonOperatingIncome" xlink:label="jpfr-t-cte_NonOperatingIncome.1"/>
<link:loc xlink:type="locator" xlink:href="jpfr-asr-E03513-000-2012-12-31-01-2013-03-25.xsd#jpfr-asr-E03513-000_RebateIncomeNOI" xlink:label="jpfr-asr-E03513-000_RebateIncomeNOI.1"/>
<link:calculationArc xlink:type="arc" xlink:arcrole="http://www.xbrl.org/2003/arcrole/summation-item" xlink:from="jpfr-t-cte_NonOperatingIncome.1" xlink:to="jpfr-asr-E03513-000_RebateIncomeNOI.1" order="6.0" weight="1"/>
<link:loc xlink:type="locator" xlink:href="http://info.edinet-fsa.go.jp/jp/fr/gaap/t/cte/2012-01-25/jpfr-t-cte-2012-01-25.xsd#jpfr-t-cte_NonOperatingIncome" xlink:label="jpfr-t-cte_NonOperatingIncome.2"/>
<link:loc xlink:type="locator" xlink:href="http://info.edinet-fsa.go.jp/jp/fr/gaap/t/cte/2012-01-25/jpfr-t-cte-2012-01-25.xsd#jpfr-t-cte_CoSponsorFeeNOI" xlink:label="jpfr-t-cte_CoSponsorFeeNOI.1"/>
<link:calculationArc xlink:type="arc" xlink:arcrole="http://www.xbrl.org/2003/arcrole/summation-item" xlink:from="jpfr-t-cte_NonOperatingIncome.2" xlink:to="jpfr-t-cte_CoSponsorFeeNOI.1" order="7.0" weight="1"/>
<link:loc xlink:type="locator" xlink:href="http://info.edinet-fsa.go.jp/jp/fr/gaap/t/cte/2012-01-25/jpfr-t-cte-2012-01-25.xsd#jpfr-t-cte_NonOperatingIncome" xlink:label="jpfr-t-cte_NonOperatingIncome.5"/>
<link:loc xlink:type="locator" xlink:href="http://info.edinet-fsa.go.jp/jp/fr/gaap/t/cte/2012-01-25/jpfr-t-cte-2012-01-25.xsd#jpfr-t-cte_CommissionFeeNOI" xlink:label="jpfr-t-cte_CommissionFeeNOI.1"/>
<link:calculationArc xlink:type="arc" xlink:arcrole="http://www.xbrl.org/2003/arcrole/summation-item" xlink:from="jpfr-t-cte_NonOperatingIncome.5" xlink:to="jpfr-t-cte_CommissionFeeNOI.1" order="8.5" weight="1"/>
<link:loc xlink:type="locator" xlink:href="http://info.edinet-fsa.go.jp/jp/fr/gaap/t/cte/2012-01-25/jpfr-t-cte-2012-01-25.xsd#jpfr-t-cte_NonOperatingIncome" xlink:label="jpfr-t-cte_NonOperatingIncome.4"/>
<link:loc xlink:type="locator" xlink:href="http://info.edinet-fsa.go.jp/jp/fr/gaap/t/cte/2012-01-25/jpfr-t-cte-2012-01-25.xsd#jpfr-t-cte_MiscellaneousIncomeNOI" xlink:label="jpfr-t-cte_MiscellaneousIncomeNOI.1"/>
<link:calculationArc xlink:type="arc" xlink:arcrole="http://www.xbrl.org/2003/arcrole/summation-item" xlink:from="jpfr-t-cte_NonOperatingIncome.4" xlink:to="jpfr-t-cte_MiscellaneousIncomeNOI.1" order="9.0" weight="1"/>
<link:loc xlink:type="locator" xlink:href="http://info.edinet-fsa.go.jp/jp/fr/gaap/t/cte/2012-01-25/jpfr-t-cte-2012-01-25.xsd#jpfr-t-cte_NonOperatingExpenses" xlink:label="jpfr-t-cte_NonOperatingExpenses.1"/>
<link:loc xlink:type="locator" xlink:href="jpfr-asr-E03513-000-2012-12-31-01-2013-03-25.xsd#jpfr-asr-E03513-000_CashOverAndShortNOE" xlink:label="jpfr-asr-E03513-000_CashOverAndShortNOE.1"/>
<link:calculationArc xlink:type="arc" xlink:arcrole="http://www.xbrl.org/2003/arcrole/summation-item" xlink:from="jpfr-t-cte_NonOperatingExpenses.1" xlink:to="jpfr-asr-E03513-000_CashOverAndShortNOE.1" order="5.0" weight="1"/>
<link:loc xlink:type="locator" xlink:href="http://info.edinet-fsa.go.jp/jp/fr/gaap/t/cte/2012-01-25/jpfr-t-cte-2012-01-25.xsd#jpfr-t-cte_NonOperatingExpenses" xlink:label="jpfr-t-cte_NonOperatingExpenses.2"/>
<link:loc xlink:type="locator" xlink:href="http://info.edinet-fsa.go.jp/jp/fr/gaap/t/cte/2012-01-25/jpfr-t-cte-2012-01-25.xsd#jpfr-t-cte_OtherNOE" xlink:label="jpfr-t-cte_OtherNOE.1"/>
<link:calculationArc xlink:type="arc" xlink:arcrole="http://www.xbrl.org/2003/arcrole/summation-item" xlink:from="jpfr-t-cte_NonOperatingExpenses.2" xlink:to="jpfr-t-cte_OtherNOE.1" order="6.0" weight="1"/>
<link:loc xlink:type="locator" xlink:href="http://info.edinet-fsa.go.jp/jp/fr/gaap/t/cte/2012-01-25/jpfr-t-cte-2012-01-25.xsd#jpfr-t-cte_NonOperatingExpenses" xlink:label="jpfr-t-cte_NonOperatingExpenses.3"/>
<link:loc xlink:type="locator" xlink:href="http://info.edinet-fsa.go.jp/jp/fr/gaap/t/cte/2012-01-25/jpfr-t-cte-2012-01-25.xsd#jpfr-t-cte_MiscellaneousLossNOE" xlink:label="jpfr-t-cte_MiscellaneousLossNOE.1"/>
<link:calculationArc xlink:type="arc" xlink:arcrole="http://www.xbrl.org/2003/arcrole/summation-item" xlink:from="jpfr-t-cte_NonOperatingExpenses.3" xlink:to="jpfr-t-cte_MiscellaneousLossNOE.1" order="7.0" weight="1"/>
<link:loc xlink:type="locator" xlink:href="http://info.edinet-fsa.go.jp/jp/fr/gaap/t/cte/2012-01-25/jpfr-t-cte-2012-01-25.xsd#jpfr-t-cte_ExtraordinaryIncome" xlink:label="jpfr-t-cte_ExtraordinaryIncome.5"/>
<link:loc xlink:type="locator" xlink:href="http://info.edinet-fsa.go.jp/jp/fr/gaap/t/cte/2012-01-25/jpfr-t-cte-2012-01-25.xsd#jpfr-t-cte_SettlementReceivedEI" xlink:label="jpfr-t-cte_SettlementReceivedEI.1"/>
<link:calculationArc xlink:type="arc" xlink:arcrole="http://www.xbrl.org/2003/arcrole/summation-item" xlink:from="jpfr-t-cte_ExtraordinaryIncome.5" xlink:to="jpfr-t-cte_SettlementReceivedEI.1" order="2.25" weight="1"/>
<link:loc xlink:type="locator" xlink:href="http://info.edinet-fsa.go.jp/jp/fr/gaap/t/cte/2012-01-25/jpfr-t-cte-2012-01-25.xsd#jpfr-t-cte_ExtraordinaryIncome" xlink:label="jpfr-t-cte_ExtraordinaryIncome.2"/>
<link:loc xlink:type="locator" xlink:href="jpfr-asr-E03513-000-2012-12-31-01-2013-03-25.xsd#jpfr-asr-E03513-000_CompensationIncomeOfStoreSCancellationEI" xlink:label="jpfr-asr-E03513-000_CompensationIncomeOfStoreSCancellationEI.1"/>
<link:calculationArc xlink:type="arc" xlink:arcrole="http://www.xbrl.org/2003/arcrole/summation-item" xlink:from="jpfr-t-cte_ExtraordinaryIncome.2" xlink:to="jpfr-asr-E03513-000_CompensationIncomeOfStoreSCancellationEI.1" order="2.5" weight="1"/>
<link:loc xlink:type="locator" xlink:href="http://info.edinet-fsa.go.jp/jp/fr/gaap/t/cte/2012-01-25/jpfr-t-cte-2012-01-25.xsd#jpfr-t-cte_ExtraordinaryIncome" xlink:label="jpfr-t-cte_ExtraordinaryIncome.3"/>
<link:loc xlink:type="locator" xlink:href="jpfr-asr-E03513-000-2012-12-31-01-2013-03-25.xsd#jpfr-asr-E03513-000_DistributionOfBankruptcyClaimEI" xlink:label="jpfr-asr-E03513-000_DistributionOfBankruptcyClaimEI.1"/>
<link:calculationArc xlink:type="arc" xlink:arcrole="http://www.xbrl.org/2003/arcrole/summation-item" xlink:from="jpfr-t-cte_ExtraordinaryIncome.3" xlink:to="jpfr-asr-E03513-000_DistributionOfBankruptcyClaimEI.1" order="2.75" weight="1"/>
<link:loc xlink:type="locator" xlink:href="http://info.edinet-fsa.go.jp/jp/fr/gaap/t/cte/2012-01-25/jpfr-t-cte-2012-01-25.xsd#jpfr-t-cte_ExtraordinaryIncome" xlink:label="jpfr-t-cte_ExtraordinaryIncome.1"/>
<link:loc xlink:type="locator" xlink:href="http://info.edinet-fsa.go.jp/jp/fr/gaap/t/cte/2012-01-25/jpfr-t-cte-2012-01-25.xsd#jpfr-t-cte_GainOnDonationOfNoncurrentAssetsEI" xlink:label="jpfr-t-cte_GainOnDonationOfNoncurrentAssetsEI.1"/>
<link:calculationArc xlink:type="arc" xlink:arcrole="http://www.xbrl.org/2003/arcrole/summation-item" xlink:from="jpfr-t-cte_ExtraordinaryIncome.1" xlink:to="jpfr-t-cte_GainOnDonationOfNoncurrentAssetsEI.1" order="0.5" weight="1"/>
<link:loc xlink:type="locator" xlink:href="http://info.edinet-fsa.go.jp/jp/fr/gaap/t/cte/2012-01-25/jpfr-t-cte-2012-01-25.xsd#jpfr-t-cte_ExtraordinaryIncome" xlink:label="jpfr-t-cte_ExtraordinaryIncome.4"/>
<link:loc xlink:type="locator" xlink:href="http://info.edinet-fsa.go.jp/jp/fr/gaap/t/cte/2012-01-25/jpfr-t-cte-2012-01-25.xsd#jpfr-t-cte_OtherEI" xlink:label="jpfr-t-cte_OtherEI.1"/>
<link:calculationArc xlink:type="arc" xlink:arcrole="http://www.xbrl.org/2003/arcrole/summation-item" xlink:from="jpfr-t-cte_ExtraordinaryIncome.4" xlink:to="jpfr-t-cte_OtherEI.1" order="2.875" weight="1"/>
<link:loc xlink:type="locator" xlink:href="http://info.edinet-fsa.go.jp/jp/fr/gaap/t/cte/2012-01-25/jpfr-t-cte-2012-01-25.xsd#jpfr-t-cte_ExtraordinaryLoss" xlink:label="jpfr-t-cte_ExtraordinaryLoss.1"/>
<link:loc xlink:type="locator" xlink:href="http://info.edinet-fsa.go.jp/jp/fr/gaap/t/cte/2012-01-25/jpfr-t-cte-2012-01-25.xsd#jpfr-t-cte_LossOnRetirementOfNoncurrentAssetsEL" xlink:label="jpfr-t-cte_LossOnRetirementOfNoncurrentAssetsEL.1"/>
<link:calculationArc xlink:type="arc" xlink:arcrole="http://www.xbrl.org/2003/arcrole/summation-item" xlink:from="jpfr-t-cte_ExtraordinaryLoss.1" xlink:to="jpfr-t-cte_LossOnRetirementOfNoncurrentAssetsEL.1" order="5.0" weight="1"/>
<link:loc xlink:type="locator" xlink:href="http://info.edinet-fsa.go.jp/jp/fr/gaap/t/cte/2012-01-25/jpfr-t-cte-2012-01-25.xsd#jpfr-t-cte_ExtraordinaryLoss" xlink:label="jpfr-t-cte_ExtraordinaryLoss.2"/>
<link:loc xlink:type="locator" xlink:href="http://info.edinet-fsa.go.jp/jp/fr/gaap/t/cte/2012-01-25/jpfr-t-cte-2012-01-25.xsd#jpfr-t-cte_LossOnClosingOfStoresEL" xlink:label="jpfr-t-cte_LossOnClosingOfStoresEL.1"/>
<link:calculationArc xlink:type="arc" xlink:arcrole="http://www.xbrl.org/2003/arcrole/summation-item" xlink:from="jpfr-t-cte_ExtraordinaryLoss.2" xlink:to="jpfr-t-cte_LossOnClosingOfStoresEL.1" order="6.0" weight="1"/>
<link:loc xlink:type="locator" xlink:href="http://info.edinet-fsa.go.jp/jp/fr/gaap/t/cte/2012-01-25/jpfr-t-cte-2012-01-25.xsd#jpfr-t-cte_ExtraordinaryLoss" xlink:label="jpfr-t-cte_ExtraordinaryLoss.3"/>
<link:loc xlink:type="locator" xlink:href="http://info.edinet-fsa.go.jp/jp/fr/gaap/t/cte/2012-01-25/jpfr-t-cte-2012-01-25.xsd#jpfr-t-cte_LossOnAdjustmentForChangesOfAccountingStandardForAssetRetirementObligationsEL" xlink:label="jpfr-t-cte_LossOnAdjustmentForChangesOfAccountingStandardForAssetRetirementObligationsEL.1"/>
<link:calculationArc xlink:type="arc" xlink:arcrole="http://www.xbrl.org/2003/arcrole/summation-item" xlink:from="jpfr-t-cte_ExtraordinaryLoss.3" xlink:to="jpfr-t-cte_LossOnAdjustmentForChangesOfAccountingStandardForAssetRetirementObligationsEL.1" order="7.0" weight="1"/>
<link:loc xlink:type="locator" xlink:href="http://info.edinet-fsa.go.jp/jp/fr/gaap/t/cte/2012-01-25/jpfr-t-cte-2012-01-25.xsd#jpfr-t-cte_ExtraordinaryLoss" xlink:label="jpfr-t-cte_ExtraordinaryLoss.4"/>
<link:loc xlink:type="locator" xlink:href="http://info.edinet-fsa.go.jp/jp/fr/gaap/t/cte/2012-01-25/jpfr-t-cte-2012-01-25.xsd#jpfr-t-cte_OtherEL" xlink:label="jpfr-t-cte_OtherEL.1"/>
<link:calculationArc xlink:type="arc" xlink:arcrole="http://www.xbrl.org/2003/arcrole/summation-item" xlink:from="jpfr-t-cte_ExtraordinaryLoss.4" xlink:to="jpfr-t-cte_OtherEL.1" order="8.0" weight="1"/>
</link:calculationLink>
<link:calculationLink xlink:type="extended" xlink:role="http://info.edinet-fsa.go.jp/jp/fr/gaap/role/NonConsolidatedBalanceSheets">
<link:loc xlink:type="locator" xlink:href="http://info.edinet-fsa.go.jp/jp/fr/gaap/t/cte/2012-01-25/jpfr-t-cte-2012-01-25.xsd#jpfr-t-cte_CurrentAssets" xlink:label="jpfr-t-cte_CurrentAssets.1"/>
<link:loc xlink:type="locator" xlink:href="http://info.edinet-fsa.go.jp/jp/fr/gaap/t/cte/2012-01-25/jpfr-t-cte-2012-01-25.xsd#jpfr-t-cte_Merchandise" xlink:label="jpfr-t-cte_Merchandise.1"/>
<link:calculationArc xlink:type="arc" xlink:arcrole="http://www.xbrl.org/2003/arcrole/summation-item" xlink:from="jpfr-t-cte_CurrentAssets.1" xlink:to="jpfr-t-cte_Merchandise.1" order="32.0" weight="1"/>
<link:loc xlink:type="locator" xlink:href="http://info.edinet-fsa.go.jp/jp/fr/gaap/t/cte/2012-01-25/jpfr-t-cte-2012-01-25.xsd#jpfr-t-cte_CurrentAssets" xlink:label="jpfr-t-cte_CurrentAssets.2"/>
<link:loc xlink:type="locator" xlink:href="jpfr-asr-E03513-000-2012-12-31-01-2013-03-25.xsd#jpfr-asr-E03513-000_RawMaterialsUsedInShopsCA" xlink:label="jpfr-asr-E03513-000_RawMaterialsUsedInShopsCA.1"/>
<link:calculationArc xlink:type="arc" xlink:arcrole="http://www.xbrl.org/2003/arcrole/summation-item" xlink:from="jpfr-t-cte_CurrentAssets.2" xlink:to="jpfr-asr-E03513-000_RawMaterialsUsedInShopsCA.1" order="33.0" weight="1"/>
<link:loc xlink:type="locator" xlink:href="http://info.edinet-fsa.go.jp/jp/fr/gaap/t/cte/2012-01-25/jpfr-t-cte-2012-01-25.xsd#jpfr-t-cte_CurrentAssets" xlink:label="jpfr-t-cte_CurrentAssets.3"/>
<link:loc xlink:type="locator" xlink:href="http://info.edinet-fsa.go.jp/jp/fr/gaap/t/cte/2012-01-25/jpfr-t-cte-2012-01-25.xsd#jpfr-t-cte_Supplies" xlink:label="jpfr-t-cte_Supplies.1"/>
<link:calculationArc xlink:type="arc" xlink:arcrole="http://www.xbrl.org/2003/arcrole/summation-item" xlink:from="jpfr-t-cte_CurrentAssets.3" xlink:to="jpfr-t-cte_Supplies.1" order="34.0" weight="1"/>
<link:loc xlink:type="locator" xlink:href="http://info.edinet-fsa.go.jp/jp/fr/gaap/t/cte/2012-01-25/jpfr-t-cte-2012-01-25.xsd#jpfr-t-cte_InvestmentsAndOtherAssets" xlink:label="jpfr-t-cte_InvestmentsAndOtherAssets.1"/>
<link:loc xlink:type="locator" xlink:href="http://info.edinet-fsa.go.jp/jp/fr/gaap/t/cte/2012-01-25/jpfr-t-cte-2012-01-25.xsd#jpfr-t-cte_LeaseAndGuaranteeDeposits" xlink:label="jpfr-t-cte_LeaseAndGuaranteeDeposits.1"/>
<link:calculationArc xlink:type="arc" xlink:arcrole="http://www.xbrl.org/2003/arcrole/summation-item" xlink:from="jpfr-t-cte_InvestmentsAndOtherAssets.1" xlink:to="jpfr-t-cte_LeaseAndGuaranteeDeposits.1" order="27.0" weight="1"/>
<link:loc xlink:type="locator" xlink:href="http://info.edinet-fsa.go.jp/jp/fr/gaap/t/cte/2012-01-25/jpfr-t-cte-2012-01-25.xsd#jpfr-t-cte_InvestmentsAndOtherAssets" xlink:label="jpfr-t-cte_InvestmentsAndOtherAssets.2"/>
<link:loc xlink:type="locator" xlink:href="http://info.edinet-fsa.go.jp/jp/fr/gaap/t/cte/2012-01-25/jpfr-t-cte-2012-01-25.xsd#jpfr-t-cte_ConstructionAssistanceFundReceivables" xlink:label="jpfr-t-cte_ConstructionAssistanceFundReceivables.1"/>
<link:calculationArc xlink:type="arc" xlink:arcrole="http://www.xbrl.org/2003/arcrole/summation-item" xlink:from="jpfr-t-cte_InvestmentsAndOtherAssets.2" xlink:to="jpfr-t-cte_ConstructionAssistanceFundReceivables.1" order="28.0" weight="1"/>
<link:loc xlink:type="locator" xlink:href="http://info.edinet-fsa.go.jp/jp/fr/gaap/t/cte/2012-01-25/jpfr-t-cte-2012-01-25.xsd#jpfr-t-cte_CurrentLiabilities" xlink:label="jpfr-t-cte_CurrentLiabilities.1"/>
<link:loc xlink:type="locator" xlink:href="http://info.edinet-fsa.go.jp/jp/fr/gaap/t/cte/2012-01-25/jpfr-t-cte-2012-01-25.xsd#jpfr-t-cte_AccountsPayableFacilities" xlink:label="jpfr-t-cte_AccountsPayableFacilities.1"/>
<link:calculationArc xlink:type="arc" xlink:arcrole="http://www.xbrl.org/2003/arcrole/summation-item" xlink:from="jpfr-t-cte_CurrentLiabilities.1" xlink:to="jpfr-t-cte_AccountsPayableFacilities.1" order="17.0" weight="1"/>
<link:loc xlink:type="locator" xlink:href="http://info.edinet-fsa.go.jp/jp/fr/gaap/t/cte/2012-01-25/jpfr-t-cte-2012-01-25.xsd#jpfr-t-cte_NoncurrentLiabilities" xlink:label="jpfr-t-cte_NoncurrentLiabilities.1"/>
<link:loc xlink:type="locator" xlink:href="http://info.edinet-fsa.go.jp/jp/fr/gaap/t/cte/2012-01-25/jpfr-t-cte-2012-01-25.xsd#jpfr-t-cte_GuaranteeDepositsReceivedNCL" xlink:label="jpfr-t-cte_GuaranteeDepositsReceivedNCL.1"/>
<link:calculationArc xlink:type="arc" xlink:arcrole="http://www.xbrl.org/2003/arcrole/summation-item" xlink:from="jpfr-t-cte_NoncurrentLiabilities.1" xlink:to="jpfr-t-cte_GuaranteeDepositsReceivedNCL.1" order="0.5" weight="1"/>
<link:loc xlink:type="locator" xlink:href="http://info.edinet-fsa.go.jp/jp/fr/gaap/t/cte/2012-01-25/jpfr-t-cte-2012-01-25.xsd#jpfr-t-cte_RetainedEarnings" xlink:label="jpfr-t-cte_RetainedEarnings.1"/>
<link:loc xlink:type="locator" xlink:href="http://info.edinet-fsa.go.jp/jp/fr/gaap/t/cte/2012-01-25/jpfr-t-cte-2012-01-25.xsd#jpfr-t-cte_GeneralReserve" xlink:label="jpfr-t-cte_GeneralReserve.1"/>
<link:calculationArc xlink:type="arc" xlink:arcrole="http://www.xbrl.org/2003/arcrole/summation-item" xlink:from="jpfr-t-cte_RetainedEarnings.1" xlink:to="jpfr-t-cte_GeneralReserve.1" order="3.0" weight="1"/>
</link:calculationLink>
<link:calculationLink xlink:type="extended" xlink:role="http://info.edinet-fsa.go.jp/jp/fr/gaap/role/ConsolidatedStatementsOfIncome">
<link:loc xlink:type="locator" xlink:href="http://info.edinet-fsa.go.jp/jp/fr/gaap/t/cte/2012-01-25/jpfr-t-cte-2012-01-25.xsd#jpfr-t-cte_NonOperatingIncome" xlink:label="jpfr-t-cte_NonOperatingIncome.1"/>
<link:loc xlink:type="locator" xlink:href="jpfr-asr-E03513-000-2012-12-31-01-2013-03-25.xsd#jpfr-asr-E03513-000_RebateIncomeNOI" xlink:label="jpfr-asr-E03513-000_RebateIncomeNOI.1"/>
<link:calculationArc xlink:type="arc" xlink:arcrole="http://www.xbrl.org/2003/arcrole/summation-item" xlink:from="jpfr-t-cte_NonOperatingIncome.1" xlink:to="jpfr-asr-E03513-000_RebateIncomeNOI.1" order="1.5" weight="1"/>
<link:loc xlink:type="locator" xlink:href="http://info.edinet-fsa.go.jp/jp/fr/gaap/t/cte/2012-01-25/jpfr-t-cte-2012-01-25.xsd#jpfr-t-cte_NonOperatingIncome" xlink:label="jpfr-t-cte_NonOperatingIncome.2"/>
<link:loc xlink:type="locator" xlink:href="http://info.edinet-fsa.go.jp/jp/fr/gaap/t/cte/2012-01-25/jpfr-t-cte-2012-01-25.xsd#jpfr-t-cte_CoSponsorFeeNOI" xlink:label="jpfr-t-cte_CoSponsorFeeNOI.1"/>
<link:calculationArc xlink:type="arc" xlink:arcrole="http://www.xbrl.org/2003/arcrole/summation-item" xlink:from="jpfr-t-cte_NonOperatingIncome.2" xlink:to="jpfr-t-cte_CoSponsorFeeNOI.1" order="5.0" weight="1"/>
<link:loc xlink:type="locator" xlink:href="http://info.edinet-fsa.go.jp/jp/fr/gaap/t/cte/2012-01-25/jpfr-t-cte-2012-01-25.xsd#jpfr-t-cte_NonOperatingIncome" xlink:label="jpfr-t-cte_NonOperatingIncome.3"/>
<link:loc xlink:type="locator" xlink:href="http://info.edinet-fsa.go.jp/jp/fr/gaap/t/cte/2012-01-25/jpfr-t-cte-2012-01-25.xsd#jpfr-t-cte_MiscellaneousIncomeNOI" xlink:label="jpfr-t-cte_MiscellaneousIncomeNOI.1"/>
<link:calculationArc xlink:type="arc" xlink:arcrole="http://www.xbrl.org/2003/arcrole/summation-item" xlink:from="jpfr-t-cte_NonOperatingIncome.3" xlink:to="jpfr-t-cte_MiscellaneousIncomeNOI.1" order="6.0" weight="1"/>
<link:loc xlink:type="locator" xlink:href="http://info.edinet-fsa.go.jp/jp/fr/gaap/t/cte/2012-01-25/jpfr-t-cte-2012-01-25.xsd#jpfr-t-cte_NonOperatingExpenses" xlink:label="jpfr-t-cte_NonOperatingExpenses.1"/>
<link:loc xlink:type="locator" xlink:href="http://info.edinet-fsa.go.jp/jp/fr/gaap/t/cte/2012-01-25/jpfr-t-cte-2012-01-25.xsd#jpfr-t-cte_MiscellaneousLossNOE" xlink:label="jpfr-t-cte_MiscellaneousLossNOE.1"/>
<link:calculationArc xlink:type="arc" xlink:arcrole="http://www.xbrl.org/2003/arcrole/summation-item" xlink:from="jpfr-t-cte_NonOperatingExpenses.1" xlink:to="jpfr-t-cte_MiscellaneousLossNOE.1" order="4.0" weight="1"/>
<link:loc xlink:type="locator" xlink:href="http://info.edinet-fsa.go.jp/jp/fr/gaap/t/cte/2012-01-25/jpfr-t-cte-2012-01-25.xsd#jpfr-t-cte_ExtraordinaryIncome" xlink:label="jpfr-t-cte_ExtraordinaryIncome.2"/>
<link:loc xlink:type="locator" xlink:href="http://info.edinet-fsa.go.jp/jp/fr/gaap/t/cte/2012-01-25/jpfr-t-cte-2012-01-25.xsd#jpfr-t-cte_SettlementReceivedEI" xlink:label="jpfr-t-cte_SettlementReceivedEI.1"/>
<link:calculationArc xlink:type="arc" xlink:arcrole="http://www.xbrl.org/2003/arcrole/summation-item" xlink:from="jpfr-t-cte_ExtraordinaryIncome.2" xlink:to="jpfr-t-cte_SettlementReceivedEI.1" order="2.75" weight="1"/>
<link:loc xlink:type="locator" xlink:href="http://info.edinet-fsa.go.jp/jp/fr/gaap/t/cte/2012-01-25/jpfr-t-cte-2012-01-25.xsd#jpfr-t-cte_ExtraordinaryIncome" xlink:label="jpfr-t-cte_ExtraordinaryIncome.1"/>
<link:loc xlink:type="locator" xlink:href="http://info.edinet-fsa.go.jp/jp/fr/gaap/t/cte/2012-01-25/jpfr-t-cte-2012-01-25.xsd#jpfr-t-cte_GainOnDonationOfNoncurrentAssetsEI" xlink:label="jpfr-t-cte_GainOnDonationOfNoncurrentAssetsEI.1"/>
<link:calculationArc xlink:type="arc" xlink:arcrole="http://www.xbrl.org/2003/arcrole/summation-item" xlink:from="jpfr-t-cte_ExtraordinaryIncome.1" xlink:to="jpfr-t-cte_GainOnDonationOfNoncurrentAssetsEI.1" order="2.5" weight="1"/>
<link:loc xlink:type="locator" xlink:href="http://info.edinet-fsa.go.jp/jp/fr/gaap/t/cte/2012-01-25/jpfr-t-cte-2012-01-25.xsd#jpfr-t-cte_ExtraordinaryIncome" xlink:label="jpfr-t-cte_ExtraordinaryIncome.3"/>
<link:loc xlink:type="locator" xlink:href="http://info.edinet-fsa.go.jp/jp/fr/gaap/t/cte/2012-01-25/jpfr-t-cte-2012-01-25.xsd#jpfr-t-cte_OtherEI" xlink:label="jpfr-t-cte_OtherEI.1"/>
<link:calculationArc xlink:type="arc" xlink:arcrole="http://www.xbrl.org/2003/arcrole/summation-item" xlink:from="jpfr-t-cte_ExtraordinaryIncome.3" xlink:to="jpfr-t-cte_OtherEI.1" order="4.0" weight="1"/>
<link:loc xlink:type="locator" xlink:href="http://info.edinet-fsa.go.jp/jp/fr/gaap/t/cte/2012-01-25/jpfr-t-cte-2012-01-25.xsd#jpfr-t-cte_ExtraordinaryLoss" xlink:label="jpfr-t-cte_ExtraordinaryLoss.1"/>
<link:loc xlink:type="locator" xlink:href="http://info.edinet-fsa.go.jp/jp/fr/gaap/t/cte/2012-01-25/jpfr-t-cte-2012-01-25.xsd#jpfr-t-cte_LossOnRetirementOfNoncurrentAssetsEL" xlink:label="jpfr-t-cte_LossOnRetirementOfNoncurrentAssetsEL.1"/>
<link:calculationArc xlink:type="arc" xlink:arcrole="http://www.xbrl.org/2003/arcrole/summation-item" xlink:from="jpfr-t-cte_ExtraordinaryLoss.1" xlink:to="jpfr-t-cte_LossOnRetirementOfNoncurrentAssetsEL.1" order="5.0" weight="1"/>
<link:loc xlink:type="locator" xlink:href="http://info.edinet-fsa.go.jp/jp/fr/gaap/t/cte/2012-01-25/jpfr-t-cte-2012-01-25.xsd#jpfr-t-cte_ExtraordinaryLoss" xlink:label="jpfr-t-cte_ExtraordinaryLoss.2"/>
<link:loc xlink:type="locator" xlink:href="http://info.edinet-fsa.go.jp/jp/fr/gaap/t/cte/2012-01-25/jpfr-t-cte-2012-01-25.xsd#jpfr-t-cte_LossOnClosingOfStoresEL" xlink:label="jpfr-t-cte_LossOnClosingOfStoresEL.1"/>
<link:calculationArc xlink:type="arc" xlink:arcrole="http://www.xbrl.org/2003/arcrole/summation-item" xlink:from="jpfr-t-cte_ExtraordinaryLoss.2" xlink:to="jpfr-t-cte_LossOnClosingOfStoresEL.1" order="6.0" weight="1"/>
<link:loc xlink:type="locator" xlink:href="http://info.edinet-fsa.go.jp/jp/fr/gaap/t/cte/2012-01-25/jpfr-t-cte-2012-01-25.xsd#jpfr-t-cte_ExtraordinaryLoss" xlink:label="jpfr-t-cte_ExtraordinaryLoss.3"/>
<link:loc xlink:type="locator" xlink:href="http://info.edinet-fsa.go.jp/jp/fr/gaap/t/cte/2012-01-25/jpfr-t-cte-2012-01-25.xsd#jpfr-t-cte_LossOnAdjustmentForChangesOfAccountingStandardForAssetRetirementObligationsEL" xlink:label="jpfr-t-cte_LossOnAdjustmentForChangesOfAccountingStandardForAssetRetirementObligationsEL.1"/>
<link:calculationArc xlink:type="arc" xlink:arcrole="http://www.xbrl.org/2003/arcrole/summation-item" xlink:from="jpfr-t-cte_ExtraordinaryLoss.3" xlink:to="jpfr-t-cte_LossOnAdjustmentForChangesOfAccountingStandardForAssetRetirementObligationsEL.1" order="7.0" weight="1"/>
<link:loc xlink:type="locator" xlink:href="http://info.edinet-fsa.go.jp/jp/fr/gaap/t/cte/2012-01-25/jpfr-t-cte-2012-01-25.xsd#jpfr-t-cte_ExtraordinaryLoss" xlink:label="jpfr-t-cte_ExtraordinaryLoss.4"/>
<link:loc xlink:type="locator" xlink:href="http://info.edinet-fsa.go.jp/jp/fr/gaap/t/cte/2012-01-25/jpfr-t-cte-2012-01-25.xsd#jpfr-t-cte_OtherEL" xlink:label="jpfr-t-cte_OtherEL.1"/>
<link:calculationArc xlink:type="arc" xlink:arcrole="http://www.xbrl.org/2003/arcrole/summation-item" xlink:from="jpfr-t-cte_ExtraordinaryLoss.4" xlink:to="jpfr-t-cte_OtherEL.1" order="8.0" weight="1"/>
</link:calculationLink>
<link:calculationLink xlink:type="extended" xlink:role="http://info.edinet-fsa.go.jp/jp/fr/gaap/role/NonConsolidatedStatementsOfChangesInNetAssets">
<link:loc xlink:type="locator" xlink:href="http://info.edinet-fsa.go.jp/jp/fr/gaap/t/cte/2012-01-25/jpfr-t-cte-2012-01-25.xsd#jpfr-t-cte_TotalChangesOfItemsDuringThePeriodREBF" xlink:label="jpfr-t-cte_TotalChangesOfItemsDuringThePeriodREBF.1"/>
<link:loc xlink:type="locator" xlink:href="http://info.edinet-fsa.go.jp/jp/fr/gaap/t/cte/2012-01-25/jpfr-t-cte-2012-01-25.xsd#jpfr-t-cte_ProvisionOfGeneralReserveREBF" xlink:label="jpfr-t-cte_ProvisionOfGeneralReserveREBF.1"/>
<link:calculationArc xlink:type="arc" xlink:arcrole="http://www.xbrl.org/2003/arcrole/summation-item" xlink:from="jpfr-t-cte_TotalChangesOfItemsDuringThePeriodREBF.1" xlink:to="jpfr-t-cte_ProvisionOfGeneralReserveREBF.1" order="3.0" weight="1"/>
<link:loc xlink:type="locator" xlink:href="http://info.edinet-fsa.go.jp/jp/fr/gaap/t/cte/2012-01-25/jpfr-t-cte-2012-01-25.xsd#jpfr-t-cte_TotalChangesOfItemsDuringThePeriodRE" xlink:label="jpfr-t-cte_TotalChangesOfItemsDuringThePeriodRE.1"/>
<link:loc xlink:type="locator" xlink:href="http://info.edinet-fsa.go.jp/jp/fr/gaap/t/cte/2012-01-25/jpfr-t-cte-2012-01-25.xsd#jpfr-t-cte_ProvisionOfGeneralReserveRE" xlink:label="jpfr-t-cte_ProvisionOfGeneralReserveRE.1"/>
<link:calculationArc xlink:type="arc" xlink:arcrole="http://www.xbrl.org/2003/arcrole/summation-item" xlink:from="jpfr-t-cte_TotalChangesOfItemsDuringThePeriodRE.1" xlink:to="jpfr-t-cte_ProvisionOfGeneralReserveRE.1" order="0.5" weight="1"/>
<link:loc xlink:type="locator" xlink:href="http://info.edinet-fsa.go.jp/jp/fr/gaap/t/cte/2012-01-25/jpfr-t-cte-2012-01-25.xsd#jpfr-t-cte_TotalChangesOfItemsDuringThePeriodGeneralReserve" xlink:label="jpfr-t-cte_TotalChangesOfItemsDuringThePeriodGeneralReserve.2"/>
<link:loc xlink:type="locator" xlink:href="http://info.edinet-fsa.go.jp/jp/fr/gaap/t/cte/2012-01-25/jpfr-t-cte-2012-01-25.xsd#jpfr-t-cte_ProvisionOfGeneralReserveGeneralReserve" xlink:label="jpfr-t-cte_ProvisionOfGeneralReserveGeneralReserve.1"/>
<link:calculationArc xlink:type="arc" xlink:arcrole="http://www.xbrl.org/2003/arcrole/summation-item" xlink:from="jpfr-t-cte_TotalChangesOfItemsDuringThePeriodGeneralReserve.2" xlink:to="jpfr-t-cte_ProvisionOfGeneralReserveGeneralReserve.1" order="1.0" weight="1"/>
<link:loc xlink:type="locator" xlink:href="http://info.edinet-fsa.go.jp/jp/fr/gaap/t/cte/2012-01-25/jpfr-t-cte-2012-01-25.xsd#jpfr-t-cte_TotalChangesOfItemsDuringThePeriodTS" xlink:label="jpfr-t-cte_TotalChangesOfItemsDuringThePeriodTS.1"/>
<link:loc xlink:type="locator" xlink:href="http://info.edinet-fsa.go.jp/jp/fr/gaap/t/cte/2012-01-25/jpfr-t-cte-2012-01-25.xsd#jpfr-t-cte_PurchaseOfTreasuryStockTS" xlink:label="jpfr-t-cte_PurchaseOfTreasuryStockTS.1"/>
<link:calculationArc xlink:type="arc" xlink:arcrole="http://www.xbrl.org/2003/arcrole/summation-item" xlink:from="jpfr-t-cte_TotalChangesOfItemsDuringThePeriodTS.1" xlink:to="jpfr-t-cte_PurchaseOfTreasuryStockTS.1" order="2.0" weight="1"/>
<link:loc xlink:type="locator" xlink:href="http://info.edinet-fsa.go.jp/jp/fr/gaap/t/cte/2012-01-25/jpfr-t-cte-2012-01-25.xsd#jpfr-t-cte_TotalChangesOfItemsDuringThePeriodSE" xlink:label="jpfr-t-cte_TotalChangesOfItemsDuringThePeriodSE.1"/>
<link:loc xlink:type="locator" xlink:href="http://info.edinet-fsa.go.jp/jp/fr/gaap/t/cte/2012-01-25/jpfr-t-cte-2012-01-25.xsd#jpfr-t-cte_PurchaseOfTreasuryStockSE" xlink:label="jpfr-t-cte_PurchaseOfTreasuryStockSE.1"/>
<link:calculationArc xlink:type="arc" xlink:arcrole="http://www.xbrl.org/2003/arcrole/summation-item" xlink:from="jpfr-t-cte_TotalChangesOfItemsDuringThePeriodSE.1" xlink:to="jpfr-t-cte_PurchaseOfTreasuryStockSE.1" order="5.0" weight="1"/>
<link:loc xlink:type="locator" xlink:href="http://info.edinet-fsa.go.jp/jp/fr/gaap/t/cte/2012-01-25/jpfr-t-cte-2012-01-25.xsd#jpfr-t-cte_TotalChangesOfItemsDuringThePeriodNA" xlink:label="jpfr-t-cte_TotalChangesOfItemsDuringThePeriodNA.1"/>
<link:loc xlink:type="locator" xlink:href="http://info.edinet-fsa.go.jp/jp/fr/gaap/t/cte/2012-01-25/jpfr-t-cte-2012-01-25.xsd#jpfr-t-cte_PurchaseOfTreasuryStockNA" xlink:label="jpfr-t-cte_PurchaseOfTreasuryStockNA.1"/>
<link:calculationArc xlink:type="arc" xlink:arcrole="http://www.xbrl.org/2003/arcrole/summation-item" xlink:from="jpfr-t-cte_TotalChangesOfItemsDuringThePeriodNA.1" xlink:to="jpfr-t-cte_PurchaseOfTreasuryStockNA.1" order="6.0" weight="1"/>
</link:calculationLink>
<link:calculationLink xlink:type="extended" xlink:role="http://info.edinet-fsa.go.jp/jp/fr/gaap/role/NonConsolidatedStatementsOfChangesInNetAssets2">
<link:loc xlink:type="locator" xlink:href="http://info.edinet-fsa.go.jp/jp/fr/gaap/t/cte/2012-01-25/jpfr-t-cte-2012-01-25.xsd#jpfr-t-cte_ProvisionOfGeneralReserveRE" xlink:label="jpfr-t-cte_ProvisionOfGeneralReserveRE.2"/>
<link:loc xlink:type="locator" xlink:href="http://info.edinet-fsa.go.jp/jp/fr/gaap/t/cte/2012-01-25/jpfr-t-cte-2012-01-25.xsd#jpfr-t-cte_ProvisionOfGeneralReserveGeneralReserve" xlink:label="jpfr-t-cte_ProvisionOfGeneralReserveGeneralReserve.1"/>
<link:calculationArc xlink:type="arc" xlink:arcrole="http://www.xbrl.org/2003/arcrole/summation-item" xlink:from="jpfr-t-cte_ProvisionOfGeneralReserveRE.2" xlink:to="jpfr-t-cte_ProvisionOfGeneralReserveGeneralReserve.1" order="1.0" weight="1"/>
<link:loc xlink:type="locator" xlink:href="http://info.edinet-fsa.go.jp/jp/fr/gaap/t/cte/2012-01-25/jpfr-t-cte-2012-01-25.xsd#jpfr-t-cte_ProvisionOfGeneralReserveRE" xlink:label="jpfr-t-cte_ProvisionOfGeneralReserveRE.3"/>
<link:loc xlink:type="locator" xlink:href="http://info.edinet-fsa.go.jp/jp/fr/gaap/t/cte/2012-01-25/jpfr-t-cte-2012-01-25.xsd#jpfr-t-cte_ProvisionOfGeneralReserveREBF" xlink:label="jpfr-t-cte_ProvisionOfGeneralReserveREBF.1"/>
<link:calculationArc xlink:type="arc" xlink:arcrole="http://www.xbrl.org/2003/arcrole/summation-item" xlink:from="jpfr-t-cte_ProvisionOfGeneralReserveRE.3" xlink:to="jpfr-t-cte_ProvisionOfGeneralReserveREBF.1" order="2.0" weight="1"/>
<link:loc xlink:type="locator" xlink:href="http://info.edinet-fsa.go.jp/jp/fr/gaap/t/cte/2012-01-25/jpfr-t-cte-2012-01-25.xsd#jpfr-t-cte_TotalChangesOfItemsDuringThePeriodRE" xlink:label="jpfr-t-cte_TotalChangesOfItemsDuringThePeriodRE.1"/>
<link:loc xlink:type="locator" xlink:href="http://info.edinet-fsa.go.jp/jp/fr/gaap/t/cte/2012-01-25/jpfr-t-cte-2012-01-25.xsd#jpfr-t-cte_TotalChangesOfItemsDuringThePeriodGeneralReserve" xlink:label="jpfr-t-cte_TotalChangesOfItemsDuringThePeriodGeneralReserve.1"/>
<link:calculationArc xlink:type="arc" xlink:arcrole="http://www.xbrl.org/2003/arcrole/summation-item" xlink:from="jpfr-t-cte_TotalChangesOfItemsDuringThePeriodRE.1" xlink:to="jpfr-t-cte_TotalChangesOfItemsDuringThePeriodGeneralReserve.1" order="3.0" weight="1"/>
<link:loc xlink:type="locator" xlink:href="http://info.edinet-fsa.go.jp/jp/fr/gaap/t/cte/2012-01-25/jpfr-t-cte-2012-01-25.xsd#jpfr-t-cte_PurchaseOfTreasuryStockSE" xlink:label="jpfr-t-cte_PurchaseOfTreasuryStockSE.2"/>
<link:loc xlink:type="locator" xlink:href="http://info.edinet-fsa.go.jp/jp/fr/gaap/t/cte/2012-01-25/jpfr-t-cte-2012-01-25.xsd#jpfr-t-cte_PurchaseOfTreasuryStockTS" xlink:label="jpfr-t-cte_PurchaseOfTreasuryStockTS.1"/>
<link:calculationArc xlink:type="arc" xlink:arcrole="http://www.xbrl.org/2003/arcrole/summation-item" xlink:from="jpfr-t-cte_PurchaseOfTreasuryStockSE.2" xlink:to="jpfr-t-cte_PurchaseOfTreasuryStockTS.1" order="1.0" weight="1"/>
<link:loc xlink:type="locator" xlink:href="http://info.edinet-fsa.go.jp/jp/fr/gaap/t/cte/2012-01-25/jpfr-t-cte-2012-01-25.xsd#jpfr-t-cte_PurchaseOfTreasuryStockNA" xlink:label="jpfr-t-cte_PurchaseOfTreasuryStockNA.2"/>
<link:loc xlink:type="locator" xlink:href="http://info.edinet-fsa.go.jp/jp/fr/gaap/t/cte/2012-01-25/jpfr-t-cte-2012-01-25.xsd#jpfr-t-cte_PurchaseOfTreasuryStockSE" xlink:label="jpfr-t-cte_PurchaseOfTreasuryStockSE.1"/>
<link:calculationArc xlink:type="arc" xlink:arcrole="http://www.xbrl.org/2003/arcrole/summation-item" xlink:from="jpfr-t-cte_PurchaseOfTreasuryStockNA.2" xlink:to="jpfr-t-cte_PurchaseOfTreasuryStockSE.1" order="1.0" weight="1"/>
</link:calculationLink>
<link:calculationLink xlink:type="extended" xlink:role="http://info.edinet-fsa.go.jp/jp/fr/gaap/role/ConsolidatedStatementsOfChangesInNetAssets">
<link:loc xlink:type="locator" xlink:href="http://info.edinet-fsa.go.jp/jp/fr/gaap/t/cte/2012-01-25/jpfr-t-cte-2012-01-25.xsd#jpfr-t-cte_TotalChangesOfItemsDuringThePeriodTS" xlink:label="jpfr-t-cte_TotalChangesOfItemsDuringThePeriodTS.1"/>
<link:loc xlink:type="locator" xlink:href="http://info.edinet-fsa.go.jp/jp/fr/gaap/t/cte/2012-01-25/jpfr-t-cte-2012-01-25.xsd#jpfr-t-cte_PurchaseOfTreasuryStockTS" xlink:label="jpfr-t-cte_PurchaseOfTreasuryStockTS.1"/>
<link:calculationArc xlink:type="arc" xlink:arcrole="http://www.xbrl.org/2003/arcrole/summation-item" xlink:from="jpfr-t-cte_TotalChangesOfItemsDuringThePeriodTS.1" xlink:to="jpfr-t-cte_PurchaseOfTreasuryStockTS.1" order="0.5" weight="1"/>
<link:loc xlink:type="locator" xlink:href="http://info.edinet-fsa.go.jp/jp/fr/gaap/t/cte/2012-01-25/jpfr-t-cte-2012-01-25.xsd#jpfr-t-cte_TotalChangesOfItemsDuringThePeriodSE" xlink:label="jpfr-t-cte_TotalChangesOfItemsDuringThePeriodSE.1"/>
<link:loc xlink:type="locator" xlink:href="http://info.edinet-fsa.go.jp/jp/fr/gaap/t/cte/2012-01-25/jpfr-t-cte-2012-01-25.xsd#jpfr-t-cte_PurchaseOfTreasuryStockSE" xlink:label="jpfr-t-cte_PurchaseOfTreasuryStockSE.1"/>
<link:calculationArc xlink:type="arc" xlink:arcrole="http://www.xbrl.org/2003/arcrole/summation-item" xlink:from="jpfr-t-cte_TotalChangesOfItemsDuringThePeriodSE.1" xlink:to="jpfr-t-cte_PurchaseOfTreasuryStockSE.1" order="3.5" weight="1"/>
<link:loc xlink:type="locator" xlink:href="http://info.edinet-fsa.go.jp/jp/fr/gaap/t/cte/2012-01-25/jpfr-t-cte-2012-01-25.xsd#jpfr-t-cte_TotalChangesOfItemsDuringThePeriodNA" xlink:label="jpfr-t-cte_TotalChangesOfItemsDuringThePeriodNA.1"/>
<link:loc xlink:type="locator" xlink:href="http://info.edinet-fsa.go.jp/jp/fr/gaap/t/cte/2012-01-25/jpfr-t-cte-2012-01-25.xsd#jpfr-t-cte_PurchaseOfTreasuryStockNA" xlink:label="jpfr-t-cte_PurchaseOfTreasuryStockNA.1"/>
<link:calculationArc xlink:type="arc" xlink:arcrole="http://www.xbrl.org/2003/arcrole/summation-item" xlink:from="jpfr-t-cte_TotalChangesOfItemsDuringThePeriodNA.1" xlink:to="jpfr-t-cte_PurchaseOfTreasuryStockNA.1" order="3.5" weight="1"/>
</link:calculationLink>
</link:linkbase>
