﻿<?xml version="1.0" encoding="utf-8"?>
<!-- Edited with XiRUTE .NET Library 01-04 -->
<link:linkbase xmlns:xlink="http://www.w3.org/1999/xlink" xmlns:xsi="http://www.w3.org/2001/XMLSchema-instance" xmlns:link="http://www.xbrl.org/2003/linkbase">
  <link:labelLink xlink:type="extended" xlink:role="http://www.xbrl.org/2003/role/link">
    <link:label xml:lang="ja" xlink:type="resource" xlink:label="jpfr-asr-E01364-000_AllowanceForLossesDamages_label" xlink:role="http://www.xbrl.org/2003/role/label">損害賠償損失引当金</link:label>
    <link:label xml:lang="ja" xlink:type="resource" xlink:label="jpfr-asr-E01364-000_ReversalOfProvisionForTheAmountOfHeadOfficeRelocationExpensesEI_label_2" xlink:role="http://www.xbrl.org/2003/role/label">本社移転費用引当金戻入額</link:label>
    <link:label xml:lang="ja" xlink:type="resource" xlink:label="jpfr-asr-E01364-000_IncomeFromLeaseNOI_label_1" xlink:role="http://www.xbrl.org/2003/role/verboseLabel">賃貸収入、営業外収益</link:label>
    <link:label xml:lang="ja" xlink:type="resource" xlink:label="jpfr-asr-E01364-000_IncidentalOfAcquisitionOfTreasuryStockNOE_label" xlink:role="http://www.xbrl.org/2003/role/documentation">自己株式の取得に関する付随費用、営業外費用</link:label>
    <link:label xml:lang="ja" xlink:type="resource" xlink:label="jpfr-asr-E01364-000_IncomeFromLeaseNOI_label_2" xlink:role="http://www.xbrl.org/2003/role/label">賃貸収入</link:label>
    <link:label xml:lang="ja" xlink:type="resource" xlink:label="jpfr-asr-E01364-000_AccumulatedDepreciationAndImpairmentLossRealEstateForRent_label_2" xlink:role="http://www.xbrl.org/2003/role/label">減価償却累計額及び減損損失累計額</link:label>
    <link:label xml:lang="ja" xlink:type="resource" xlink:label="jpfr-asr-E01364-000_HeadquartersRelocationExpensesAllowance_label" xlink:role="http://www.xbrl.org/2003/role/label">本社移転費用引当金</link:label>
    <link:label xml:lang="ja" xlink:type="resource" xlink:label="jpfr-asr-E01364-000_IncidentalOfAcquisitionOfTreasuryStockOpeCF_label_2" xlink:role="http://www.xbrl.org/2003/role/label">自己株式の取得に関する付随費用</link:label>
    <link:label xml:lang="ja" xlink:type="resource" xlink:label="jpfr-asr-E01364-000_AllowanceForLossesDamages_label_1" xlink:role="http://www.xbrl.org/2003/role/verboseLabel">損害賠償損失引当金</link:label>
    <link:label xml:lang="ja" xlink:type="resource" xlink:label="jpfr-asr-E01364-000_LiquidatingDividendOpeCF_label" xlink:role="http://www.xbrl.org/2003/role/documentation">清算配当金、営業活動によるキャッシュ・フロー</link:label>
    <link:label xml:lang="ja" xlink:type="resource" xlink:label="jpfr-asr-E01364-000_AccumulatedDepreciationAndImpairmentLossRealEstateForRent_label" xlink:role="http://www.xbrl.org/2003/role/verboseLabel">減価償却累計額及び減損損失累計額、賃貸不動産</link:label>
    <link:label xml:lang="ja" xlink:type="resource" xlink:label="jpfr-asr-E01364-000_ReversalOfProvisionForTheAmountOfHeadOfficeRelocationExpensesEI_label" xlink:role="http://www.xbrl.org/2003/role/documentation">本社移転費用引当金戻入額、特別利益</link:label>
    <link:label xml:lang="ja" xlink:type="resource" xlink:label="jpfr-asr-E01364-000_IncreaseDecreaseInProvisionForHeadquartersRelocationExpensesAllowanceOpeCF_label_1" xlink:role="http://www.xbrl.org/2003/role/verboseLabel">本社移転費用引当金の増減額（△は減少）、営業活動によるキャッシュ・フロー</link:label>
    <link:label xml:lang="ja" xlink:type="resource" xlink:label="jpfr-asr-E01364-000_AccumulatedDepreciationAndImpairmentLossRealEstateForRent_label_1" xlink:role="http://www.xbrl.org/2003/role/documentation">減価償却累計額及び減損損失累計額、賃貸不動産</link:label>
    <link:label xml:lang="ja" xlink:type="resource" xlink:label="jpfr-asr-E01364-000_LiquidationDividendEI_label_2" xlink:role="http://www.xbrl.org/2003/role/label">清算配当金</link:label>
    <link:label xml:lang="ja" xlink:type="resource" xlink:label="jpfr-asr-E01364-000_HeadquartersRelocationExpensesAllowanceProvisionEL_label_2" xlink:role="http://www.xbrl.org/2003/role/documentation">本社移転費用引当金繰入額、特別損失</link:label>
    <link:label xml:lang="ja" xlink:type="resource" xlink:label="jpfr-asr-E01364-000_ProceedsFromLiquidatingDividendInvCF_label" xlink:role="http://www.xbrl.org/2003/role/label">清算配当金による収入</link:label>
    <link:label xml:lang="ja" xlink:type="resource" xlink:label="jpfr-asr-E01364-000_ProceedsFromLiquidatingDividendInvCF_label_2" xlink:role="http://www.xbrl.org/2003/role/verboseLabel">清算配当金による収入、投資活動によるキャッシュ・フロー</link:label>
    <link:label xml:lang="ja" xlink:type="resource" xlink:label="jpfr-asr-E01364-000_LiquidationDividendEI_label" xlink:role="http://www.xbrl.org/2003/role/verboseLabel">清算配当金、特別利益</link:label>
    <link:label xml:lang="ja" xlink:type="resource" xlink:label="jpfr-asr-E01364-000_IncidentalOfAcquisitionOfTreasuryStockNOE_label_2" xlink:role="http://www.xbrl.org/2003/role/label">自己株式の取得に関する付随費用</link:label>
    <link:label xml:lang="ja" xlink:type="resource" xlink:label="jpfr-asr-E01364-000_AllowanceForLossesDamages_label_2" xlink:role="http://www.xbrl.org/2003/role/documentation">損害賠償損失引当金</link:label>
    <link:label xml:lang="ja" xlink:type="resource" xlink:label="jpfr-asr-E01364-000_IncidentalOfAcquisitionOfTreasuryStockOpeCF_label" xlink:role="http://www.xbrl.org/2003/role/verboseLabel">自己株式の取得に関する付随費用、営業活動によるキャッシュ・フロー</link:label>
    <link:label xml:lang="ja" xlink:type="resource" xlink:label="jpfr-asr-E01364-000_IncomeFromLeaseNOI_label" xlink:role="http://www.xbrl.org/2003/role/documentation">賃貸収入、営業外収益</link:label>
    <link:label xml:lang="ja" xlink:type="resource" xlink:label="jpfr-asr-E01364-000_LiquidationDividendEI_label_1" xlink:role="http://www.xbrl.org/2003/role/documentation">清算配当金、特別利益</link:label>
    <link:label xml:lang="ja" xlink:type="resource" xlink:label="jpfr-asr-E01364-000_HeadquartersRelocationExpensesAllowance_label_2" xlink:role="http://www.xbrl.org/2003/role/verboseLabel">本社移転費用引当金</link:label>
    <link:label xml:lang="ja" xlink:type="resource" xlink:label="jpfr-asr-E01364-000_HeadquartersRelocationExpensesAllowanceProvisionEL_label_1" xlink:role="http://www.xbrl.org/2003/role/verboseLabel">本社移転費用引当金繰入額、特別損失</link:label>
    <link:label xml:lang="ja" xlink:type="resource" xlink:label="jpfr-asr-E01364-000_HeadquartersRelocationExpensesAllowanceProvisionEL_label" xlink:role="http://www.xbrl.org/2003/role/label">本社移転費用引当金繰入額</link:label>
    <link:label xml:lang="ja" xlink:type="resource" xlink:label="jpfr-asr-E01364-000_ReversalOfProvisionForTheAmountOfHeadOfficeRelocationExpensesEI_label_1" xlink:role="http://www.xbrl.org/2003/role/verboseLabel">本社移転費用引当金戻入額、特別利益</link:label>
    <link:label xml:lang="ja" xlink:type="resource" xlink:label="jpfr-asr-E01364-000_LiquidatingDividendOpeCF_label_2" xlink:role="http://www.xbrl.org/2003/role/verboseLabel">清算配当金、営業活動によるキャッシュ・フロー</link:label>
    <link:label xml:lang="ja" xlink:type="resource" xlink:label="jpfr-asr-E01364-000_ProceedsFromLiquidatingDividendInvCF_label_1" xlink:role="http://www.xbrl.org/2003/role/documentation">清算配当金による収入、投資活動によるキャッシュ・フロー</link:label>
    <link:label xml:lang="ja" xlink:type="resource" xlink:label="jpfr-asr-E01364-000_IncreaseDecreaseInProvisionForHeadquartersRelocationExpensesAllowanceOpeCF_label" xlink:role="http://www.xbrl.org/2003/role/documentation">本社移転費用引当金の増減額（△は減少）、営業活動によるキャッシュ・フロー</link:label>
    <link:label xml:lang="ja" xlink:type="resource" xlink:label="jpfr-asr-E01364-000_IncidentalOfAcquisitionOfTreasuryStockOpeCF_label_1" xlink:role="http://www.xbrl.org/2003/role/documentation">自己株式の取得に関する付随費用、営業活動によるキャッシュ・フロー</link:label>
    <link:label xml:lang="ja" xlink:type="resource" xlink:label="jpfr-asr-E01364-000_LiquidatingDividendOpeCF_label_1" xlink:role="http://www.xbrl.org/2003/role/label">清算配当金</link:label>
    <link:label xml:lang="ja" xlink:type="resource" xlink:label="jpfr-asr-E01364-000_IncidentalOfAcquisitionOfTreasuryStockNOE_label_1" xlink:role="http://www.xbrl.org/2003/role/verboseLabel">自己株式の取得に関する付随費用、営業外費用</link:label>
    <link:label xml:lang="ja" xlink:type="resource" xlink:label="jpfr-asr-E01364-000_IncreaseDecreaseInProvisionForHeadquartersRelocationExpensesAllowanceOpeCF_label_2" xlink:role="http://www.xbrl.org/2003/role/label">本社移転費用引当金の増減額（△は減少）</link:label>
    <link:label xml:lang="ja" xlink:type="resource" xlink:label="jpfr-asr-E01364-000_HeadquartersRelocationExpensesAllowance_label_1" xlink:role="http://www.xbrl.org/2003/role/documentation">本社移転費用引当金</link:label>
    <link:loc xlink:type="locator" xlink:href="jpfr-asr-E01364-000-2012-03-31-01-2012-06-29.xsd#jpfr-asr-E01364-000_ReversalOfProvisionForTheAmountOfHeadOfficeRelocationExpensesEI" xlink:label="jpfr-asr-E01364-000_ReversalOfProvisionForTheAmountOfHeadOfficeRelocationExpensesEI" />
    <link:loc xlink:type="locator" xlink:href="jpfr-asr-E01364-000-2012-03-31-01-2012-06-29.xsd#jpfr-asr-E01364-000_HeadquartersRelocationExpensesAllowanceProvisionEL" xlink:label="jpfr-asr-E01364-000_HeadquartersRelocationExpensesAllowanceProvisionEL" />
    <link:loc xlink:type="locator" xlink:href="jpfr-asr-E01364-000-2012-03-31-01-2012-06-29.xsd#jpfr-asr-E01364-000_AccumulatedDepreciationAndImpairmentLossRealEstateForRent" xlink:label="jpfr-asr-E01364-000_AccumulatedDepreciationAndImpairmentLossRealEstateForRent" />
    <link:loc xlink:type="locator" xlink:href="jpfr-asr-E01364-000-2012-03-31-01-2012-06-29.xsd#jpfr-asr-E01364-000_HeadquartersRelocationExpensesAllowance" xlink:label="jpfr-asr-E01364-000_HeadquartersRelocationExpensesAllowance" />
    <link:loc xlink:type="locator" xlink:href="jpfr-asr-E01364-000-2012-03-31-01-2012-06-29.xsd#jpfr-asr-E01364-000_IncidentalOfAcquisitionOfTreasuryStockNOE" xlink:label="jpfr-asr-E01364-000_IncidentalOfAcquisitionOfTreasuryStockNOE" />
    <link:loc xlink:type="locator" xlink:href="jpfr-asr-E01364-000-2012-03-31-01-2012-06-29.xsd#jpfr-asr-E01364-000_IncomeFromLeaseNOI" xlink:label="jpfr-asr-E01364-000_IncomeFromLeaseNOI" />
    <link:loc xlink:type="locator" xlink:href="jpfr-asr-E01364-000-2012-03-31-01-2012-06-29.xsd#jpfr-asr-E01364-000_IncidentalOfAcquisitionOfTreasuryStockOpeCF" xlink:label="jpfr-asr-E01364-000_IncidentalOfAcquisitionOfTreasuryStockOpeCF" />
    <link:loc xlink:type="locator" xlink:href="jpfr-asr-E01364-000-2012-03-31-01-2012-06-29.xsd#jpfr-asr-E01364-000_AllowanceForLossesDamages" xlink:label="jpfr-asr-E01364-000_AllowanceForLossesDamages" />
    <link:loc xlink:type="locator" xlink:href="jpfr-asr-E01364-000-2012-03-31-01-2012-06-29.xsd#jpfr-asr-E01364-000_LiquidationDividendEI" xlink:label="jpfr-asr-E01364-000_LiquidationDividendEI" />
    <link:loc xlink:type="locator" xlink:href="jpfr-asr-E01364-000-2012-03-31-01-2012-06-29.xsd#jpfr-asr-E01364-000_IncreaseDecreaseInProvisionForHeadquartersRelocationExpensesAllowanceOpeCF" xlink:label="jpfr-asr-E01364-000_IncreaseDecreaseInProvisionForHeadquartersRelocationExpensesAllowanceOpeCF" />
    <link:loc xlink:type="locator" xlink:href="jpfr-asr-E01364-000-2012-03-31-01-2012-06-29.xsd#jpfr-asr-E01364-000_LiquidatingDividendOpeCF" xlink:label="jpfr-asr-E01364-000_LiquidatingDividendOpeCF" />
    <link:loc xlink:type="locator" xlink:href="jpfr-asr-E01364-000-2012-03-31-01-2012-06-29.xsd#jpfr-asr-E01364-000_ProceedsFromLiquidatingDividendInvCF" xlink:label="jpfr-asr-E01364-000_ProceedsFromLiquidatingDividendInvCF" />
    <link:labelArc xlink:type="arc" xlink:from="jpfr-asr-E01364-000_HeadquartersRelocationExpensesAllowance" xlink:to="jpfr-asr-E01364-000_HeadquartersRelocationExpensesAllowance_label" xlink:arcrole="http://www.xbrl.org/2003/arcrole/concept-label" order="1" />
    <link:labelArc xlink:type="arc" xlink:from="jpfr-asr-E01364-000_IncreaseDecreaseInProvisionForHeadquartersRelocationExpensesAllowanceOpeCF" xlink:to="jpfr-asr-E01364-000_IncreaseDecreaseInProvisionForHeadquartersRelocationExpensesAllowanceOpeCF_label" xlink:arcrole="http://www.xbrl.org/2003/arcrole/concept-label" order="1" />
    <link:labelArc xlink:type="arc" xlink:from="jpfr-asr-E01364-000_HeadquartersRelocationExpensesAllowanceProvisionEL" xlink:to="jpfr-asr-E01364-000_HeadquartersRelocationExpensesAllowanceProvisionEL_label" xlink:arcrole="http://www.xbrl.org/2003/arcrole/concept-label" order="1" />
    <link:labelArc xlink:type="arc" xlink:from="jpfr-asr-E01364-000_IncreaseDecreaseInProvisionForHeadquartersRelocationExpensesAllowanceOpeCF" xlink:to="jpfr-asr-E01364-000_IncreaseDecreaseInProvisionForHeadquartersRelocationExpensesAllowanceOpeCF_label_1" xlink:arcrole="http://www.xbrl.org/2003/arcrole/concept-label" order="1" />
    <link:labelArc xlink:type="arc" xlink:from="jpfr-asr-E01364-000_AllowanceForLossesDamages" xlink:to="jpfr-asr-E01364-000_AllowanceForLossesDamages_label" xlink:arcrole="http://www.xbrl.org/2003/arcrole/concept-label" order="1" />
    <link:labelArc xlink:type="arc" xlink:from="jpfr-asr-E01364-000_IncreaseDecreaseInProvisionForHeadquartersRelocationExpensesAllowanceOpeCF" xlink:to="jpfr-asr-E01364-000_IncreaseDecreaseInProvisionForHeadquartersRelocationExpensesAllowanceOpeCF_label_2" xlink:arcrole="http://www.xbrl.org/2003/arcrole/concept-label" order="1" />
    <link:labelArc xlink:type="arc" xlink:from="jpfr-asr-E01364-000_HeadquartersRelocationExpensesAllowanceProvisionEL" xlink:to="jpfr-asr-E01364-000_HeadquartersRelocationExpensesAllowanceProvisionEL_label_1" xlink:arcrole="http://www.xbrl.org/2003/arcrole/concept-label" order="1" />
    <link:labelArc xlink:type="arc" xlink:from="jpfr-asr-E01364-000_LiquidationDividendEI" xlink:to="jpfr-asr-E01364-000_LiquidationDividendEI_label" xlink:arcrole="http://www.xbrl.org/2003/arcrole/concept-label" order="1" />
    <link:labelArc xlink:type="arc" xlink:from="jpfr-asr-E01364-000_IncidentalOfAcquisitionOfTreasuryStockNOE" xlink:to="jpfr-asr-E01364-000_IncidentalOfAcquisitionOfTreasuryStockNOE_label" xlink:arcrole="http://www.xbrl.org/2003/arcrole/concept-label" order="1" />
    <link:labelArc xlink:type="arc" xlink:from="jpfr-asr-E01364-000_ProceedsFromLiquidatingDividendInvCF" xlink:to="jpfr-asr-E01364-000_ProceedsFromLiquidatingDividendInvCF_label" xlink:arcrole="http://www.xbrl.org/2003/arcrole/concept-label" order="1" />
    <link:labelArc xlink:type="arc" xlink:from="jpfr-asr-E01364-000_IncidentalOfAcquisitionOfTreasuryStockNOE" xlink:to="jpfr-asr-E01364-000_IncidentalOfAcquisitionOfTreasuryStockNOE_label_1" xlink:arcrole="http://www.xbrl.org/2003/arcrole/concept-label" order="1" />
    <link:labelArc xlink:type="arc" xlink:from="jpfr-asr-E01364-000_AccumulatedDepreciationAndImpairmentLossRealEstateForRent" xlink:to="jpfr-asr-E01364-000_AccumulatedDepreciationAndImpairmentLossRealEstateForRent_label" xlink:arcrole="http://www.xbrl.org/2003/arcrole/concept-label" order="1" />
    <link:labelArc xlink:type="arc" xlink:from="jpfr-asr-E01364-000_LiquidatingDividendOpeCF" xlink:to="jpfr-asr-E01364-000_LiquidatingDividendOpeCF_label" xlink:arcrole="http://www.xbrl.org/2003/arcrole/concept-label" order="1" />
    <link:labelArc xlink:type="arc" xlink:from="jpfr-asr-E01364-000_IncidentalOfAcquisitionOfTreasuryStockNOE" xlink:to="jpfr-asr-E01364-000_IncidentalOfAcquisitionOfTreasuryStockNOE_label_2" xlink:arcrole="http://www.xbrl.org/2003/arcrole/concept-label" order="1" />
    <link:labelArc xlink:type="arc" xlink:from="jpfr-asr-E01364-000_IncomeFromLeaseNOI" xlink:to="jpfr-asr-E01364-000_IncomeFromLeaseNOI_label" xlink:arcrole="http://www.xbrl.org/2003/arcrole/concept-label" order="1" />
    <link:labelArc xlink:type="arc" xlink:from="jpfr-asr-E01364-000_IncomeFromLeaseNOI" xlink:to="jpfr-asr-E01364-000_IncomeFromLeaseNOI_label_1" xlink:arcrole="http://www.xbrl.org/2003/arcrole/concept-label" order="1" />
    <link:labelArc xlink:type="arc" xlink:from="jpfr-asr-E01364-000_IncomeFromLeaseNOI" xlink:to="jpfr-asr-E01364-000_IncomeFromLeaseNOI_label_2" xlink:arcrole="http://www.xbrl.org/2003/arcrole/concept-label" order="1" />
    <link:labelArc xlink:type="arc" xlink:from="jpfr-asr-E01364-000_IncidentalOfAcquisitionOfTreasuryStockOpeCF" xlink:to="jpfr-asr-E01364-000_IncidentalOfAcquisitionOfTreasuryStockOpeCF_label" xlink:arcrole="http://www.xbrl.org/2003/arcrole/concept-label" order="1" />
    <link:labelArc xlink:type="arc" xlink:from="jpfr-asr-E01364-000_ReversalOfProvisionForTheAmountOfHeadOfficeRelocationExpensesEI" xlink:to="jpfr-asr-E01364-000_ReversalOfProvisionForTheAmountOfHeadOfficeRelocationExpensesEI_label" xlink:arcrole="http://www.xbrl.org/2003/arcrole/concept-label" order="1" />
    <link:labelArc xlink:type="arc" xlink:from="jpfr-asr-E01364-000_AccumulatedDepreciationAndImpairmentLossRealEstateForRent" xlink:to="jpfr-asr-E01364-000_AccumulatedDepreciationAndImpairmentLossRealEstateForRent_label_1" xlink:arcrole="http://www.xbrl.org/2003/arcrole/concept-label" order="1" />
    <link:labelArc xlink:type="arc" xlink:from="jpfr-asr-E01364-000_LiquidationDividendEI" xlink:to="jpfr-asr-E01364-000_LiquidationDividendEI_label_1" xlink:arcrole="http://www.xbrl.org/2003/arcrole/concept-label" order="1" />
    <link:labelArc xlink:type="arc" xlink:from="jpfr-asr-E01364-000_ProceedsFromLiquidatingDividendInvCF" xlink:to="jpfr-asr-E01364-000_ProceedsFromLiquidatingDividendInvCF_label_1" xlink:arcrole="http://www.xbrl.org/2003/arcrole/concept-label" order="1" />
    <link:labelArc xlink:type="arc" xlink:from="jpfr-asr-E01364-000_LiquidatingDividendOpeCF" xlink:to="jpfr-asr-E01364-000_LiquidatingDividendOpeCF_label_1" xlink:arcrole="http://www.xbrl.org/2003/arcrole/concept-label" order="1" />
    <link:labelArc xlink:type="arc" xlink:from="jpfr-asr-E01364-000_ReversalOfProvisionForTheAmountOfHeadOfficeRelocationExpensesEI" xlink:to="jpfr-asr-E01364-000_ReversalOfProvisionForTheAmountOfHeadOfficeRelocationExpensesEI_label_1" xlink:arcrole="http://www.xbrl.org/2003/arcrole/concept-label" order="1" />
    <link:labelArc xlink:type="arc" xlink:from="jpfr-asr-E01364-000_AccumulatedDepreciationAndImpairmentLossRealEstateForRent" xlink:to="jpfr-asr-E01364-000_AccumulatedDepreciationAndImpairmentLossRealEstateForRent_label_2" xlink:arcrole="http://www.xbrl.org/2003/arcrole/concept-label" order="1" />
    <link:labelArc xlink:type="arc" xlink:from="jpfr-asr-E01364-000_ProceedsFromLiquidatingDividendInvCF" xlink:to="jpfr-asr-E01364-000_ProceedsFromLiquidatingDividendInvCF_label_2" xlink:arcrole="http://www.xbrl.org/2003/arcrole/concept-label" order="1" />
    <link:labelArc xlink:type="arc" xlink:from="jpfr-asr-E01364-000_AllowanceForLossesDamages" xlink:to="jpfr-asr-E01364-000_AllowanceForLossesDamages_label_1" xlink:arcrole="http://www.xbrl.org/2003/arcrole/concept-label" order="1" />
    <link:labelArc xlink:type="arc" xlink:from="jpfr-asr-E01364-000_HeadquartersRelocationExpensesAllowance" xlink:to="jpfr-asr-E01364-000_HeadquartersRelocationExpensesAllowance_label_1" xlink:arcrole="http://www.xbrl.org/2003/arcrole/concept-label" order="1" />
    <link:labelArc xlink:type="arc" xlink:from="jpfr-asr-E01364-000_ReversalOfProvisionForTheAmountOfHeadOfficeRelocationExpensesEI" xlink:to="jpfr-asr-E01364-000_ReversalOfProvisionForTheAmountOfHeadOfficeRelocationExpensesEI_label_2" xlink:arcrole="http://www.xbrl.org/2003/arcrole/concept-label" order="1" />
    <link:labelArc xlink:type="arc" xlink:from="jpfr-asr-E01364-000_IncidentalOfAcquisitionOfTreasuryStockOpeCF" xlink:to="jpfr-asr-E01364-000_IncidentalOfAcquisitionOfTreasuryStockOpeCF_label_1" xlink:arcrole="http://www.xbrl.org/2003/arcrole/concept-label" order="1" />
    <link:labelArc xlink:type="arc" xlink:from="jpfr-asr-E01364-000_LiquidatingDividendOpeCF" xlink:to="jpfr-asr-E01364-000_LiquidatingDividendOpeCF_label_2" xlink:arcrole="http://www.xbrl.org/2003/arcrole/concept-label" order="1" />
    <link:labelArc xlink:type="arc" xlink:from="jpfr-asr-E01364-000_AllowanceForLossesDamages" xlink:to="jpfr-asr-E01364-000_AllowanceForLossesDamages_label_2" xlink:arcrole="http://www.xbrl.org/2003/arcrole/concept-label" order="1" />
    <link:labelArc xlink:type="arc" xlink:from="jpfr-asr-E01364-000_HeadquartersRelocationExpensesAllowance" xlink:to="jpfr-asr-E01364-000_HeadquartersRelocationExpensesAllowance_label_2" xlink:arcrole="http://www.xbrl.org/2003/arcrole/concept-label" order="1" />
    <link:labelArc xlink:type="arc" xlink:from="jpfr-asr-E01364-000_IncidentalOfAcquisitionOfTreasuryStockOpeCF" xlink:to="jpfr-asr-E01364-000_IncidentalOfAcquisitionOfTreasuryStockOpeCF_label_2" xlink:arcrole="http://www.xbrl.org/2003/arcrole/concept-label" order="1" />
    <link:labelArc xlink:type="arc" xlink:from="jpfr-asr-E01364-000_HeadquartersRelocationExpensesAllowanceProvisionEL" xlink:to="jpfr-asr-E01364-000_HeadquartersRelocationExpensesAllowanceProvisionEL_label_2" xlink:arcrole="http://www.xbrl.org/2003/arcrole/concept-label" order="1" />
    <link:labelArc xlink:type="arc" xlink:from="jpfr-asr-E01364-000_LiquidationDividendEI" xlink:to="jpfr-asr-E01364-000_LiquidationDividendEI_label_2" xlink:arcrole="http://www.xbrl.org/2003/arcrole/concept-label" order="1" />
  </link:labelLink>
</link:linkbase>