﻿<?xml version="1.0" encoding="utf-8"?>
<!-- Edited with XiRUTE .NET Library 01-04 -->
<link:linkbase xmlns:xlink="http://www.w3.org/1999/xlink" xmlns:xsi="http://www.w3.org/2001/XMLSchema-instance" xmlns:link="http://www.xbrl.org/2003/linkbase">
  <link:roleRef xlink:type="simple" xlink:href="http://info.edinet-fsa.go.jp/jp/fr/gaap/o/rt/2012-01-25/jpfr-rt-2012-01-25.xsd#RoleCNSBalanceSheets" roleURI="http://info.edinet-fsa.go.jp/jp/fr/gaap/cns/role/BalanceSheets" />
  <link:roleRef xlink:type="simple" xlink:href="http://info.edinet-fsa.go.jp/jp/fr/gaap/o/rt/2012-01-25/jpfr-rt-2012-01-25.xsd#RoleCNSStatementsOfCashFlows" roleURI="http://info.edinet-fsa.go.jp/jp/fr/gaap/cns/role/StatementsOfCashFlows" />
  <link:roleRef xlink:type="simple" xlink:href="http://info.edinet-fsa.go.jp/jp/fr/gaap/o/rt/2012-01-25/jpfr-rt-2012-01-25.xsd#RoleCNSStatementsOfIncome" roleURI="http://info.edinet-fsa.go.jp/jp/fr/gaap/cns/role/StatementsOfIncome" />
  <link:definitionLink xlink:type="extended" xlink:role="http://info.edinet-fsa.go.jp/jp/fr/gaap/cns/role/BalanceSheets">
    <link:loc xlink:type="locator" xlink:href="http://info.edinet-fsa.go.jp/jp/fr/gaap/t/cte/2012-01-25/jpfr-t-cte-2012-01-25.xsd#jpfr-t-cte_RealEstateForRent" xlink:label="jpfr-t-cte_RealEstateForRent" />
    <link:loc xlink:type="locator" xlink:href="jpfr-asr-E01364-000-2012-03-31-01-2012-06-29.xsd#jpfr-asr-E01364-000_AllowanceForLossesDamages" xlink:label="jpfr-asr-E01364-000_AllowanceForLossesDamages" />
    <link:loc xlink:type="locator" xlink:href="http://info.edinet-fsa.go.jp/jp/fr/gaap/t/cte/2012-01-25/jpfr-t-cte-2012-01-25.xsd#jpfr-t-cte_CurrentLiabilitiesAbstract" xlink:label="jpfr-t-cte_CurrentLiabilitiesAbstract" />
    <link:loc xlink:type="locator" xlink:href="jpfr-asr-E01364-000-2012-03-31-01-2012-06-29.xsd#jpfr-asr-E01364-000_HeadquartersRelocationExpensesAllowance" xlink:label="jpfr-asr-E01364-000_HeadquartersRelocationExpensesAllowance" />
    <link:loc xlink:type="locator" xlink:href="jpfr-asr-E01364-000-2012-03-31-01-2012-06-29.xsd#jpfr-asr-E01364-000_AccumulatedDepreciationAndImpairmentLossRealEstateForRent" xlink:label="jpfr-asr-E01364-000_AccumulatedDepreciationAndImpairmentLossRealEstateForRent" />
    <link:definitionArc xlink:type="arc" xlink:from="jpfr-t-cte_CurrentLiabilitiesAbstract" xlink:to="jpfr-asr-E01364-000_AllowanceForLossesDamages" xlink:arcrole="http://www.xbrl.org/2003/arcrole/general-special" order="0.5" />
    <link:definitionArc xlink:type="arc" xlink:from="jpfr-t-cte_RealEstateForRent" xlink:to="jpfr-asr-E01364-000_AccumulatedDepreciationAndImpairmentLossRealEstateForRent" xlink:arcrole="http://www.xbrl.org/2003/arcrole/general-special" order="1" />
    <link:definitionArc xlink:type="arc" xlink:from="jpfr-t-cte_CurrentLiabilitiesAbstract" xlink:to="jpfr-asr-E01364-000_HeadquartersRelocationExpensesAllowance" xlink:arcrole="http://www.xbrl.org/2003/arcrole/general-special" order="0.75" />
  </link:definitionLink>
  <link:definitionLink xlink:type="extended" xlink:role="http://info.edinet-fsa.go.jp/jp/fr/gaap/cns/role/StatementsOfIncome">
    <link:loc xlink:type="locator" xlink:href="http://info.edinet-fsa.go.jp/jp/fr/gaap/t/cte/2012-01-25/jpfr-t-cte-2012-01-25.xsd#jpfr-t-cte_ExtraordinaryLossAbstract" xlink:label="jpfr-t-cte_ExtraordinaryLossAbstract" />
    <link:loc xlink:type="locator" xlink:href="http://info.edinet-fsa.go.jp/jp/fr/gaap/t/cte/2012-01-25/jpfr-t-cte-2012-01-25.xsd#jpfr-t-cte_ExtraordinaryIncomeAbstract" xlink:label="jpfr-t-cte_ExtraordinaryIncomeAbstract" />
    <link:loc xlink:type="locator" xlink:href="jpfr-asr-E01364-000-2012-03-31-01-2012-06-29.xsd#jpfr-asr-E01364-000_IncidentalOfAcquisitionOfTreasuryStockNOE" xlink:label="jpfr-asr-E01364-000_IncidentalOfAcquisitionOfTreasuryStockNOE" />
    <link:loc xlink:type="locator" xlink:href="jpfr-asr-E01364-000-2012-03-31-01-2012-06-29.xsd#jpfr-asr-E01364-000_HeadquartersRelocationExpensesAllowanceProvisionEL" xlink:label="jpfr-asr-E01364-000_HeadquartersRelocationExpensesAllowanceProvisionEL" />
    <link:loc xlink:type="locator" xlink:href="http://info.edinet-fsa.go.jp/jp/fr/gaap/t/cte/2012-01-25/jpfr-t-cte-2012-01-25.xsd#jpfr-t-cte_NonOperatingExpensesAbstract" xlink:label="jpfr-t-cte_NonOperatingExpensesAbstract" />
    <link:loc xlink:type="locator" xlink:href="jpfr-asr-E01364-000-2012-03-31-01-2012-06-29.xsd#jpfr-asr-E01364-000_IncomeFromLeaseNOI" xlink:label="jpfr-asr-E01364-000_IncomeFromLeaseNOI" />
    <link:loc xlink:type="locator" xlink:href="http://info.edinet-fsa.go.jp/jp/fr/gaap/t/cte/2012-01-25/jpfr-t-cte-2012-01-25.xsd#jpfr-t-cte_NonOperatingIncomeAbstract" xlink:label="jpfr-t-cte_NonOperatingIncomeAbstract" />
    <link:loc xlink:type="locator" xlink:href="jpfr-asr-E01364-000-2012-03-31-01-2012-06-29.xsd#jpfr-asr-E01364-000_ReversalOfProvisionForTheAmountOfHeadOfficeRelocationExpensesEI" xlink:label="jpfr-asr-E01364-000_ReversalOfProvisionForTheAmountOfHeadOfficeRelocationExpensesEI" />
    <link:loc xlink:type="locator" xlink:href="jpfr-asr-E01364-000-2012-03-31-01-2012-06-29.xsd#jpfr-asr-E01364-000_LiquidationDividendEI" xlink:label="jpfr-asr-E01364-000_LiquidationDividendEI" />
    <link:definitionArc xlink:type="arc" xlink:from="jpfr-t-cte_NonOperatingExpensesAbstract" xlink:to="jpfr-asr-E01364-000_IncidentalOfAcquisitionOfTreasuryStockNOE" xlink:arcrole="http://www.xbrl.org/2003/arcrole/general-special" order="0.5" />
    <link:definitionArc xlink:type="arc" xlink:from="jpfr-t-cte_ExtraordinaryLossAbstract" xlink:to="jpfr-asr-E01364-000_HeadquartersRelocationExpensesAllowanceProvisionEL" xlink:arcrole="http://www.xbrl.org/2003/arcrole/general-special" order="0.5" />
    <link:definitionArc xlink:type="arc" xlink:from="jpfr-t-cte_NonOperatingIncomeAbstract" xlink:to="jpfr-asr-E01364-000_IncomeFromLeaseNOI" xlink:arcrole="http://www.xbrl.org/2003/arcrole/general-special" order="0.5" />
    <link:definitionArc xlink:type="arc" xlink:from="jpfr-t-cte_ExtraordinaryIncomeAbstract" xlink:to="jpfr-asr-E01364-000_ReversalOfProvisionForTheAmountOfHeadOfficeRelocationExpensesEI" xlink:arcrole="http://www.xbrl.org/2003/arcrole/general-special" order="0.75" />
    <link:definitionArc xlink:type="arc" xlink:from="jpfr-t-cte_ExtraordinaryIncomeAbstract" xlink:to="jpfr-asr-E01364-000_LiquidationDividendEI" xlink:arcrole="http://www.xbrl.org/2003/arcrole/general-special" order="0.5" />
  </link:definitionLink>
  <link:definitionLink xlink:type="extended" xlink:role="http://info.edinet-fsa.go.jp/jp/fr/gaap/cns/role/StatementsOfCashFlows">
    <link:loc xlink:type="locator" xlink:href="http://info.edinet-fsa.go.jp/jp/fr/gaap/t/cte/2012-01-25/jpfr-t-cte-2012-01-25.xsd#jpfr-t-cte_NetCashProvidedByUsedInInvestmentActivitiesAbstract" xlink:label="jpfr-t-cte_NetCashProvidedByUsedInInvestmentActivitiesAbstract" />
    <link:loc xlink:type="locator" xlink:href="jpfr-asr-E01364-000-2012-03-31-01-2012-06-29.xsd#jpfr-asr-E01364-000_ProceedsFromLiquidatingDividendInvCF" xlink:label="jpfr-asr-E01364-000_ProceedsFromLiquidatingDividendInvCF" />
    <link:loc xlink:type="locator" xlink:href="http://info.edinet-fsa.go.jp/jp/fr/gaap/t/cte/2012-01-25/jpfr-t-cte-2012-01-25.xsd#jpfr-t-cte_NetCashProvidedByUsedInOperatingActivitiesAbstract" xlink:label="jpfr-t-cte_NetCashProvidedByUsedInOperatingActivitiesAbstract" />
    <link:loc xlink:type="locator" xlink:href="jpfr-asr-E01364-000-2012-03-31-01-2012-06-29.xsd#jpfr-asr-E01364-000_LiquidatingDividendOpeCF" xlink:label="jpfr-asr-E01364-000_LiquidatingDividendOpeCF" />
    <link:loc xlink:type="locator" xlink:href="jpfr-asr-E01364-000-2012-03-31-01-2012-06-29.xsd#jpfr-asr-E01364-000_IncreaseDecreaseInProvisionForHeadquartersRelocationExpensesAllowanceOpeCF" xlink:label="jpfr-asr-E01364-000_IncreaseDecreaseInProvisionForHeadquartersRelocationExpensesAllowanceOpeCF" />
    <link:loc xlink:type="locator" xlink:href="jpfr-asr-E01364-000-2012-03-31-01-2012-06-29.xsd#jpfr-asr-E01364-000_IncidentalOfAcquisitionOfTreasuryStockOpeCF" xlink:label="jpfr-asr-E01364-000_IncidentalOfAcquisitionOfTreasuryStockOpeCF" />
    <link:definitionArc xlink:type="arc" xlink:from="jpfr-t-cte_NetCashProvidedByUsedInOperatingActivitiesAbstract" xlink:to="jpfr-asr-E01364-000_IncidentalOfAcquisitionOfTreasuryStockOpeCF" xlink:arcrole="http://www.xbrl.org/2003/arcrole/general-special" order="0.75" />
    <link:definitionArc xlink:type="arc" xlink:from="jpfr-t-cte_NetCashProvidedByUsedInInvestmentActivitiesAbstract" xlink:to="jpfr-asr-E01364-000_ProceedsFromLiquidatingDividendInvCF" xlink:arcrole="http://www.xbrl.org/2003/arcrole/general-special" order="1" />
    <link:definitionArc xlink:type="arc" xlink:from="jpfr-t-cte_NetCashProvidedByUsedInOperatingActivitiesAbstract" xlink:to="jpfr-asr-E01364-000_LiquidatingDividendOpeCF" xlink:arcrole="http://www.xbrl.org/2003/arcrole/general-special" order="0.875" />
    <link:definitionArc xlink:type="arc" xlink:from="jpfr-t-cte_NetCashProvidedByUsedInOperatingActivitiesAbstract" xlink:to="jpfr-asr-E01364-000_IncreaseDecreaseInProvisionForHeadquartersRelocationExpensesAllowanceOpeCF" xlink:arcrole="http://www.xbrl.org/2003/arcrole/general-special" order="0.5" />
  </link:definitionLink>
</link:linkbase>