﻿<?xml version="1.0" encoding="utf-8"?>
<!-- Edited with XiRUTE .NET Library 01-04 -->
<link:linkbase xmlns:xlink="http://www.w3.org/1999/xlink" xmlns:xsi="http://www.w3.org/2001/XMLSchema-instance" xmlns:link="http://www.xbrl.org/2003/linkbase">
  <link:labelLink xlink:type="extended" xlink:role="http://www.xbrl.org/2003/role/link">
    <link:label xml:lang="en" xlink:type="resource" xlink:label="jpfr-asr-E01364-000_LiquidationDividendEI_label_1" xlink:role="http://www.xbrl.org/2003/role/documentation">Liquidation dividend-EI</link:label>
    <link:label xml:lang="en" xlink:type="resource" xlink:label="jpfr-asr-E01364-000_LiquidatingDividendOpeCF_label_1" xlink:role="http://www.xbrl.org/2003/role/label">Liquidating dividend</link:label>
    <link:label xml:lang="en" xlink:type="resource" xlink:label="jpfr-asr-E01364-000_IncreaseDecreaseInProvisionForHeadquartersRelocationExpensesAllowanceOpeCF_label_1" xlink:role="http://www.xbrl.org/2003/role/verboseLabel">Increase(decrease)in provision for headquarters relocation expenses allowance-OpeCF</link:label>
    <link:label xml:lang="en" xlink:type="resource" xlink:label="jpfr-asr-E01364-000_IncidentalOfAcquisitionOfTreasuryStockOpeCF_label_1" xlink:role="http://www.xbrl.org/2003/role/documentation">Incidental of acquisition of treasury stock-OpeCF</link:label>
    <link:label xml:lang="en" xlink:type="resource" xlink:label="jpfr-asr-E01364-000_IncidentalOfAcquisitionOfTreasuryStockNOE_label_1" xlink:role="http://www.xbrl.org/2003/role/verboseLabel">Incidental of acquisition of treasury stock-NOE</link:label>
    <link:label xml:lang="en" xlink:type="resource" xlink:label="jpfr-asr-E01364-000_LiquidationDividendEI_label" xlink:role="http://www.xbrl.org/2003/role/verboseLabel">Liquidation dividend-EI</link:label>
    <link:label xml:lang="en" xlink:type="resource" xlink:label="jpfr-asr-E01364-000_ReversalOfProvisionForTheAmountOfHeadOfficeRelocationExpensesEI_label_2" xlink:role="http://www.xbrl.org/2003/role/label">Reversal of provision for the amount of head office relocation expenses</link:label>
    <link:label xml:lang="en" xlink:type="resource" xlink:label="jpfr-asr-E01364-000_LiquidatingDividendOpeCF_label_2" xlink:role="http://www.xbrl.org/2003/role/verboseLabel">Liquidating dividend-OpeCF</link:label>
    <link:label xml:lang="en" xlink:type="resource" xlink:label="jpfr-asr-E01364-000_LiquidationDividendEI_label_2" xlink:role="http://www.xbrl.org/2003/role/label">Liquidation dividend</link:label>
    <link:label xml:lang="en" xlink:type="resource" xlink:label="jpfr-asr-E01364-000_AccumulatedDepreciationAndImpairmentLossRealEstateForRent_label_1" xlink:role="http://www.xbrl.org/2003/role/documentation">Accumulated depreciation and impairment loss-Real estate for rent</link:label>
    <link:label xml:lang="en" xlink:type="resource" xlink:label="jpfr-asr-E01364-000_AllowanceForLossesDamages_label" xlink:role="http://www.xbrl.org/2003/role/label">Allowance for losses damages</link:label>
    <link:label xml:lang="en" xlink:type="resource" xlink:label="jpfr-asr-E01364-000_IncreaseDecreaseInProvisionForHeadquartersRelocationExpensesAllowanceOpeCF_label_2" xlink:role="http://www.xbrl.org/2003/role/label">Increase(decrease)in provision for headquarters relocation expenses allowance</link:label>
    <link:label xml:lang="en" xlink:type="resource" xlink:label="jpfr-asr-E01364-000_ProceedsFromLiquidatingDividendInvCF_label_2" xlink:role="http://www.xbrl.org/2003/role/verboseLabel">Proceeds from liquidating dividend-InvCF</link:label>
    <link:label xml:lang="en" xlink:type="resource" xlink:label="jpfr-asr-E01364-000_HeadquartersRelocationExpensesAllowance_label_2" xlink:role="http://www.xbrl.org/2003/role/verboseLabel">Headquarters relocation expenses allowance</link:label>
    <link:label xml:lang="en" xlink:type="resource" xlink:label="jpfr-asr-E01364-000_IncomeFromLeaseNOI_label_2" xlink:role="http://www.xbrl.org/2003/role/label">Income from lease</link:label>
    <link:label xml:lang="en" xlink:type="resource" xlink:label="jpfr-asr-E01364-000_HeadquartersRelocationExpensesAllowanceProvisionEL_label" xlink:role="http://www.xbrl.org/2003/role/label">Headquarters relocation expenses allowance provision</link:label>
    <link:label xml:lang="en" xlink:type="resource" xlink:label="jpfr-asr-E01364-000_IncomeFromLeaseNOI_label_1" xlink:role="http://www.xbrl.org/2003/role/verboseLabel">Income from lease-NOI</link:label>
    <link:label xml:lang="en" xlink:type="resource" xlink:label="jpfr-asr-E01364-000_HeadquartersRelocationExpensesAllowance_label_1" xlink:role="http://www.xbrl.org/2003/role/documentation">Headquarters relocation expenses allowance</link:label>
    <link:label xml:lang="en" xlink:type="resource" xlink:label="jpfr-asr-E01364-000_IncidentalOfAcquisitionOfTreasuryStockOpeCF_label_2" xlink:role="http://www.xbrl.org/2003/role/label">Incidental of acquisition of treasury stock</link:label>
    <link:label xml:lang="en" xlink:type="resource" xlink:label="jpfr-asr-E01364-000_HeadquartersRelocationExpensesAllowance_label" xlink:role="http://www.xbrl.org/2003/role/label">Headquarters relocation expenses allowance</link:label>
    <link:label xml:lang="en" xlink:type="resource" xlink:label="jpfr-asr-E01364-000_IncidentalOfAcquisitionOfTreasuryStockNOE_label_2" xlink:role="http://www.xbrl.org/2003/role/label">Incidental of acquisition of treasury stock</link:label>
    <link:label xml:lang="en" xlink:type="resource" xlink:label="jpfr-asr-E01364-000_LiquidatingDividendOpeCF_label" xlink:role="http://www.xbrl.org/2003/role/documentation">Liquidating dividend-OpeCF</link:label>
    <link:label xml:lang="en" xlink:type="resource" xlink:label="jpfr-asr-E01364-000_HeadquartersRelocationExpensesAllowanceProvisionEL_label_2" xlink:role="http://www.xbrl.org/2003/role/documentation">Headquarters relocation expenses allowance provision-EL</link:label>
    <link:label xml:lang="en" xlink:type="resource" xlink:label="jpfr-asr-E01364-000_IncreaseDecreaseInProvisionForHeadquartersRelocationExpensesAllowanceOpeCF_label" xlink:role="http://www.xbrl.org/2003/role/documentation">Increase(decrease)in provision for headquarters relocation expenses allowance-OpeCF</link:label>
    <link:label xml:lang="en" xlink:type="resource" xlink:label="jpfr-asr-E01364-000_ReversalOfProvisionForTheAmountOfHeadOfficeRelocationExpensesEI_label_1" xlink:role="http://www.xbrl.org/2003/role/verboseLabel">Reversal of provision for the amount of head office relocation expenses-EI</link:label>
    <link:label xml:lang="en" xlink:type="resource" xlink:label="jpfr-asr-E01364-000_IncidentalOfAcquisitionOfTreasuryStockNOE_label" xlink:role="http://www.xbrl.org/2003/role/documentation">Incidental of acquisition of treasury stock-NOE</link:label>
    <link:label xml:lang="en" xlink:type="resource" xlink:label="jpfr-asr-E01364-000_AllowanceForLossesDamages_label_2" xlink:role="http://www.xbrl.org/2003/role/documentation">Allowance for losses damages</link:label>
    <link:label xml:lang="en" xlink:type="resource" xlink:label="jpfr-asr-E01364-000_ProceedsFromLiquidatingDividendInvCF_label_1" xlink:role="http://www.xbrl.org/2003/role/documentation">Proceeds from liquidating dividend-InvCF</link:label>
    <link:label xml:lang="en" xlink:type="resource" xlink:label="jpfr-asr-E01364-000_HeadquartersRelocationExpensesAllowanceProvisionEL_label_1" xlink:role="http://www.xbrl.org/2003/role/verboseLabel">Headquarters relocation expenses allowance provision-EL</link:label>
    <link:label xml:lang="en" xlink:type="resource" xlink:label="jpfr-asr-E01364-000_IncidentalOfAcquisitionOfTreasuryStockOpeCF_label" xlink:role="http://www.xbrl.org/2003/role/verboseLabel">Incidental of acquisition of treasury stock-OpeCF</link:label>
    <link:label xml:lang="en" xlink:type="resource" xlink:label="jpfr-asr-E01364-000_ReversalOfProvisionForTheAmountOfHeadOfficeRelocationExpensesEI_label" xlink:role="http://www.xbrl.org/2003/role/documentation">Reversal of provision for the amount of head office relocation expenses-EI</link:label>
    <link:label xml:lang="en" xlink:type="resource" xlink:label="jpfr-asr-E01364-000_AllowanceForLossesDamages_label_1" xlink:role="http://www.xbrl.org/2003/role/verboseLabel">Allowance for losses damages</link:label>
    <link:label xml:lang="en" xlink:type="resource" xlink:label="jpfr-asr-E01364-000_AccumulatedDepreciationAndImpairmentLossRealEstateForRent_label" xlink:role="http://www.xbrl.org/2003/role/verboseLabel">Accumulated depreciation and impairment loss-Real estate for rent</link:label>
    <link:label xml:lang="en" xlink:type="resource" xlink:label="jpfr-asr-E01364-000_AccumulatedDepreciationAndImpairmentLossRealEstateForRent_label_2" xlink:role="http://www.xbrl.org/2003/role/label">Accumulated depreciation and impairment loss</link:label>
    <link:label xml:lang="en" xlink:type="resource" xlink:label="jpfr-asr-E01364-000_IncomeFromLeaseNOI_label" xlink:role="http://www.xbrl.org/2003/role/documentation">Income from lease-NOI</link:label>
    <link:label xml:lang="en" xlink:type="resource" xlink:label="jpfr-asr-E01364-000_ProceedsFromLiquidatingDividendInvCF_label" xlink:role="http://www.xbrl.org/2003/role/label">Proceeds from liquidating divide</link:label>
    <link:loc xlink:type="locator" xlink:href="jpfr-asr-E01364-000-2012-03-31-01-2012-06-29.xsd#jpfr-asr-E01364-000_ReversalOfProvisionForTheAmountOfHeadOfficeRelocationExpensesEI" xlink:label="jpfr-asr-E01364-000_ReversalOfProvisionForTheAmountOfHeadOfficeRelocationExpensesEI" />
    <link:loc xlink:type="locator" xlink:href="jpfr-asr-E01364-000-2012-03-31-01-2012-06-29.xsd#jpfr-asr-E01364-000_HeadquartersRelocationExpensesAllowanceProvisionEL" xlink:label="jpfr-asr-E01364-000_HeadquartersRelocationExpensesAllowanceProvisionEL" />
    <link:loc xlink:type="locator" xlink:href="jpfr-asr-E01364-000-2012-03-31-01-2012-06-29.xsd#jpfr-asr-E01364-000_AccumulatedDepreciationAndImpairmentLossRealEstateForRent" xlink:label="jpfr-asr-E01364-000_AccumulatedDepreciationAndImpairmentLossRealEstateForRent" />
    <link:loc xlink:type="locator" xlink:href="jpfr-asr-E01364-000-2012-03-31-01-2012-06-29.xsd#jpfr-asr-E01364-000_HeadquartersRelocationExpensesAllowance" xlink:label="jpfr-asr-E01364-000_HeadquartersRelocationExpensesAllowance" />
    <link:loc xlink:type="locator" xlink:href="jpfr-asr-E01364-000-2012-03-31-01-2012-06-29.xsd#jpfr-asr-E01364-000_IncidentalOfAcquisitionOfTreasuryStockNOE" xlink:label="jpfr-asr-E01364-000_IncidentalOfAcquisitionOfTreasuryStockNOE" />
    <link:loc xlink:type="locator" xlink:href="jpfr-asr-E01364-000-2012-03-31-01-2012-06-29.xsd#jpfr-asr-E01364-000_IncomeFromLeaseNOI" xlink:label="jpfr-asr-E01364-000_IncomeFromLeaseNOI" />
    <link:loc xlink:type="locator" xlink:href="jpfr-asr-E01364-000-2012-03-31-01-2012-06-29.xsd#jpfr-asr-E01364-000_IncidentalOfAcquisitionOfTreasuryStockOpeCF" xlink:label="jpfr-asr-E01364-000_IncidentalOfAcquisitionOfTreasuryStockOpeCF" />
    <link:loc xlink:type="locator" xlink:href="jpfr-asr-E01364-000-2012-03-31-01-2012-06-29.xsd#jpfr-asr-E01364-000_AllowanceForLossesDamages" xlink:label="jpfr-asr-E01364-000_AllowanceForLossesDamages" />
    <link:loc xlink:type="locator" xlink:href="jpfr-asr-E01364-000-2012-03-31-01-2012-06-29.xsd#jpfr-asr-E01364-000_LiquidationDividendEI" xlink:label="jpfr-asr-E01364-000_LiquidationDividendEI" />
    <link:loc xlink:type="locator" xlink:href="jpfr-asr-E01364-000-2012-03-31-01-2012-06-29.xsd#jpfr-asr-E01364-000_IncreaseDecreaseInProvisionForHeadquartersRelocationExpensesAllowanceOpeCF" xlink:label="jpfr-asr-E01364-000_IncreaseDecreaseInProvisionForHeadquartersRelocationExpensesAllowanceOpeCF" />
    <link:loc xlink:type="locator" xlink:href="jpfr-asr-E01364-000-2012-03-31-01-2012-06-29.xsd#jpfr-asr-E01364-000_LiquidatingDividendOpeCF" xlink:label="jpfr-asr-E01364-000_LiquidatingDividendOpeCF" />
    <link:loc xlink:type="locator" xlink:href="jpfr-asr-E01364-000-2012-03-31-01-2012-06-29.xsd#jpfr-asr-E01364-000_ProceedsFromLiquidatingDividendInvCF" xlink:label="jpfr-asr-E01364-000_ProceedsFromLiquidatingDividendInvCF" />
    <link:labelArc xlink:type="arc" xlink:from="jpfr-asr-E01364-000_HeadquartersRelocationExpensesAllowance" xlink:to="jpfr-asr-E01364-000_HeadquartersRelocationExpensesAllowance_label" xlink:arcrole="http://www.xbrl.org/2003/arcrole/concept-label" order="1" />
    <link:labelArc xlink:type="arc" xlink:from="jpfr-asr-E01364-000_IncreaseDecreaseInProvisionForHeadquartersRelocationExpensesAllowanceOpeCF" xlink:to="jpfr-asr-E01364-000_IncreaseDecreaseInProvisionForHeadquartersRelocationExpensesAllowanceOpeCF_label" xlink:arcrole="http://www.xbrl.org/2003/arcrole/concept-label" order="1" />
    <link:labelArc xlink:type="arc" xlink:from="jpfr-asr-E01364-000_HeadquartersRelocationExpensesAllowanceProvisionEL" xlink:to="jpfr-asr-E01364-000_HeadquartersRelocationExpensesAllowanceProvisionEL_label" xlink:arcrole="http://www.xbrl.org/2003/arcrole/concept-label" order="1" />
    <link:labelArc xlink:type="arc" xlink:from="jpfr-asr-E01364-000_IncreaseDecreaseInProvisionForHeadquartersRelocationExpensesAllowanceOpeCF" xlink:to="jpfr-asr-E01364-000_IncreaseDecreaseInProvisionForHeadquartersRelocationExpensesAllowanceOpeCF_label_1" xlink:arcrole="http://www.xbrl.org/2003/arcrole/concept-label" order="1" />
    <link:labelArc xlink:type="arc" xlink:from="jpfr-asr-E01364-000_AllowanceForLossesDamages" xlink:to="jpfr-asr-E01364-000_AllowanceForLossesDamages_label" xlink:arcrole="http://www.xbrl.org/2003/arcrole/concept-label" order="1" />
    <link:labelArc xlink:type="arc" xlink:from="jpfr-asr-E01364-000_IncreaseDecreaseInProvisionForHeadquartersRelocationExpensesAllowanceOpeCF" xlink:to="jpfr-asr-E01364-000_IncreaseDecreaseInProvisionForHeadquartersRelocationExpensesAllowanceOpeCF_label_2" xlink:arcrole="http://www.xbrl.org/2003/arcrole/concept-label" order="1" />
    <link:labelArc xlink:type="arc" xlink:from="jpfr-asr-E01364-000_HeadquartersRelocationExpensesAllowanceProvisionEL" xlink:to="jpfr-asr-E01364-000_HeadquartersRelocationExpensesAllowanceProvisionEL_label_1" xlink:arcrole="http://www.xbrl.org/2003/arcrole/concept-label" order="1" />
    <link:labelArc xlink:type="arc" xlink:from="jpfr-asr-E01364-000_LiquidationDividendEI" xlink:to="jpfr-asr-E01364-000_LiquidationDividendEI_label" xlink:arcrole="http://www.xbrl.org/2003/arcrole/concept-label" order="1" />
    <link:labelArc xlink:type="arc" xlink:from="jpfr-asr-E01364-000_IncidentalOfAcquisitionOfTreasuryStockNOE" xlink:to="jpfr-asr-E01364-000_IncidentalOfAcquisitionOfTreasuryStockNOE_label" xlink:arcrole="http://www.xbrl.org/2003/arcrole/concept-label" order="1" />
    <link:labelArc xlink:type="arc" xlink:from="jpfr-asr-E01364-000_ProceedsFromLiquidatingDividendInvCF" xlink:to="jpfr-asr-E01364-000_ProceedsFromLiquidatingDividendInvCF_label" xlink:arcrole="http://www.xbrl.org/2003/arcrole/concept-label" order="1" />
    <link:labelArc xlink:type="arc" xlink:from="jpfr-asr-E01364-000_IncidentalOfAcquisitionOfTreasuryStockNOE" xlink:to="jpfr-asr-E01364-000_IncidentalOfAcquisitionOfTreasuryStockNOE_label_1" xlink:arcrole="http://www.xbrl.org/2003/arcrole/concept-label" order="1" />
    <link:labelArc xlink:type="arc" xlink:from="jpfr-asr-E01364-000_AccumulatedDepreciationAndImpairmentLossRealEstateForRent" xlink:to="jpfr-asr-E01364-000_AccumulatedDepreciationAndImpairmentLossRealEstateForRent_label" xlink:arcrole="http://www.xbrl.org/2003/arcrole/concept-label" order="1" />
    <link:labelArc xlink:type="arc" xlink:from="jpfr-asr-E01364-000_LiquidatingDividendOpeCF" xlink:to="jpfr-asr-E01364-000_LiquidatingDividendOpeCF_label" xlink:arcrole="http://www.xbrl.org/2003/arcrole/concept-label" order="1" />
    <link:labelArc xlink:type="arc" xlink:from="jpfr-asr-E01364-000_IncidentalOfAcquisitionOfTreasuryStockNOE" xlink:to="jpfr-asr-E01364-000_IncidentalOfAcquisitionOfTreasuryStockNOE_label_2" xlink:arcrole="http://www.xbrl.org/2003/arcrole/concept-label" order="1" />
    <link:labelArc xlink:type="arc" xlink:from="jpfr-asr-E01364-000_IncomeFromLeaseNOI" xlink:to="jpfr-asr-E01364-000_IncomeFromLeaseNOI_label" xlink:arcrole="http://www.xbrl.org/2003/arcrole/concept-label" order="1" />
    <link:labelArc xlink:type="arc" xlink:from="jpfr-asr-E01364-000_IncomeFromLeaseNOI" xlink:to="jpfr-asr-E01364-000_IncomeFromLeaseNOI_label_1" xlink:arcrole="http://www.xbrl.org/2003/arcrole/concept-label" order="1" />
    <link:labelArc xlink:type="arc" xlink:from="jpfr-asr-E01364-000_IncomeFromLeaseNOI" xlink:to="jpfr-asr-E01364-000_IncomeFromLeaseNOI_label_2" xlink:arcrole="http://www.xbrl.org/2003/arcrole/concept-label" order="1" />
    <link:labelArc xlink:type="arc" xlink:from="jpfr-asr-E01364-000_IncidentalOfAcquisitionOfTreasuryStockOpeCF" xlink:to="jpfr-asr-E01364-000_IncidentalOfAcquisitionOfTreasuryStockOpeCF_label" xlink:arcrole="http://www.xbrl.org/2003/arcrole/concept-label" order="1" />
    <link:labelArc xlink:type="arc" xlink:from="jpfr-asr-E01364-000_ReversalOfProvisionForTheAmountOfHeadOfficeRelocationExpensesEI" xlink:to="jpfr-asr-E01364-000_ReversalOfProvisionForTheAmountOfHeadOfficeRelocationExpensesEI_label" xlink:arcrole="http://www.xbrl.org/2003/arcrole/concept-label" order="1" />
    <link:labelArc xlink:type="arc" xlink:from="jpfr-asr-E01364-000_AccumulatedDepreciationAndImpairmentLossRealEstateForRent" xlink:to="jpfr-asr-E01364-000_AccumulatedDepreciationAndImpairmentLossRealEstateForRent_label_1" xlink:arcrole="http://www.xbrl.org/2003/arcrole/concept-label" order="1" />
    <link:labelArc xlink:type="arc" xlink:from="jpfr-asr-E01364-000_LiquidationDividendEI" xlink:to="jpfr-asr-E01364-000_LiquidationDividendEI_label_1" xlink:arcrole="http://www.xbrl.org/2003/arcrole/concept-label" order="1" />
    <link:labelArc xlink:type="arc" xlink:from="jpfr-asr-E01364-000_ProceedsFromLiquidatingDividendInvCF" xlink:to="jpfr-asr-E01364-000_ProceedsFromLiquidatingDividendInvCF_label_1" xlink:arcrole="http://www.xbrl.org/2003/arcrole/concept-label" order="1" />
    <link:labelArc xlink:type="arc" xlink:from="jpfr-asr-E01364-000_LiquidatingDividendOpeCF" xlink:to="jpfr-asr-E01364-000_LiquidatingDividendOpeCF_label_1" xlink:arcrole="http://www.xbrl.org/2003/arcrole/concept-label" order="1" />
    <link:labelArc xlink:type="arc" xlink:from="jpfr-asr-E01364-000_ReversalOfProvisionForTheAmountOfHeadOfficeRelocationExpensesEI" xlink:to="jpfr-asr-E01364-000_ReversalOfProvisionForTheAmountOfHeadOfficeRelocationExpensesEI_label_1" xlink:arcrole="http://www.xbrl.org/2003/arcrole/concept-label" order="1" />
    <link:labelArc xlink:type="arc" xlink:from="jpfr-asr-E01364-000_AccumulatedDepreciationAndImpairmentLossRealEstateForRent" xlink:to="jpfr-asr-E01364-000_AccumulatedDepreciationAndImpairmentLossRealEstateForRent_label_2" xlink:arcrole="http://www.xbrl.org/2003/arcrole/concept-label" order="1" />
    <link:labelArc xlink:type="arc" xlink:from="jpfr-asr-E01364-000_ProceedsFromLiquidatingDividendInvCF" xlink:to="jpfr-asr-E01364-000_ProceedsFromLiquidatingDividendInvCF_label_2" xlink:arcrole="http://www.xbrl.org/2003/arcrole/concept-label" order="1" />
    <link:labelArc xlink:type="arc" xlink:from="jpfr-asr-E01364-000_AllowanceForLossesDamages" xlink:to="jpfr-asr-E01364-000_AllowanceForLossesDamages_label_1" xlink:arcrole="http://www.xbrl.org/2003/arcrole/concept-label" order="1" />
    <link:labelArc xlink:type="arc" xlink:from="jpfr-asr-E01364-000_HeadquartersRelocationExpensesAllowance" xlink:to="jpfr-asr-E01364-000_HeadquartersRelocationExpensesAllowance_label_1" xlink:arcrole="http://www.xbrl.org/2003/arcrole/concept-label" order="1" />
    <link:labelArc xlink:type="arc" xlink:from="jpfr-asr-E01364-000_ReversalOfProvisionForTheAmountOfHeadOfficeRelocationExpensesEI" xlink:to="jpfr-asr-E01364-000_ReversalOfProvisionForTheAmountOfHeadOfficeRelocationExpensesEI_label_2" xlink:arcrole="http://www.xbrl.org/2003/arcrole/concept-label" order="1" />
    <link:labelArc xlink:type="arc" xlink:from="jpfr-asr-E01364-000_IncidentalOfAcquisitionOfTreasuryStockOpeCF" xlink:to="jpfr-asr-E01364-000_IncidentalOfAcquisitionOfTreasuryStockOpeCF_label_1" xlink:arcrole="http://www.xbrl.org/2003/arcrole/concept-label" order="1" />
    <link:labelArc xlink:type="arc" xlink:from="jpfr-asr-E01364-000_LiquidatingDividendOpeCF" xlink:to="jpfr-asr-E01364-000_LiquidatingDividendOpeCF_label_2" xlink:arcrole="http://www.xbrl.org/2003/arcrole/concept-label" order="1" />
    <link:labelArc xlink:type="arc" xlink:from="jpfr-asr-E01364-000_AllowanceForLossesDamages" xlink:to="jpfr-asr-E01364-000_AllowanceForLossesDamages_label_2" xlink:arcrole="http://www.xbrl.org/2003/arcrole/concept-label" order="1" />
    <link:labelArc xlink:type="arc" xlink:from="jpfr-asr-E01364-000_HeadquartersRelocationExpensesAllowance" xlink:to="jpfr-asr-E01364-000_HeadquartersRelocationExpensesAllowance_label_2" xlink:arcrole="http://www.xbrl.org/2003/arcrole/concept-label" order="1" />
    <link:labelArc xlink:type="arc" xlink:from="jpfr-asr-E01364-000_IncidentalOfAcquisitionOfTreasuryStockOpeCF" xlink:to="jpfr-asr-E01364-000_IncidentalOfAcquisitionOfTreasuryStockOpeCF_label_2" xlink:arcrole="http://www.xbrl.org/2003/arcrole/concept-label" order="1" />
    <link:labelArc xlink:type="arc" xlink:from="jpfr-asr-E01364-000_HeadquartersRelocationExpensesAllowanceProvisionEL" xlink:to="jpfr-asr-E01364-000_HeadquartersRelocationExpensesAllowanceProvisionEL_label_2" xlink:arcrole="http://www.xbrl.org/2003/arcrole/concept-label" order="1" />
    <link:labelArc xlink:type="arc" xlink:from="jpfr-asr-E01364-000_LiquidationDividendEI" xlink:to="jpfr-asr-E01364-000_LiquidationDividendEI_label_2" xlink:arcrole="http://www.xbrl.org/2003/arcrole/concept-label" order="1" />
  </link:labelLink>
</link:linkbase>