﻿<?xml version="1.0" encoding="utf-8"?>
<!-- Edited with XiRUTE .NET Library 01-04 -->
<link:linkbase xmlns:xlink="http://www.w3.org/1999/xlink" xmlns:xsi="http://www.w3.org/2001/XMLSchema-instance" xmlns:link="http://www.xbrl.org/2003/linkbase">
  <link:roleRef xlink:type="simple" xlink:href="http://info.edinet-fsa.go.jp/jp/fr/gaap/o/rt/2009-03-09/jpfr-rt-2009-03-09.xsd#RoleCNSBalanceSheets" roleURI="http://info.edinet-fsa.go.jp/jp/fr/gaap/cns/role/BalanceSheets" />
  <link:roleRef xlink:type="simple" xlink:href="http://info.edinet-fsa.go.jp/jp/fr/gaap/o/rt/2009-03-09/jpfr-rt-2009-03-09.xsd#RoleCNSStatementsOfCashFlows" roleURI="http://info.edinet-fsa.go.jp/jp/fr/gaap/cns/role/StatementsOfCashFlows" />
  <link:roleRef xlink:type="simple" xlink:href="http://info.edinet-fsa.go.jp/jp/fr/gaap/o/rt/2009-03-09/jpfr-rt-2009-03-09.xsd#RoleCNSStatementsOfIncome" roleURI="http://info.edinet-fsa.go.jp/jp/fr/gaap/cns/role/StatementsOfIncome" />
  <link:definitionLink xlink:type="extended" xlink:role="http://info.edinet-fsa.go.jp/jp/fr/gaap/cns/role/StatementsOfCashFlows">
    <link:loc xlink:type="locator" xlink:href="http://info.edinet-fsa.go.jp/jp/fr/gaap/t/cte/2009-03-09/jpfr-t-cte-2009-03-09.xsd#jpfr-t-cte_NetCashProvidedByUsedInOperatingActivitiesAbstract" xlink:label="jpfr-t-cte_NetCashProvidedByUsedInOperatingActivitiesAbstract" />
    <link:loc xlink:type="locator" xlink:href="jpfr-asr-E01364-000-2009-03-31-01-2009-06-29.xsd#jpfr-asr-E01364-000_CompensationForDamageOpeCF" xlink:label="jpfr-asr-E01364-000_CompensationForDamageOpeCF" />
    <link:loc xlink:type="locator" xlink:href="jpfr-asr-E01364-000-2009-03-31-01-2009-06-29.xsd#jpfr-asr-E01364-000_IncidentalOfAcquisitionOfTreasuryStockOpeCF" xlink:label="jpfr-asr-E01364-000_IncidentalOfAcquisitionOfTreasuryStockOpeCF" />
    <link:loc xlink:type="locator" xlink:href="jpfr-asr-E01364-000-2009-03-31-01-2009-06-29.xsd#jpfr-asr-E01364-000_IncreaseDecreaseInProvisionForLossPenaltyOpeCF" xlink:label="jpfr-asr-E01364-000_IncreaseDecreaseInProvisionForLossPenaltyOpeCF" />
    <link:definitionArc xlink:type="arc" xlink:from="jpfr-t-cte_NetCashProvidedByUsedInOperatingActivitiesAbstract" xlink:to="jpfr-asr-E01364-000_IncidentalOfAcquisitionOfTreasuryStockOpeCF" xlink:arcrole="http://www.xbrl.org/2003/arcrole/general-special" order="0.875" />
    <link:definitionArc xlink:type="arc" xlink:from="jpfr-t-cte_NetCashProvidedByUsedInOperatingActivitiesAbstract" xlink:to="jpfr-asr-E01364-000_CompensationForDamageOpeCF" xlink:arcrole="http://www.xbrl.org/2003/arcrole/general-special" order="0.75" />
    <link:definitionArc xlink:type="arc" xlink:from="jpfr-t-cte_NetCashProvidedByUsedInOperatingActivitiesAbstract" xlink:to="jpfr-asr-E01364-000_IncreaseDecreaseInProvisionForLossPenaltyOpeCF" xlink:arcrole="http://www.xbrl.org/2003/arcrole/general-special" order="0.5" />
  </link:definitionLink>
  <link:definitionLink xlink:type="extended" xlink:role="http://info.edinet-fsa.go.jp/jp/fr/gaap/cns/role/StatementsOfIncome">
    <link:loc xlink:type="locator" xlink:href="http://info.edinet-fsa.go.jp/jp/fr/gaap/t/cte/2009-03-09/jpfr-t-cte-2009-03-09.xsd#jpfr-t-cte_NonOperatingExpensesAbstract" xlink:label="jpfr-t-cte_NonOperatingExpensesAbstract" />
    <link:loc xlink:type="locator" xlink:href="http://info.edinet-fsa.go.jp/jp/fr/gaap/t/cte/2009-03-09/jpfr-t-cte-2009-03-09.xsd#jpfr-t-cte_ExtraordinaryIncomeAbstract" xlink:label="jpfr-t-cte_ExtraordinaryIncomeAbstract" />
    <link:loc xlink:type="locator" xlink:href="jpfr-asr-E01364-000-2009-03-31-01-2009-06-29.xsd#jpfr-asr-E01364-000_IncidentalOfAcquisitionOfTreasuryStockNOE" xlink:label="jpfr-asr-E01364-000_IncidentalOfAcquisitionOfTreasuryStockNOE" />
    <link:loc xlink:type="locator" xlink:href="jpfr-asr-E01364-000-2009-03-31-01-2009-06-29.xsd#jpfr-asr-E01364-000_ReversalOfProvisionForLossPenaltyEI" xlink:label="jpfr-asr-E01364-000_ReversalOfProvisionForLossPenaltyEI" />
    <link:definitionArc xlink:type="arc" xlink:from="jpfr-t-cte_NonOperatingExpensesAbstract" xlink:to="jpfr-asr-E01364-000_IncidentalOfAcquisitionOfTreasuryStockNOE" xlink:arcrole="http://www.xbrl.org/2003/arcrole/general-special" order="0.5" />
    <link:definitionArc xlink:type="arc" xlink:from="jpfr-t-cte_ExtraordinaryIncomeAbstract" xlink:to="jpfr-asr-E01364-000_ReversalOfProvisionForLossPenaltyEI" xlink:arcrole="http://www.xbrl.org/2003/arcrole/general-special" order="0.5" />
  </link:definitionLink>
  <link:definitionLink xlink:type="extended" xlink:role="http://info.edinet-fsa.go.jp/jp/fr/gaap/cns/role/BalanceSheets">
    <link:loc xlink:type="locator" xlink:href="http://info.edinet-fsa.go.jp/jp/fr/gaap/t/cte/2009-03-09/jpfr-t-cte-2009-03-09.xsd#jpfr-t-cte_CurrentLiabilitiesAbstract" xlink:label="jpfr-t-cte_CurrentLiabilitiesAbstract" />
    <link:loc xlink:type="locator" xlink:href="jpfr-asr-E01364-000-2009-03-31-01-2009-06-29.xsd#jpfr-asr-E01364-000_AllowanceForLossesDamages" xlink:label="jpfr-asr-E01364-000_AllowanceForLossesDamages" />
    <link:definitionArc xlink:type="arc" xlink:from="jpfr-t-cte_CurrentLiabilitiesAbstract" xlink:to="jpfr-asr-E01364-000_AllowanceForLossesDamages" xlink:arcrole="http://www.xbrl.org/2003/arcrole/general-special" order="0.5" />
  </link:definitionLink>
</link:linkbase>