﻿<?xml version="1.0" encoding="utf-8"?>
<!-- Edited with XiRUTE .NET Library 01-04 -->
<link:linkbase xmlns:xlink="http://www.w3.org/1999/xlink" xmlns:xsi="http://www.w3.org/2001/XMLSchema-instance" xmlns:link="http://www.xbrl.org/2003/linkbase">
  <link:labelLink xlink:type="extended" xlink:role="http://www.xbrl.org/2003/role/link">
    <link:label xml:lang="en" xlink:type="resource" xlink:label="jpfr-asr-E01364-000_CompensationForDamageOpeCF_label_2" xlink:role="http://www.xbrl.org/2003/role/label">Compensation for damage</link:label>
    <link:label xml:lang="en" xlink:type="resource" xlink:label="jpfr-asr-E01364-000_CompensationForDamageOpeCF_label" xlink:role="http://www.xbrl.org/2003/role/verboseLabel">Compensation for damage-OpeCF</link:label>
    <link:label xml:lang="en" xlink:type="resource" xlink:label="jpfr-asr-E01364-000_CompensationForDamageOpeCF_label_1" xlink:role="http://www.xbrl.org/2003/role/documentation">Compensation for damage-OpeCF</link:label>
    <link:label xml:lang="en" xlink:type="resource" xlink:label="jpfr-asr-E01364-000_IncidentalOfAcquisitionOfTreasuryStockNOE_label_1" xlink:role="http://www.xbrl.org/2003/role/label">Incidental of acquisition of treasury stock</link:label>
    <link:label xml:lang="en" xlink:type="resource" xlink:label="jpfr-asr-E01364-000_IncidentalOfAcquisitionOfTreasuryStockNOE_label_2" xlink:role="http://www.xbrl.org/2003/role/verboseLabel">Incidental of acquisition of treasury stock-NOE</link:label>
    <link:label xml:lang="en" xlink:type="resource" xlink:label="jpfr-asr-E01364-000_IncidentalOfAcquisitionOfTreasuryStockNOE_label" xlink:role="http://www.xbrl.org/2003/role/documentation">Incidental of acquisition of treasury stock-NOE</link:label>
    <link:label xml:lang="en" xlink:type="resource" xlink:label="jpfr-asr-E01364-000_IncidentalOfAcquisitionOfTreasuryStockOpeCF_label_1" xlink:role="http://www.xbrl.org/2003/role/label">Incidental of acquisition of treasury stock</link:label>
    <link:label xml:lang="en" xlink:type="resource" xlink:label="jpfr-asr-E01364-000_IncidentalOfAcquisitionOfTreasuryStockOpeCF_label_2" xlink:role="http://www.xbrl.org/2003/role/verboseLabel">Incidental of acquisition of treasury stock-OpeCF</link:label>
    <link:label xml:lang="en" xlink:type="resource" xlink:label="jpfr-asr-E01364-000_IncidentalOfAcquisitionOfTreasuryStockOpeCF_label" xlink:role="http://www.xbrl.org/2003/role/documentation">Incidental of acquisition of treasury stock-OpeCF</link:label>
    <link:label xml:lang="en" xlink:type="resource" xlink:label="jpfr-asr-E01364-000_IncreaseDecreaseInProvisionForLossPenaltyOpeCF_label_1" xlink:role="http://www.xbrl.org/2003/role/label">Increase(decrease)in provision for loss penalty</link:label>
    <link:label xml:lang="en" xlink:type="resource" xlink:label="jpfr-asr-E01364-000_IncreaseDecreaseInProvisionForLossPenaltyOpeCF_label" xlink:role="http://www.xbrl.org/2003/role/verboseLabel">Increase(decrease)in provision for loss penalty-OpeCF</link:label>
    <link:label xml:lang="en" xlink:type="resource" xlink:label="jpfr-asr-E01364-000_IncreaseDecreaseInProvisionForLossPenaltyOpeCF_label_2" xlink:role="http://www.xbrl.org/2003/role/documentation">Increase(decrease)in provision for loss penalty-OpeCF</link:label>
    <link:label xml:lang="en" xlink:type="resource" xlink:label="jpfr-asr-E01364-000_ReversalOfProvisionForLossPenaltyEI_label" xlink:role="http://www.xbrl.org/2003/role/label">Reversal of provision for loss penalty</link:label>
    <link:label xml:lang="en" xlink:type="resource" xlink:label="jpfr-asr-E01364-000_ReversalOfProvisionForLossPenaltyEI_label_1" xlink:role="http://www.xbrl.org/2003/role/verboseLabel">Reversal of provision for loss penalty-EI</link:label>
    <link:label xml:lang="en" xlink:type="resource" xlink:label="jpfr-asr-E01364-000_ReversalOfProvisionForLossPenaltyEI_label_2" xlink:role="http://www.xbrl.org/2003/role/documentation">Reversal of provision for loss penalty-EI</link:label>
    <link:label xml:lang="en" xlink:type="resource" xlink:label="jpfr-asr-E01364-000_AllowanceForLossesDamages_label_1" xlink:role="http://www.xbrl.org/2003/role/label">Allowance for losses damages</link:label>
    <link:label xml:lang="en" xlink:type="resource" xlink:label="jpfr-asr-E01364-000_AllowanceForLossesDamages_label_2" xlink:role="http://www.xbrl.org/2003/role/verboseLabel">Allowance for losses damages</link:label>
    <link:label xml:lang="en" xlink:type="resource" xlink:label="jpfr-asr-E01364-000_AllowanceForLossesDamages_label" xlink:role="http://www.xbrl.org/2003/role/documentation">Allowance for losses damages</link:label>
    <link:loc xlink:type="locator" xlink:href="jpfr-asr-E01364-000-2009-03-31-01-2009-06-29.xsd#jpfr-asr-E01364-000_AllowanceForLossesDamages" xlink:label="jpfr-asr-E01364-000_AllowanceForLossesDamages" />
    <link:loc xlink:type="locator" xlink:href="jpfr-asr-E01364-000-2009-03-31-01-2009-06-29.xsd#jpfr-asr-E01364-000_CompensationForDamageOpeCF" xlink:label="jpfr-asr-E01364-000_CompensationForDamageOpeCF" />
    <link:loc xlink:type="locator" xlink:href="jpfr-asr-E01364-000-2009-03-31-01-2009-06-29.xsd#jpfr-asr-E01364-000_IncidentalOfAcquisitionOfTreasuryStockNOE" xlink:label="jpfr-asr-E01364-000_IncidentalOfAcquisitionOfTreasuryStockNOE" />
    <link:loc xlink:type="locator" xlink:href="jpfr-asr-E01364-000-2009-03-31-01-2009-06-29.xsd#jpfr-asr-E01364-000_IncidentalOfAcquisitionOfTreasuryStockOpeCF" xlink:label="jpfr-asr-E01364-000_IncidentalOfAcquisitionOfTreasuryStockOpeCF" />
    <link:loc xlink:type="locator" xlink:href="jpfr-asr-E01364-000-2009-03-31-01-2009-06-29.xsd#jpfr-asr-E01364-000_IncreaseDecreaseInProvisionForLossPenaltyOpeCF" xlink:label="jpfr-asr-E01364-000_IncreaseDecreaseInProvisionForLossPenaltyOpeCF" />
    <link:loc xlink:type="locator" xlink:href="jpfr-asr-E01364-000-2009-03-31-01-2009-06-29.xsd#jpfr-asr-E01364-000_ReversalOfProvisionForLossPenaltyEI" xlink:label="jpfr-asr-E01364-000_ReversalOfProvisionForLossPenaltyEI" />
    <link:labelArc xlink:type="arc" xlink:from="jpfr-asr-E01364-000_IncreaseDecreaseInProvisionForLossPenaltyOpeCF" xlink:to="jpfr-asr-E01364-000_IncreaseDecreaseInProvisionForLossPenaltyOpeCF_label" xlink:arcrole="http://www.xbrl.org/2003/arcrole/concept-label" order="1" />
    <link:labelArc xlink:type="arc" xlink:from="jpfr-asr-E01364-000_ReversalOfProvisionForLossPenaltyEI" xlink:to="jpfr-asr-E01364-000_ReversalOfProvisionForLossPenaltyEI_label" xlink:arcrole="http://www.xbrl.org/2003/arcrole/concept-label" order="1" />
    <link:labelArc xlink:type="arc" xlink:from="jpfr-asr-E01364-000_CompensationForDamageOpeCF" xlink:to="jpfr-asr-E01364-000_CompensationForDamageOpeCF_label" xlink:arcrole="http://www.xbrl.org/2003/arcrole/concept-label" order="1" />
    <link:labelArc xlink:type="arc" xlink:from="jpfr-asr-E01364-000_IncidentalOfAcquisitionOfTreasuryStockNOE" xlink:to="jpfr-asr-E01364-000_IncidentalOfAcquisitionOfTreasuryStockNOE_label" xlink:arcrole="http://www.xbrl.org/2003/arcrole/concept-label" order="1" />
    <link:labelArc xlink:type="arc" xlink:from="jpfr-asr-E01364-000_IncidentalOfAcquisitionOfTreasuryStockOpeCF" xlink:to="jpfr-asr-E01364-000_IncidentalOfAcquisitionOfTreasuryStockOpeCF_label" xlink:arcrole="http://www.xbrl.org/2003/arcrole/concept-label" order="1" />
    <link:labelArc xlink:type="arc" xlink:from="jpfr-asr-E01364-000_IncreaseDecreaseInProvisionForLossPenaltyOpeCF" xlink:to="jpfr-asr-E01364-000_IncreaseDecreaseInProvisionForLossPenaltyOpeCF_label_1" xlink:arcrole="http://www.xbrl.org/2003/arcrole/concept-label" order="1" />
    <link:labelArc xlink:type="arc" xlink:from="jpfr-asr-E01364-000_ReversalOfProvisionForLossPenaltyEI" xlink:to="jpfr-asr-E01364-000_ReversalOfProvisionForLossPenaltyEI_label_1" xlink:arcrole="http://www.xbrl.org/2003/arcrole/concept-label" order="1" />
    <link:labelArc xlink:type="arc" xlink:from="jpfr-asr-E01364-000_AllowanceForLossesDamages" xlink:to="jpfr-asr-E01364-000_AllowanceForLossesDamages_label" xlink:arcrole="http://www.xbrl.org/2003/arcrole/concept-label" order="1" />
    <link:labelArc xlink:type="arc" xlink:from="jpfr-asr-E01364-000_AllowanceForLossesDamages" xlink:to="jpfr-asr-E01364-000_AllowanceForLossesDamages_label_1" xlink:arcrole="http://www.xbrl.org/2003/arcrole/concept-label" order="1" />
    <link:labelArc xlink:type="arc" xlink:from="jpfr-asr-E01364-000_AllowanceForLossesDamages" xlink:to="jpfr-asr-E01364-000_AllowanceForLossesDamages_label_2" xlink:arcrole="http://www.xbrl.org/2003/arcrole/concept-label" order="1" />
    <link:labelArc xlink:type="arc" xlink:from="jpfr-asr-E01364-000_IncidentalOfAcquisitionOfTreasuryStockNOE" xlink:to="jpfr-asr-E01364-000_IncidentalOfAcquisitionOfTreasuryStockNOE_label_1" xlink:arcrole="http://www.xbrl.org/2003/arcrole/concept-label" order="1" />
    <link:labelArc xlink:type="arc" xlink:from="jpfr-asr-E01364-000_IncidentalOfAcquisitionOfTreasuryStockOpeCF" xlink:to="jpfr-asr-E01364-000_IncidentalOfAcquisitionOfTreasuryStockOpeCF_label_1" xlink:arcrole="http://www.xbrl.org/2003/arcrole/concept-label" order="1" />
    <link:labelArc xlink:type="arc" xlink:from="jpfr-asr-E01364-000_IncreaseDecreaseInProvisionForLossPenaltyOpeCF" xlink:to="jpfr-asr-E01364-000_IncreaseDecreaseInProvisionForLossPenaltyOpeCF_label_2" xlink:arcrole="http://www.xbrl.org/2003/arcrole/concept-label" order="1" />
    <link:labelArc xlink:type="arc" xlink:from="jpfr-asr-E01364-000_ReversalOfProvisionForLossPenaltyEI" xlink:to="jpfr-asr-E01364-000_ReversalOfProvisionForLossPenaltyEI_label_2" xlink:arcrole="http://www.xbrl.org/2003/arcrole/concept-label" order="1" />
    <link:labelArc xlink:type="arc" xlink:from="jpfr-asr-E01364-000_CompensationForDamageOpeCF" xlink:to="jpfr-asr-E01364-000_CompensationForDamageOpeCF_label_1" xlink:arcrole="http://www.xbrl.org/2003/arcrole/concept-label" order="1" />
    <link:labelArc xlink:type="arc" xlink:from="jpfr-asr-E01364-000_CompensationForDamageOpeCF" xlink:to="jpfr-asr-E01364-000_CompensationForDamageOpeCF_label_2" xlink:arcrole="http://www.xbrl.org/2003/arcrole/concept-label" order="1" />
    <link:labelArc xlink:type="arc" xlink:from="jpfr-asr-E01364-000_IncidentalOfAcquisitionOfTreasuryStockNOE" xlink:to="jpfr-asr-E01364-000_IncidentalOfAcquisitionOfTreasuryStockNOE_label_2" xlink:arcrole="http://www.xbrl.org/2003/arcrole/concept-label" order="1" />
    <link:labelArc xlink:type="arc" xlink:from="jpfr-asr-E01364-000_IncidentalOfAcquisitionOfTreasuryStockOpeCF" xlink:to="jpfr-asr-E01364-000_IncidentalOfAcquisitionOfTreasuryStockOpeCF_label_2" xlink:arcrole="http://www.xbrl.org/2003/arcrole/concept-label" order="1" />
  </link:labelLink>
</link:linkbase>